naive-00, 0, naive-00, 100000, 0, 64, 0
naive-00, 0, naive-00, 1300000, 0, 64, 0
naive-00, 0, naive-00, 1300000, 0, 64, 0
naive-00, 0, naive-00, 1400000, 0, 64, 0
naive-00, 0, naive-00, 1500000, 0, 64, 0
naive-00, 0, naive-00, 200000, 0, 64, 0
naive-00, 0, naive-00, 2000000, 0, 64, 0
naive-00, 0, naive-00, 2200000, 0, 64, 0
naive-00, 0, naive-00, 2700000, 0, 64, 0
naive-00, 0, naive-00, 2800000, 0, 64, 0
naive-00, 0, naive-00, 500000, 0, 64, 0
naive-00, 0, naive-00, 700000, 0, 64, 0
naive-00, 0, naive-00, 700000, 0, 64, 0
naive-00, 0, undirected-00, 1000000, 0, 64, 0
naive-00, 0, undirected-00, 1400000, 0, 64, 0
naive-00, 0, undirected-00, 1500000, 0, 64, 0
naive-00, 0, undirected-00, 1600000, 0, 64, 0
naive-00, 0, undirected-00, 1700000, 0, 64, 0
naive-00, 0, undirected-00, 200000, 0, 64, 0
naive-00, 0, undirected-00, 2000000, 0, 64, 0
naive-00, 0, undirected-00, 2200000, 0, 64, 0
naive-00, 0, undirected-00, 2500000, 0, 64, 0
naive-00, 0, undirected-00, 2600000, 0, 64, 0
naive-00, 0, undirected-00, 2700000, 0, 64, 0
naive-00, 0, undirected-00, 2700000, 0, 64, 0
naive-00, 0, undirected-00, 500000, 0, 64, 0
naive-00, 0, undirected-00, 500000, 0, 64, 0
naive-00, 0, undirected-00, 700000, 0, 64, 0
naive-00, 0, undirected-00, 800000, 0, 64, 0
naive-00, 0, undirected-00, 900000, 0, 64, 0
naive-00, 0, undirected-00, 900000, 0, 64, 0
naive-00, 100000, naive-00, 0, 64, 0, 0
naive-00, 100000, naive-00, 1000000, 2, 60, 2
naive-00, 100000, naive-00, 1200000, 1, 63, 0
naive-00, 100000, naive-00, 1400000, 2, 61, 1
naive-00, 100000, naive-00, 1400000, 3, 61, 0
naive-00, 100000, naive-00, 1600000, 2, 62, 0
naive-00, 100000, naive-00, 2000000, 2, 61, 1
naive-00, 100000, naive-00, 2700000, 0, 64, 0
naive-00, 100000, undirected-00, 100000, 25, 38, 1
naive-00, 100000, undirected-00, 100000, 26, 37, 1
naive-00, 100000, undirected-00, 1400000, 1, 63, 0
naive-00, 100000, undirected-00, 1500000, 3, 61, 0
naive-00, 100000, undirected-00, 1800000, 13, 51, 0
naive-00, 100000, undirected-00, 1800000, 7, 56, 1
naive-00, 100000, undirected-00, 1900000, 0, 64, 0
naive-00, 100000, undirected-00, 2400000, 0, 64, 0
naive-00, 100000, undirected-00, 2600000, 0, 64, 0
naive-00, 100000, undirected-00, 2600000, 1, 63, 0
naive-00, 100000, undirected-00, 2800000, 0, 64, 0
naive-00, 100000, undirected-00, 300000, 3, 61, 0
naive-00, 100000, undirected-00, 300000, 4, 59, 1
naive-00, 100000, undirected-00, 900000, 3, 60, 1
naive-00, 100000, undirected-00, 900000, 3, 61, 0
naive-00, 1000000, naive-00, 100000, 63, 1, 0
naive-00, 1000000, naive-00, 1300000, 36, 19, 9
naive-00, 1000000, naive-00, 1400000, 45, 17, 2
naive-00, 1000000, naive-00, 200000, 61, 3, 0
naive-00, 1000000, naive-00, 2700000, 19, 39, 6
naive-00, 1000000, naive-00, 2800000, 22, 35, 7
naive-00, 1000000, naive-00, 2900000, 22, 37, 5
naive-00, 1000000, naive-00, 500000, 54, 6, 4
naive-00, 1000000, undirected-00, 0, 64, 0, 0
naive-00, 1000000, undirected-00, 1400000, 25, 36, 3
naive-00, 1000000, undirected-00, 1400000, 25, 36, 3
naive-00, 1000000, undirected-00, 1500000, 21, 42, 1
naive-00, 1000000, undirected-00, 1800000, 26, 32, 6
naive-00, 1000000, undirected-00, 200000, 62, 2, 0
naive-00, 1000000, undirected-00, 2300000, 9, 46, 9
naive-00, 1000000, undirected-00, 2600000, 14, 45, 5
naive-00, 1000000, undirected-00, 2700000, 15, 43, 6
naive-00, 1000000, undirected-00, 2700000, 17, 36, 11
naive-00, 1000000, undirected-00, 2700000, 17, 44, 3
naive-00, 1000000, undirected-00, 300000, 48, 9, 7
naive-00, 1000000, undirected-00, 300000, 58, 5, 1
naive-00, 1000000, undirected-00, 400000, 49, 12, 3
naive-00, 1000000, undirected-00, 600000, 40, 21, 3
naive-00, 1000000, undirected-00, 700000, 39, 19, 6
naive-00, 1000000, undirected-00, 700000, 41, 18, 5
naive-00, 1000000, undirected-00, 900000, 37, 23, 4
naive-00, 1000000, undirected-00, 900000, 38, 19, 7
naive-00, 1100000, naive-00, 1400000, 30, 31, 3
naive-00, 1100000, naive-00, 1700000, 19, 38, 7
naive-00, 1100000, naive-00, 1900000, 24, 35, 5
naive-00, 1100000, naive-00, 200000, 63, 0, 1
naive-00, 1100000, naive-00, 2100000, 21, 38, 5
naive-00, 1100000, naive-00, 2300000, 27, 31, 6
naive-00, 1100000, naive-00, 2300000, 28, 31, 5
naive-00, 1100000, naive-00, 2400000, 25, 37, 2
naive-00, 1100000, naive-00, 2700000, 11, 48, 5
naive-00, 1100000, naive-00, 400000, 56, 6, 2
naive-00, 1100000, naive-00, 600000, 47, 14, 3
naive-00, 1100000, undirected-00, 1200000, 24, 37, 3
naive-00, 1100000, undirected-00, 1300000, 25, 35, 4
naive-00, 1100000, undirected-00, 1500000, 17, 43, 4
naive-00, 1100000, undirected-00, 1500000, 20, 40, 4
naive-00, 1100000, undirected-00, 2100000, 13, 43, 8
naive-00, 1100000, undirected-00, 2200000, 12, 45, 7
naive-00, 1100000, undirected-00, 2600000, 13, 47, 4
naive-00, 1100000, undirected-00, 2600000, 9, 52, 3
naive-00, 1100000, undirected-00, 2800000, 12, 45, 7
naive-00, 1100000, undirected-00, 300000, 45, 15, 4
naive-00, 1100000, undirected-00, 700000, 29, 27, 8
naive-00, 1100000, undirected-00, 800000, 24, 30, 10
naive-00, 1100000, undirected-00, 800000, 24, 37, 3
naive-00, 1200000, naive-00, 100000, 64, 0, 0
naive-00, 1200000, naive-00, 1300000, 40, 21, 3
naive-00, 1200000, naive-00, 1400000, 36, 23, 5
naive-00, 1200000, naive-00, 1500000, 40, 19, 5
naive-00, 1200000, naive-00, 1500000, 40, 21, 3
naive-00, 1200000, naive-00, 1700000, 35, 20, 9
naive-00, 1200000, naive-00, 1900000, 30, 25, 9
naive-00, 1200000, naive-00, 200000, 61, 3, 0
naive-00, 1200000, naive-00, 2100000, 31, 30, 3
naive-00, 1200000, naive-00, 2200000, 24, 37, 3
naive-00, 1200000, naive-00, 2400000, 27, 27, 10
naive-00, 1200000, naive-00, 2500000, 34, 28, 2
naive-00, 1200000, naive-00, 2800000, 24, 36, 4
naive-00, 1200000, naive-00, 500000, 56, 7, 1
naive-00, 1200000, naive-00, 800000, 46, 14, 4
naive-00, 1200000, naive-00, 900000, 53, 9, 2
naive-00, 1200000, undirected-00, 100000, 61, 2, 1
naive-00, 1200000, undirected-00, 1000000, 32, 22, 10
naive-00, 1200000, undirected-00, 2000000, 14, 46, 4
naive-00, 1200000, undirected-00, 2000000, 23, 37, 4
naive-00, 1200000, undirected-00, 2100000, 21, 39, 4
naive-00, 1200000, undirected-00, 2100000, 28, 33, 3
naive-00, 1200000, undirected-00, 2400000, 21, 40, 3
naive-00, 1200000, undirected-00, 2500000, 16, 41, 7
naive-00, 1200000, undirected-00, 2700000, 16, 43, 5
naive-00, 1200000, undirected-00, 400000, 46, 14, 4
naive-00, 1200000, undirected-00, 500000, 40, 16, 8
naive-00, 1300000, naive-00, 0, 64, 0, 0
naive-00, 1300000, naive-00, 0, 64, 0, 0
naive-00, 1300000, naive-00, 1000000, 38, 23, 3
naive-00, 1300000, naive-00, 1200000, 33, 24, 7
naive-00, 1300000, naive-00, 1400000, 36, 23, 5
naive-00, 1300000, naive-00, 1800000, 36, 20, 8
naive-00, 1300000, naive-00, 200000, 64, 0, 0
naive-00, 1300000, naive-00, 2100000, 23, 37, 4
naive-00, 1300000, naive-00, 2200000, 26, 33, 5
naive-00, 1300000, naive-00, 2400000, 30, 27, 7
naive-00, 1300000, naive-00, 2500000, 26, 32, 6
naive-00, 1300000, naive-00, 2500000, 32, 25, 7
naive-00, 1300000, naive-00, 2800000, 26, 32, 6
naive-00, 1300000, naive-00, 300000, 54, 6, 4
naive-00, 1300000, naive-00, 300000, 59, 3, 2
naive-00, 1300000, naive-00, 300000, 61, 1, 2
naive-00, 1300000, naive-00, 400000, 52, 7, 5
naive-00, 1300000, naive-00, 500000, 57, 3, 4
naive-00, 1300000, naive-00, 500000, 60, 2, 2
naive-00, 1300000, undirected-00, 0, 64, 0, 0
naive-00, 1300000, undirected-00, 1000000, 30, 28, 6
naive-00, 1300000, undirected-00, 1000000, 33, 25, 6
naive-00, 1300000, undirected-00, 1100000, 31, 28, 5
naive-00, 1300000, undirected-00, 1200000, 28, 32, 4
naive-00, 1300000, undirected-00, 1300000, 27, 33, 4
naive-00, 1300000, undirected-00, 1400000, 14, 40, 10
naive-00, 1300000, undirected-00, 1400000, 27, 32, 5
naive-00, 1300000, undirected-00, 1500000, 24, 36, 4
naive-00, 1300000, undirected-00, 1700000, 19, 40, 5
naive-00, 1300000, undirected-00, 1900000, 19, 40, 5
naive-00, 1300000, undirected-00, 1900000, 23, 34, 7
naive-00, 1300000, undirected-00, 2300000, 17, 39, 8
naive-00, 1300000, undirected-00, 800000, 31, 29, 4
naive-00, 1300000, undirected-00, 800000, 33, 25, 6
naive-00, 1400000, naive-00, 0, 64, 0, 0
naive-00, 1400000, naive-00, 100000, 63, 0, 1
naive-00, 1400000, naive-00, 100000, 63, 1, 0
naive-00, 1400000, naive-00, 1000000, 32, 24, 8
naive-00, 1400000, naive-00, 1100000, 32, 29, 3
naive-00, 1400000, naive-00, 1200000, 31, 31, 2
naive-00, 1400000, naive-00, 1300000, 31, 29, 4
naive-00, 1400000, naive-00, 1600000, 24, 29, 11
naive-00, 1400000, naive-00, 1700000, 24, 33, 7
naive-00, 1400000, naive-00, 1700000, 27, 29, 8
naive-00, 1400000, naive-00, 200000, 63, 1, 0
naive-00, 1400000, naive-00, 2300000, 26, 31, 7
naive-00, 1400000, naive-00, 2400000, 17, 42, 5
naive-00, 1400000, naive-00, 2400000, 17, 42, 5
naive-00, 1400000, naive-00, 2600000, 27, 34, 3
naive-00, 1400000, naive-00, 300000, 61, 2, 1
naive-00, 1400000, naive-00, 500000, 54, 5, 5
naive-00, 1400000, naive-00, 700000, 41, 15, 8
naive-00, 1400000, naive-00, 700000, 45, 17, 2
naive-00, 1400000, naive-00, 700000, 53, 9, 2
naive-00, 1400000, naive-00, 900000, 42, 21, 1
naive-00, 1400000, undirected-00, 0, 64, 0, 0
naive-00, 1400000, undirected-00, 1100000, 30, 27, 7
naive-00, 1400000, undirected-00, 1100000, 31, 27, 6
naive-00, 1400000, undirected-00, 1200000, 21, 36, 7
naive-00, 1400000, undirected-00, 1200000, 26, 35, 3
naive-00, 1400000, undirected-00, 1200000, 27, 31, 6
naive-00, 1400000, undirected-00, 1500000, 26, 36, 2
naive-00, 1400000, undirected-00, 1800000, 25, 33, 6
naive-00, 1400000, undirected-00, 1800000, 26, 33, 5
naive-00, 1400000, undirected-00, 1800000, 27, 33, 4
naive-00, 1400000, undirected-00, 1800000, 29, 33, 2
naive-00, 1400000, undirected-00, 200000, 54, 7, 3
naive-00, 1400000, undirected-00, 2000000, 22, 35, 7
naive-00, 1400000, undirected-00, 2200000, 16, 42, 6
naive-00, 1400000, undirected-00, 2300000, 22, 38, 4
naive-00, 1400000, undirected-00, 2400000, 16, 44, 4
naive-00, 1400000, undirected-00, 2600000, 13, 43, 8
naive-00, 1400000, undirected-00, 2700000, 10, 48, 6
naive-00, 1400000, undirected-00, 2700000, 12, 48, 4
naive-00, 1400000, undirected-00, 300000, 55, 8, 1
naive-00, 1400000, undirected-00, 600000, 38, 23, 3
naive-00, 1400000, undirected-00, 700000, 42, 17, 5
naive-00, 1400000, undirected-00, 700000, 42, 18, 4
naive-00, 1400000, undirected-00, 800000, 39, 21, 4
naive-00, 1500000, naive-00, 0, 64, 0, 0
naive-00, 1500000, naive-00, 1200000, 31, 31, 2
naive-00, 1500000, naive-00, 1200000, 34, 23, 7
naive-00, 1500000, naive-00, 1700000, 23, 33, 8
naive-00, 1500000, naive-00, 2200000, 20, 36, 8
naive-00, 1500000, naive-00, 2300000, 29, 29, 6
naive-00, 1500000, naive-00, 2600000, 19, 41, 4
naive-00, 1500000, naive-00, 2900000, 24, 36, 4
naive-00, 1500000, naive-00, 300000, 61, 3, 0
naive-00, 1500000, undirected-00, 0, 64, 0, 0
naive-00, 1500000, undirected-00, 1200000, 24, 38, 2
naive-00, 1500000, undirected-00, 1800000, 25, 37, 2
naive-00, 1500000, undirected-00, 1900000, 22, 38, 4
naive-00, 1500000, undirected-00, 200000, 56, 4, 4
naive-00, 1500000, undirected-00, 2000000, 13, 41, 10
naive-00, 1500000, undirected-00, 2500000, 13, 44, 7
naive-00, 1500000, undirected-00, 2600000, 19, 41, 4
naive-00, 1500000, undirected-00, 400000, 52, 9, 3
naive-00, 1500000, undirected-00, 500000, 45, 13, 6
naive-00, 1500000, undirected-00, 700000, 34, 20, 10
naive-00, 1500000, undirected-00, 800000, 32, 25, 7
naive-00, 1500000, undirected-00, 900000, 34, 20, 10
naive-00, 1500000, undirected-00, 900000, 34, 24, 6
naive-00, 1600000, naive-00, 100000, 64, 0, 0
naive-00, 1600000, naive-00, 1400000, 49, 14, 1
naive-00, 1600000, naive-00, 200000, 64, 0, 0
naive-00, 1600000, naive-00, 2200000, 32, 27, 5
naive-00, 1600000, naive-00, 2500000, 22, 38, 4
naive-00, 1600000, naive-00, 2500000, 35, 26, 3
naive-00, 1600000, naive-00, 300000, 61, 1, 2
naive-00, 1600000, naive-00, 400000, 57, 4, 3
naive-00, 1600000, naive-00, 600000, 59, 4, 1
naive-00, 1600000, naive-00, 800000, 47, 14, 3
naive-00, 1600000, naive-00, 900000, 50, 10, 4
naive-00, 1600000, undirected-00, 1900000, 32, 29, 3
naive-00, 1600000, undirected-00, 200000, 58, 3, 3
naive-00, 1600000, undirected-00, 200000, 60, 4, 0
naive-00, 1600000, undirected-00, 200000, 62, 2, 0
naive-00, 1600000, undirected-00, 2500000, 27, 33, 4
naive-00, 1600000, undirected-00, 2800000, 15, 43, 6
naive-00, 1600000, undirected-00, 300000, 58, 3, 3
naive-00, 1600000, undirected-00, 400000, 48, 15, 1
naive-00, 1600000, undirected-00, 600000, 46, 18, 0
naive-00, 1700000, naive-00, 1100000, 44, 16, 4
naive-00, 1700000, naive-00, 1200000, 48, 13, 3
naive-00, 1700000, naive-00, 1400000, 43, 17, 4
naive-00, 1700000, naive-00, 1400000, 45, 14, 5
naive-00, 1700000, naive-00, 1500000, 40, 19, 5
naive-00, 1700000, naive-00, 1800000, 38, 21, 5
naive-00, 1700000, naive-00, 1800000, 44, 14, 6
naive-00, 1700000, naive-00, 2000000, 39, 20, 5
naive-00, 1700000, naive-00, 2200000, 32, 23, 9
naive-00, 1700000, naive-00, 2400000, 32, 27, 5
naive-00, 1700000, naive-00, 2600000, 28, 29, 7
naive-00, 1700000, naive-00, 2600000, 33, 27, 4
naive-00, 1700000, naive-00, 300000, 60, 3, 1
naive-00, 1700000, naive-00, 800000, 53, 10, 1
naive-00, 1700000, naive-00, 900000, 52, 10, 2
naive-00, 1700000, undirected-00, 0, 64, 0, 0
naive-00, 1700000, undirected-00, 100000, 63, 0, 1
naive-00, 1700000, undirected-00, 100000, 63, 1, 0
naive-00, 1700000, undirected-00, 1000000, 35, 19, 10
naive-00, 1700000, undirected-00, 1000000, 36, 23, 5
naive-00, 1700000, undirected-00, 1100000, 34, 24, 6
naive-00, 1700000, undirected-00, 1100000, 35, 24, 5
naive-00, 1700000, undirected-00, 1400000, 37, 25, 2
naive-00, 1700000, undirected-00, 1500000, 30, 29, 5
naive-00, 1700000, undirected-00, 1700000, 39, 22, 3
naive-00, 1700000, undirected-00, 200000, 61, 0, 3
naive-00, 1700000, undirected-00, 2000000, 28, 28, 8
naive-00, 1700000, undirected-00, 2300000, 28, 29, 7
naive-00, 1700000, undirected-00, 2500000, 26, 31, 7
naive-00, 1800000, naive-00, 1300000, 51, 7, 6
naive-00, 1800000, naive-00, 1700000, 36, 19, 9
naive-00, 1800000, naive-00, 1700000, 37, 22, 5
naive-00, 1800000, naive-00, 2200000, 27, 30, 7
naive-00, 1800000, naive-00, 2200000, 33, 25, 6
naive-00, 1800000, naive-00, 2300000, 35, 27, 2
naive-00, 1800000, naive-00, 2600000, 28, 31, 5
naive-00, 1800000, naive-00, 2900000, 29, 26, 9
naive-00, 1800000, naive-00, 500000, 59, 4, 1
naive-00, 1800000, naive-00, 500000, 60, 3, 1
naive-00, 1800000, naive-00, 600000, 62, 0, 2
naive-00, 1800000, undirected-00, 100000, 63, 1, 0
naive-00, 1800000, undirected-00, 1000000, 37, 21, 6
naive-00, 1800000, undirected-00, 1400000, 32, 25, 7
naive-00, 1800000, undirected-00, 1400000, 33, 25, 6
naive-00, 1800000, undirected-00, 1500000, 32, 25, 7
naive-00, 1800000, undirected-00, 1700000, 35, 23, 6
naive-00, 1800000, undirected-00, 1900000, 22, 31, 11
naive-00, 1800000, undirected-00, 1900000, 32, 29, 3
naive-00, 1800000, undirected-00, 200000, 63, 1, 0
naive-00, 1800000, undirected-00, 2500000, 24, 34, 6
naive-00, 1800000, undirected-00, 2500000, 27, 31, 6
naive-00, 1800000, undirected-00, 300000, 58, 5, 1
naive-00, 1800000, undirected-00, 300000, 61, 2, 1
naive-00, 1800000, undirected-00, 700000, 45, 13, 6
naive-00, 1800000, undirected-00, 700000, 50, 7, 7
naive-00, 1900000, naive-00, 1100000, 52, 9, 3
naive-00, 1900000, naive-00, 1200000, 46, 12, 6
naive-00, 1900000, naive-00, 200000, 64, 0, 0
naive-00, 1900000, naive-00, 2300000, 34, 24, 6
naive-00, 1900000, naive-00, 300000, 64, 0, 0
naive-00, 1900000, naive-00, 300000, 64, 0, 0
naive-00, 1900000, naive-00, 400000, 62, 1, 1
naive-00, 1900000, naive-00, 700000, 54, 7, 3
naive-00, 1900000, undirected-00, 100000, 63, 0, 1
naive-00, 1900000, undirected-00, 1000000, 40, 21, 3
naive-00, 1900000, undirected-00, 1500000, 36, 21, 7
naive-00, 1900000, undirected-00, 1700000, 34, 23, 7
naive-00, 1900000, undirected-00, 2700000, 27, 31, 6
naive-00, 1900000, undirected-00, 400000, 57, 5, 2
naive-00, 1900000, undirected-00, 500000, 51, 13, 0
naive-00, 1900000, undirected-00, 900000, 38, 16, 10
naive-00, 200000, naive-00, 0, 64, 0, 0
naive-00, 200000, naive-00, 1000000, 3, 61, 0
naive-00, 200000, naive-00, 1100000, 7, 56, 1
naive-00, 200000, naive-00, 1200000, 2, 62, 0
naive-00, 200000, naive-00, 1300000, 6, 55, 3
naive-00, 200000, naive-00, 1400000, 1, 63, 0
naive-00, 200000, naive-00, 1600000, 2, 62, 0
naive-00, 200000, naive-00, 1900000, 1, 62, 1
naive-00, 200000, naive-00, 2000000, 3, 60, 1
naive-00, 200000, naive-00, 2100000, 2, 61, 1
naive-00, 200000, naive-00, 2500000, 2, 62, 0
naive-00, 200000, naive-00, 800000, 4, 58, 2
naive-00, 200000, undirected-00, 0, 64, 0, 0
naive-00, 200000, undirected-00, 100000, 45, 17, 2
naive-00, 200000, undirected-00, 1300000, 2, 62, 0
naive-00, 200000, undirected-00, 1300000, 6, 58, 0
naive-00, 200000, undirected-00, 1500000, 5, 57, 2
naive-00, 200000, undirected-00, 1600000, 1, 60, 3
naive-00, 200000, undirected-00, 1800000, 16, 47, 1
naive-00, 200000, undirected-00, 1900000, 3, 61, 0
naive-00, 200000, undirected-00, 2600000, 0, 64, 0
naive-00, 200000, undirected-00, 2700000, 2, 62, 0
naive-00, 200000, undirected-00, 2800000, 2, 62, 0
naive-00, 200000, undirected-00, 500000, 4, 60, 0
naive-00, 200000, undirected-00, 700000, 6, 56, 2
naive-00, 200000, undirected-00, 800000, 4, 60, 0
naive-00, 2000000, naive-00, 0, 64, 0, 0
naive-00, 2000000, naive-00, 100000, 64, 0, 0
naive-00, 2000000, naive-00, 1700000, 31, 29, 4
naive-00, 2000000, naive-00, 200000, 61, 2, 1
naive-00, 2000000, naive-00, 2300000, 24, 37, 3
naive-00, 2000000, naive-00, 2400000, 30, 29, 5
naive-00, 2000000, naive-00, 2500000, 27, 35, 2
naive-00, 2000000, naive-00, 2700000, 26, 33, 5
naive-00, 2000000, naive-00, 2700000, 26, 34, 4
naive-00, 2000000, naive-00, 2700000, 28, 34, 2
naive-00, 2000000, naive-00, 300000, 62, 1, 1
naive-00, 2000000, naive-00, 900000, 46, 14, 4
naive-00, 2000000, undirected-00, 1000000, 35, 27, 2
naive-00, 2000000, undirected-00, 1500000, 24, 36, 4
naive-00, 2000000, undirected-00, 1600000, 29, 24, 11
naive-00, 2000000, undirected-00, 1700000, 26, 32, 6
naive-00, 2000000, undirected-00, 200000, 61, 2, 1
naive-00, 2000000, undirected-00, 2100000, 21, 43, 0
naive-00, 2000000, undirected-00, 2400000, 23, 38, 3
naive-00, 2000000, undirected-00, 2500000, 14, 46, 4
naive-00, 2000000, undirected-00, 2700000, 19, 42, 3
naive-00, 2000000, undirected-00, 2800000, 17, 43, 4
naive-00, 2000000, undirected-00, 2800000, 19, 41, 4
naive-00, 2000000, undirected-00, 500000, 49, 10, 5
naive-00, 2100000, naive-00, 1100000, 52, 10, 2
naive-00, 2100000, naive-00, 1200000, 51, 8, 5
naive-00, 2100000, naive-00, 1300000, 42, 19, 3
naive-00, 2100000, naive-00, 200000, 62, 2, 0
naive-00, 2100000, naive-00, 2300000, 35, 22, 7
naive-00, 2100000, naive-00, 300000, 61, 3, 0
naive-00, 2100000, naive-00, 300000, 63, 1, 0
naive-00, 2100000, naive-00, 700000, 55, 6, 3
naive-00, 2100000, naive-00, 800000, 54, 5, 5
naive-00, 2100000, undirected-00, 1600000, 29, 30, 5
naive-00, 2100000, undirected-00, 1600000, 31, 30, 3
naive-00, 2100000, undirected-00, 1600000, 34, 25, 5
naive-00, 2100000, undirected-00, 200000, 62, 1, 1
naive-00, 2100000, undirected-00, 2000000, 25, 29, 10
naive-00, 2100000, undirected-00, 2600000, 20, 41, 3
naive-00, 2100000, undirected-00, 2800000, 19, 35, 10
naive-00, 2100000, undirected-00, 600000, 43, 18, 3
naive-00, 2100000, undirected-00, 800000, 37, 24, 3
naive-00, 2100000, undirected-00, 800000, 44, 15, 5
naive-00, 2100000, undirected-00, 900000, 41, 17, 6
naive-00, 2100000, undirected-00, 900000, 46, 15, 3
naive-00, 2200000, naive-00, 0, 64, 0, 0
naive-00, 2200000, naive-00, 1200000, 39, 18, 7
naive-00, 2200000, naive-00, 1300000, 40, 20, 4
naive-00, 2200000, naive-00, 1500000, 46, 15, 3
naive-00, 2200000, naive-00, 1600000, 32, 28, 4
naive-00, 2200000, naive-00, 1700000, 37, 23, 4
naive-00, 2200000, naive-00, 1800000, 30, 30, 4
naive-00, 2200000, naive-00, 1800000, 38, 20, 6
naive-00, 2200000, naive-00, 2300000, 29, 27, 8
naive-00, 2200000, naive-00, 2500000, 28, 31, 5
naive-00, 2200000, naive-00, 2700000, 23, 37, 4
naive-00, 2200000, naive-00, 600000, 57, 6, 1
naive-00, 2200000, naive-00, 600000, 60, 2, 2
naive-00, 2200000, naive-00, 700000, 59, 3, 2
naive-00, 2200000, naive-00, 900000, 53, 8, 3
naive-00, 2200000, undirected-00, 100000, 62, 2, 0
naive-00, 2200000, undirected-00, 1000000, 38, 21, 5
naive-00, 2200000, undirected-00, 1200000, 36, 17, 11
naive-00, 2200000, undirected-00, 1200000, 40, 19, 5
naive-00, 2200000, undirected-00, 1300000, 37, 20, 7
naive-00, 2200000, undirected-00, 1400000, 36, 21, 7
naive-00, 2200000, undirected-00, 1400000, 36, 21, 7
naive-00, 2200000, undirected-00, 200000, 59, 4, 1
naive-00, 2200000, undirected-00, 200000, 59, 4, 1
naive-00, 2200000, undirected-00, 2200000, 26, 34, 4
naive-00, 2200000, undirected-00, 2500000, 18, 37, 9
naive-00, 2200000, undirected-00, 2500000, 20, 39, 5
naive-00, 2200000, undirected-00, 2800000, 22, 38, 4
naive-00, 2200000, undirected-00, 800000, 42, 17, 5
naive-00, 2200000, undirected-00, 800000, 47, 15, 2
naive-00, 2300000, naive-00, 1100000, 38, 21, 5
naive-00, 2300000, naive-00, 1100000, 45, 16, 3
naive-00, 2300000, naive-00, 1400000, 41, 16, 7
naive-00, 2300000, naive-00, 1500000, 43, 21, 0
naive-00, 2300000, naive-00, 1800000, 33, 29, 2
naive-00, 2300000, naive-00, 1900000, 24, 35, 5
naive-00, 2300000, naive-00, 2000000, 42, 16, 6
naive-00, 2300000, naive-00, 2100000, 30, 29, 5
naive-00, 2300000, naive-00, 2200000, 29, 29, 6
naive-00, 2300000, naive-00, 2400000, 33, 26, 5
naive-00, 2300000, naive-00, 2700000, 30, 27, 7
naive-00, 2300000, naive-00, 400000, 62, 1, 1
naive-00, 2300000, naive-00, 800000, 45, 13, 6
naive-00, 2300000, undirected-00, 0, 64, 0, 0
naive-00, 2300000, undirected-00, 100000, 64, 0, 0
naive-00, 2300000, undirected-00, 1300000, 39, 20, 5
naive-00, 2300000, undirected-00, 1300000, 41, 19, 4
naive-00, 2300000, undirected-00, 1600000, 27, 28, 9
naive-00, 2300000, undirected-00, 1700000, 37, 24, 3
naive-00, 2300000, undirected-00, 1900000, 30, 30, 4
naive-00, 2300000, undirected-00, 2000000, 27, 32, 5
naive-00, 2300000, undirected-00, 2000000, 29, 31, 4
naive-00, 2300000, undirected-00, 2600000, 21, 35, 8
naive-00, 2300000, undirected-00, 600000, 47, 14, 3
naive-00, 2300000, undirected-00, 900000, 38, 23, 3
naive-00, 2400000, naive-00, 1100000, 49, 15, 0
naive-00, 2400000, naive-00, 1200000, 45, 19, 0
naive-00, 2400000, naive-00, 1300000, 50, 11, 3
naive-00, 2400000, naive-00, 1400000, 41, 18, 5
naive-00, 2400000, naive-00, 1400000, 43, 15, 6
naive-00, 2400000, naive-00, 1700000, 38, 22, 4
naive-00, 2400000, naive-00, 2300000, 35, 26, 3
naive-00, 2400000, naive-00, 2600000, 36, 23, 5
naive-00, 2400000, naive-00, 2800000, 26, 31, 7
naive-00, 2400000, naive-00, 300000, 61, 2, 1
naive-00, 2400000, naive-00, 300000, 63, 1, 0
naive-00, 2400000, naive-00, 800000, 50, 8, 6
naive-00, 2400000, naive-00, 900000, 55, 7, 2
naive-00, 2400000, undirected-00, 0, 64, 0, 0
naive-00, 2400000, undirected-00, 100000, 62, 2, 0
naive-00, 2400000, undirected-00, 1100000, 44, 15, 5
naive-00, 2400000, undirected-00, 1500000, 32, 31, 1
naive-00, 2400000, undirected-00, 1600000, 38, 24, 2
naive-00, 2400000, undirected-00, 1800000, 32, 26, 6
naive-00, 2400000, undirected-00, 1900000, 33, 26, 5
naive-00, 2400000, undirected-00, 1900000, 34, 28, 2
naive-00, 2400000, undirected-00, 1900000, 35, 25, 4
naive-00, 2400000, undirected-00, 2600000, 29, 33, 2
naive-00, 2400000, undirected-00, 2700000, 25, 35, 4
naive-00, 2400000, undirected-00, 500000, 52, 10, 2
naive-00, 2400000, undirected-00, 800000, 43, 19, 2
naive-00, 2500000, naive-00, 1200000, 42, 16, 6
naive-00, 2500000, naive-00, 1300000, 46, 11, 7
naive-00, 2500000, naive-00, 1300000, 48, 12, 4
naive-00, 2500000, naive-00, 1600000, 33, 28, 3
naive-00, 2500000, naive-00, 1600000, 41, 16, 7
naive-00, 2500000, naive-00, 200000, 64, 0, 0
naive-00, 2500000, naive-00, 2000000, 44, 18, 2
naive-00, 2500000, naive-00, 2200000, 41, 20, 3
naive-00, 2500000, naive-00, 2900000, 29, 28, 7
naive-00, 2500000, naive-00, 300000, 60, 4, 0
naive-00, 2500000, undirected-00, 1000000, 28, 28, 8
naive-00, 2500000, undirected-00, 1200000, 34, 28, 2
naive-00, 2500000, undirected-00, 1600000, 32, 26, 6
naive-00, 2500000, undirected-00, 1700000, 37, 23, 4
naive-00, 2500000, undirected-00, 2100000, 24, 35, 5
naive-00, 2500000, undirected-00, 2800000, 30, 32, 2
naive-00, 2500000, undirected-00, 500000, 47, 10, 7
naive-00, 2500000, undirected-00, 500000, 48, 14, 2
naive-00, 2500000, undirected-00, 500000, 52, 11, 1
naive-00, 2500000, undirected-00, 800000, 38, 16, 10
naive-00, 2500000, undirected-00, 900000, 47, 11, 6
naive-00, 2600000, naive-00, 0, 64, 0, 0
naive-00, 2600000, naive-00, 1400000, 52, 9, 3
naive-00, 2600000, naive-00, 1500000, 41, 18, 5
naive-00, 2600000, naive-00, 1700000, 40, 17, 7
naive-00, 2600000, naive-00, 1700000, 41, 19, 4
naive-00, 2600000, naive-00, 1800000, 43, 18, 3
naive-00, 2600000, naive-00, 2400000, 42, 18, 4
naive-00, 2600000, naive-00, 2900000, 35, 25, 4
naive-00, 2600000, naive-00, 400000, 62, 1, 1
naive-00, 2600000, naive-00, 700000, 55, 3, 6
naive-00, 2600000, undirected-00, 1000000, 42, 18, 4
naive-00, 2600000, undirected-00, 1100000, 42, 22, 0
naive-00, 2600000, undirected-00, 2000000, 25, 31, 8
naive-00, 2600000, undirected-00, 2100000, 28, 30, 6
naive-00, 2600000, undirected-00, 2200000, 24, 35, 5
naive-00, 2600000, undirected-00, 2500000, 31, 26, 7
naive-00, 2600000, undirected-00, 2800000, 24, 36, 4
naive-00, 2600000, undirected-00, 300000, 59, 4, 1
naive-00, 2600000, undirected-00, 400000, 53, 11, 0
naive-00, 2600000, undirected-00, 700000, 51, 8, 5
naive-00, 2600000, undirected-00, 900000, 38, 21, 5
naive-00, 2700000, naive-00, 0, 64, 0, 0
naive-00, 2700000, naive-00, 1000000, 45, 12, 7
naive-00, 2700000, naive-00, 1100000, 47, 13, 4
naive-00, 2700000, naive-00, 2000000, 50, 13, 1
naive-00, 2700000, naive-00, 2000000, 51, 10, 3
naive-00, 2700000, naive-00, 2000000, 52, 7, 5
naive-00, 2700000, naive-00, 2200000, 45, 14, 5
naive-00, 2700000, naive-00, 2300000, 41, 17, 6
naive-00, 2700000, naive-00, 400000, 63, 1, 0
naive-00, 2700000, naive-00, 400000, 64, 0, 0
naive-00, 2700000, naive-00, 500000, 61, 1, 2
naive-00, 2700000, naive-00, 500000, 63, 1, 0
naive-00, 2700000, naive-00, 600000, 60, 2, 2
naive-00, 2700000, naive-00, 700000, 57, 4, 3
naive-00, 2700000, naive-00, 800000, 55, 4, 5
naive-00, 2700000, naive-00, 900000, 56, 5, 3
naive-00, 2700000, undirected-00, 0, 64, 0, 0
naive-00, 2700000, undirected-00, 1200000, 46, 16, 2
naive-00, 2700000, undirected-00, 2100000, 32, 26, 6
naive-00, 2700000, undirected-00, 2600000, 27, 31, 6
naive-00, 2700000, undirected-00, 400000, 50, 12, 2
naive-00, 2700000, undirected-00, 600000, 51, 11, 2
naive-00, 2700000, undirected-00, 800000, 51, 11, 2
naive-00, 2800000, naive-00, 0, 64, 0, 0
naive-00, 2800000, naive-00, 1000000, 44, 15, 5
naive-00, 2800000, naive-00, 1200000, 46, 13, 5
naive-00, 2800000, naive-00, 1300000, 55, 5, 4
naive-00, 2800000, naive-00, 2400000, 31, 25, 8
naive-00, 2800000, naive-00, 400000, 60, 4, 0
naive-00, 2800000, naive-00, 400000, 62, 1, 1
naive-00, 2800000, naive-00, 400000, 62, 1, 1
naive-00, 2800000, naive-00, 600000, 60, 3, 1
naive-00, 2800000, naive-00, 800000, 57, 6, 1
naive-00, 2800000, naive-00, 900000, 51, 7, 6
naive-00, 2800000, undirected-00, 100000, 64, 0, 0
naive-00, 2800000, undirected-00, 1500000, 37, 21, 6
naive-00, 2800000, undirected-00, 1700000, 36, 26, 2
naive-00, 2800000, undirected-00, 1800000, 39, 19, 6
naive-00, 2800000, undirected-00, 1900000, 33, 23, 8
naive-00, 2800000, undirected-00, 1900000, 37, 22, 5
naive-00, 2800000, undirected-00, 200000, 58, 3, 3
naive-00, 2800000, undirected-00, 2000000, 28, 31, 5
naive-00, 2800000, undirected-00, 2200000, 26, 29, 9
naive-00, 2800000, undirected-00, 500000, 54, 7, 3
naive-00, 2800000, undirected-00, 700000, 47, 14, 3
naive-00, 2800000, undirected-00, 800000, 41, 17, 6
naive-00, 2900000, naive-00, 1000000, 46, 11, 7
naive-00, 2900000, naive-00, 1500000, 47, 12, 5
naive-00, 2900000, naive-00, 2500000, 39, 23, 2
naive-00, 2900000, naive-00, 2600000, 31, 28, 5
naive-00, 2900000, naive-00, 400000, 60, 3, 1
naive-00, 2900000, naive-00, 400000, 60, 3, 1
naive-00, 2900000, naive-00, 400000, 61, 2, 1
naive-00, 2900000, undirected-00, 1400000, 35, 26, 3
naive-00, 2900000, undirected-00, 1400000, 41, 21, 2
naive-00, 2900000, undirected-00, 1800000, 40, 23, 1
naive-00, 2900000, undirected-00, 200000, 61, 2, 1
naive-00, 2900000, undirected-00, 300000, 59, 3, 2
naive-00, 2900000, undirected-00, 400000, 56, 7, 1
naive-00, 2900000, undirected-00, 700000, 47, 11, 6
naive-00, 2900000, undirected-00, 700000, 54, 9, 1
naive-00, 2900000, undirected-00, 900000, 43, 14, 7
naive-00, 300000, naive-00, 1300000, 11, 51, 2
naive-00, 300000, naive-00, 1300000, 8, 53, 3
naive-00, 300000, naive-00, 1300000, 8, 55, 1
naive-00, 300000, naive-00, 1400000, 6, 56, 2
naive-00, 300000, naive-00, 1500000, 9, 53, 2
naive-00, 300000, naive-00, 1600000, 2, 62, 0
naive-00, 300000, naive-00, 1700000, 3, 59, 2
naive-00, 300000, naive-00, 1700000, 3, 59, 2
naive-00, 300000, naive-00, 1900000, 1, 63, 0
naive-00, 300000, naive-00, 1900000, 4, 58, 2
naive-00, 300000, naive-00, 2000000, 7, 57, 0
naive-00, 300000, naive-00, 2100000, 4, 59, 1
naive-00, 300000, naive-00, 2100000, 4, 60, 0
naive-00, 300000, naive-00, 2400000, 8, 53, 3
naive-00, 300000, naive-00, 2400000, 9, 54, 1
naive-00, 300000, naive-00, 2500000, 5, 59, 0
naive-00, 300000, naive-00, 400000, 23, 40, 1
naive-00, 300000, naive-00, 500000, 22, 39, 3
naive-00, 300000, undirected-00, 1200000, 3, 61, 0
naive-00, 300000, undirected-00, 1300000, 6, 57, 1
naive-00, 300000, undirected-00, 1300000, 7, 56, 1
naive-00, 300000, undirected-00, 1400000, 4, 59, 1
naive-00, 300000, undirected-00, 1700000, 1, 61, 2
naive-00, 300000, undirected-00, 1800000, 16, 47, 1
naive-00, 300000, undirected-00, 2000000, 0, 64, 0
naive-00, 300000, undirected-00, 2000000, 1, 60, 3
naive-00, 300000, undirected-00, 300000, 28, 34, 2
naive-00, 300000, undirected-00, 700000, 8, 55, 1
naive-00, 400000, naive-00, 1100000, 11, 44, 9
naive-00, 400000, naive-00, 1300000, 10, 51, 3
naive-00, 400000, naive-00, 1600000, 10, 50, 4
naive-00, 400000, naive-00, 2300000, 3, 55, 6
naive-00, 400000, naive-00, 2600000, 6, 56, 2
naive-00, 400000, naive-00, 2700000, 1, 61, 2
naive-00, 400000, naive-00, 2700000, 7, 55, 2
naive-00, 400000, naive-00, 2800000, 1, 60, 3
naive-00, 400000, naive-00, 2800000, 2, 59, 3
naive-00, 400000, naive-00, 2800000, 6, 54, 4
naive-00, 400000, naive-00, 2900000, 3, 59, 2
naive-00, 400000, naive-00, 2900000, 4, 58, 2
naive-00, 400000, naive-00, 2900000, 4, 58, 2
naive-00, 400000, naive-00, 300000, 42, 18, 4
naive-00, 400000, naive-00, 800000, 15, 41, 8
naive-00, 400000, naive-00, 800000, 20, 40, 4
naive-00, 400000, naive-00, 900000, 16, 42, 6
naive-00, 400000, undirected-00, 2200000, 8, 54, 2
naive-00, 400000, undirected-00, 2300000, 3, 61, 0
naive-00, 400000, undirected-00, 2400000, 0, 63, 1
naive-00, 400000, undirected-00, 600000, 16, 45, 3
naive-00, 400000, undirected-00, 700000, 11, 49, 4
naive-00, 500000, naive-00, 0, 64, 0, 0
naive-00, 500000, naive-00, 1000000, 9, 53, 2
naive-00, 500000, naive-00, 1200000, 12, 43, 9
naive-00, 500000, naive-00, 1300000, 10, 53, 1
naive-00, 500000, naive-00, 1300000, 16, 38, 10
naive-00, 500000, naive-00, 1400000, 15, 48, 1
naive-00, 500000, naive-00, 1800000, 11, 51, 2
naive-00, 500000, naive-00, 1800000, 3, 59, 2
naive-00, 500000, naive-00, 2700000, 5, 57, 2
naive-00, 500000, naive-00, 2700000, 5, 58, 1
naive-00, 500000, naive-00, 300000, 55, 9, 0
naive-00, 500000, naive-00, 600000, 31, 24, 9
naive-00, 500000, naive-00, 700000, 22, 33, 9
naive-00, 500000, naive-00, 900000, 31, 30, 3
naive-00, 500000, undirected-00, 1200000, 10, 52, 2
naive-00, 500000, undirected-00, 1300000, 8, 53, 3
naive-00, 500000, undirected-00, 1300000, 9, 54, 1
naive-00, 500000, undirected-00, 1300000, 9, 54, 1
naive-00, 500000, undirected-00, 1500000, 6, 56, 2
naive-00, 500000, undirected-00, 1600000, 11, 52, 1
naive-00, 500000, undirected-00, 1800000, 15, 49, 0
naive-00, 500000, undirected-00, 1800000, 19, 44, 1
naive-00, 500000, undirected-00, 2000000, 2, 61, 1
naive-00, 500000, undirected-00, 2300000, 3, 59, 2
naive-00, 500000, undirected-00, 2300000, 6, 53, 5
naive-00, 500000, undirected-00, 2500000, 4, 57, 3
naive-00, 500000, undirected-00, 2500000, 6, 57, 1
naive-00, 500000, undirected-00, 2600000, 1, 60, 3
naive-00, 500000, undirected-00, 2600000, 3, 61, 0
naive-00, 500000, undirected-00, 600000, 14, 47, 3
naive-00, 500000, undirected-00, 600000, 20, 42, 2
naive-00, 600000, naive-00, 1100000, 14, 45, 5
naive-00, 600000, naive-00, 1600000, 8, 51, 5
naive-00, 600000, naive-00, 1800000, 12, 52, 0
naive-00, 600000, naive-00, 2200000, 10, 52, 2
naive-00, 600000, naive-00, 2200000, 8, 54, 2
naive-00, 600000, naive-00, 2700000, 8, 54, 2
naive-00, 600000, naive-00, 2800000, 10, 54, 0
naive-00, 600000, naive-00, 500000, 43, 17, 4
naive-00, 600000, undirected-00, 0, 64, 0, 0
naive-00, 600000, undirected-00, 0, 64, 0, 0
naive-00, 600000, undirected-00, 1100000, 11, 49, 4
naive-00, 600000, undirected-00, 1100000, 8, 56, 0
naive-00, 600000, undirected-00, 1400000, 10, 51, 3
naive-00, 600000, undirected-00, 1900000, 9, 54, 1
naive-00, 600000, undirected-00, 200000, 41, 21, 2
naive-00, 600000, undirected-00, 2200000, 4, 60, 0
naive-00, 600000, undirected-00, 2200000, 9, 54, 1
naive-00, 600000, undirected-00, 2400000, 9, 53, 2
naive-00, 600000, undirected-00, 2600000, 7, 55, 2
naive-00, 600000, undirected-00, 2700000, 8, 56, 0
naive-00, 600000, undirected-00, 2800000, 6, 57, 1
naive-00, 600000, undirected-00, 400000, 27, 34, 3
naive-00, 600000, undirected-00, 600000, 18, 42, 4
naive-00, 600000, undirected-00, 600000, 18, 46, 0
naive-00, 600000, undirected-00, 900000, 13, 48, 3
naive-00, 600000, undirected-00, 900000, 13, 50, 1
naive-00, 700000, naive-00, 0, 64, 0, 0
naive-00, 700000, naive-00, 0, 64, 0, 0
naive-00, 700000, naive-00, 1400000, 24, 34, 6
naive-00, 700000, naive-00, 1400000, 24, 38, 2
naive-00, 700000, naive-00, 1900000, 17, 42, 5
naive-00, 700000, naive-00, 2100000, 13, 47, 4
naive-00, 700000, naive-00, 2200000, 14, 47, 3
naive-00, 700000, naive-00, 2600000, 13, 49, 2
naive-00, 700000, naive-00, 2700000, 10, 51, 3
naive-00, 700000, naive-00, 500000, 42, 16, 6
naive-00, 700000, naive-00, 900000, 31, 29, 4
naive-00, 700000, undirected-00, 0, 64, 0, 0
naive-00, 700000, undirected-00, 0, 64, 0, 0
naive-00, 700000, undirected-00, 0, 64, 0, 0
naive-00, 700000, undirected-00, 100000, 57, 2, 5
naive-00, 700000, undirected-00, 1100000, 18, 42, 4
naive-00, 700000, undirected-00, 1300000, 9, 47, 8
naive-00, 700000, undirected-00, 1400000, 7, 53, 4
naive-00, 700000, undirected-00, 1500000, 17, 45, 2
naive-00, 700000, undirected-00, 2200000, 11, 50, 3
naive-00, 700000, undirected-00, 2300000, 11, 46, 7
naive-00, 700000, undirected-00, 2300000, 9, 49, 6
naive-00, 700000, undirected-00, 2500000, 10, 49, 5
naive-00, 700000, undirected-00, 2600000, 10, 51, 3
naive-00, 800000, naive-00, 1200000, 22, 36, 6
naive-00, 800000, naive-00, 1600000, 23, 35, 6
naive-00, 800000, naive-00, 1700000, 21, 40, 3
naive-00, 800000, naive-00, 200000, 59, 4, 1
naive-00, 800000, naive-00, 2100000, 19, 43, 2
naive-00, 800000, naive-00, 2300000, 15, 39, 10
naive-00, 800000, naive-00, 2400000, 20, 39, 5
naive-00, 800000, naive-00, 2700000, 12, 41, 11
naive-00, 800000, naive-00, 2800000, 16, 44, 4
naive-00, 800000, naive-00, 400000, 47, 12, 5
naive-00, 800000, naive-00, 400000, 56, 7, 1
naive-00, 800000, undirected-00, 0, 64, 0, 0
naive-00, 800000, undirected-00, 100000, 58, 5, 1
naive-00, 800000, undirected-00, 1500000, 12, 50, 2
naive-00, 800000, undirected-00, 200000, 53, 7, 4
naive-00, 800000, undirected-00, 2000000, 12, 43, 9
naive-00, 800000, undirected-00, 2300000, 10, 51, 3
naive-00, 800000, undirected-00, 2300000, 11, 50, 3
naive-00, 800000, undirected-00, 2500000, 11, 48, 5
naive-00, 800000, undirected-00, 2800000, 10, 51, 3
naive-00, 800000, undirected-00, 2800000, 12, 50, 2
naive-00, 800000, undirected-00, 400000, 41, 19, 4
naive-00, 800000, undirected-00, 600000, 34, 26, 4
naive-00, 900000, naive-00, 1200000, 21, 39, 4
naive-00, 900000, naive-00, 1400000, 35, 25, 4
naive-00, 900000, naive-00, 1600000, 22, 38, 4
naive-00, 900000, naive-00, 1700000, 17, 43, 4
naive-00, 900000, naive-00, 2000000, 22, 37, 5
naive-00, 900000, naive-00, 2200000, 14, 47, 3
naive-00, 900000, naive-00, 2400000, 19, 38, 7
naive-00, 900000, naive-00, 2700000, 15, 48, 1
naive-00, 900000, naive-00, 2800000, 10, 53, 1
naive-00, 900000, naive-00, 400000, 52, 9, 3
naive-00, 900000, naive-00, 500000, 48, 10, 6
naive-00, 900000, naive-00, 700000, 34, 26, 4
naive-00, 900000, undirected-00, 1200000, 20, 40, 4
naive-00, 900000, undirected-00, 1700000, 23, 37, 4
naive-00, 900000, undirected-00, 2100000, 13, 46, 5
naive-00, 900000, undirected-00, 2500000, 16, 43, 5
naive-00, 900000, undirected-00, 2800000, 8, 53, 3
naive-00, 900000, undirected-00, 300000, 49, 11, 4
naive-00, 900000, undirected-00, 500000, 35, 24, 5
naive-00, 900000, undirected-00, 700000, 19, 35, 10
naive-00, 900000, undirected-00, 800000, 23, 35, 6
undirected-00, 0, naive-00, 1000000, 0, 64, 0
undirected-00, 0, naive-00, 1300000, 0, 64, 0
undirected-00, 0, naive-00, 1400000, 0, 64, 0
undirected-00, 0, naive-00, 1500000, 0, 64, 0
undirected-00, 0, naive-00, 1700000, 0, 64, 0
undirected-00, 0, naive-00, 200000, 0, 64, 0
undirected-00, 0, naive-00, 2300000, 0, 64, 0
undirected-00, 0, naive-00, 2400000, 0, 64, 0
undirected-00, 0, naive-00, 2700000, 0, 64, 0
undirected-00, 0, naive-00, 600000, 0, 64, 0
undirected-00, 0, naive-00, 600000, 0, 64, 0
undirected-00, 0, naive-00, 700000, 0, 64, 0
undirected-00, 0, naive-00, 700000, 0, 64, 0
undirected-00, 0, naive-00, 700000, 0, 64, 0
undirected-00, 0, naive-00, 800000, 0, 64, 0
undirected-00, 0, undirected-00, 1100000, 0, 64, 0
undirected-00, 0, undirected-00, 1200000, 0, 64, 0
undirected-00, 0, undirected-00, 1400000, 0, 64, 0
undirected-00, 0, undirected-00, 1500000, 1, 63, 0
undirected-00, 0, undirected-00, 200000, 0, 64, 0
undirected-00, 0, undirected-00, 2000000, 0, 64, 0
undirected-00, 0, undirected-00, 2200000, 0, 64, 0
undirected-00, 0, undirected-00, 2300000, 0, 64, 0
undirected-00, 0, undirected-00, 2500000, 0, 64, 0
undirected-00, 0, undirected-00, 2600000, 0, 64, 0
undirected-00, 0, undirected-00, 2600000, 0, 64, 0
undirected-00, 0, undirected-00, 2700000, 0, 64, 0
undirected-00, 0, undirected-00, 2800000, 0, 64, 0
undirected-00, 0, undirected-00, 500000, 0, 64, 0
undirected-00, 0, undirected-00, 700000, 0, 64, 0
undirected-00, 0, undirected-00, 900000, 0, 64, 0
undirected-00, 100000, naive-00, 100000, 44, 20, 0
undirected-00, 100000, naive-00, 100000, 54, 10, 0
undirected-00, 100000, naive-00, 1200000, 5, 59, 0
undirected-00, 100000, naive-00, 1700000, 1, 63, 0
undirected-00, 100000, naive-00, 1700000, 3, 60, 1
undirected-00, 100000, naive-00, 1800000, 2, 62, 0
undirected-00, 100000, naive-00, 1900000, 0, 64, 0
undirected-00, 100000, naive-00, 200000, 30, 31, 3
undirected-00, 100000, naive-00, 2200000, 3, 61, 0
undirected-00, 100000, naive-00, 2300000, 3, 61, 0
undirected-00, 100000, naive-00, 2400000, 5, 59, 0
undirected-00, 100000, naive-00, 2800000, 5, 59, 0
undirected-00, 100000, naive-00, 700000, 8, 55, 1
undirected-00, 100000, naive-00, 800000, 5, 57, 2
undirected-00, 100000, undirected-00, 1200000, 5, 58, 1
undirected-00, 100000, undirected-00, 1300000, 7, 57, 0
undirected-00, 100000, undirected-00, 1400000, 2, 61, 1
undirected-00, 100000, undirected-00, 1500000, 4, 60, 0
undirected-00, 100000, undirected-00, 1600000, 1, 63, 0
undirected-00, 100000, undirected-00, 1600000, 2, 62, 0
undirected-00, 100000, undirected-00, 200000, 18, 45, 1
undirected-00, 100000, undirected-00, 2100000, 0, 64, 0
undirected-00, 100000, undirected-00, 2300000, 2, 61, 1
undirected-00, 100000, undirected-00, 2400000, 0, 64, 0
undirected-00, 100000, undirected-00, 2500000, 2, 61, 1
undirected-00, 100000, undirected-00, 2700000, 1, 62, 1
undirected-00, 100000, undirected-00, 400000, 5, 57, 2
undirected-00, 100000, undirected-00, 400000, 5, 58, 1
undirected-00, 100000, undirected-00, 500000, 6, 56, 2
undirected-00, 100000, undirected-00, 900000, 7, 57, 0
undirected-00, 1000000, naive-00, 0, 64, 0, 0
undirected-00, 1000000, naive-00, 1200000, 40, 19, 5
undirected-00, 1000000, naive-00, 1300000, 42, 16, 6
undirected-00, 1000000, naive-00, 1300000, 45, 15, 4
undirected-00, 1000000, naive-00, 1700000, 32, 24, 8
undirected-00, 1000000, naive-00, 1700000, 37, 22, 5
undirected-00, 1000000, naive-00, 1800000, 30, 30, 4
undirected-00, 1000000, naive-00, 1900000, 26, 32, 6
undirected-00, 1000000, naive-00, 2200000, 36, 24, 4
undirected-00, 1000000, naive-00, 2500000, 32, 29, 3
undirected-00, 1000000, naive-00, 2600000, 33, 20, 11
undirected-00, 1000000, undirected-00, 1300000, 28, 28, 8
undirected-00, 1000000, undirected-00, 1600000, 27, 31, 6
undirected-00, 1000000, undirected-00, 2000000, 22, 37, 5
undirected-00, 1000000, undirected-00, 2100000, 24, 39, 1
undirected-00, 1000000, undirected-00, 2300000, 15, 42, 7
undirected-00, 1000000, undirected-00, 2400000, 21, 40, 3
undirected-00, 1000000, undirected-00, 2600000, 19, 41, 4
undirected-00, 1000000, undirected-00, 2600000, 26, 34, 4
undirected-00, 1000000, undirected-00, 300000, 63, 1, 0
undirected-00, 1000000, undirected-00, 500000, 45, 16, 3
undirected-00, 1000000, undirected-00, 600000, 41, 18, 5
undirected-00, 1000000, undirected-00, 700000, 44, 13, 7
undirected-00, 1000000, undirected-00, 700000, 47, 10, 7
undirected-00, 1100000, naive-00, 1300000, 42, 17, 5
undirected-00, 1100000, naive-00, 1400000, 38, 21, 5
undirected-00, 1100000, naive-00, 1400000, 42, 17, 5
undirected-00, 1100000, naive-00, 1700000, 35, 26, 3
undirected-00, 1100000, naive-00, 1700000, 38, 22, 4
undirected-00, 1100000, naive-00, 2400000, 35, 24, 5
undirected-00, 1100000, naive-00, 2600000, 28, 31, 5
undirected-00, 1100000, naive-00, 600000, 57, 7, 0
undirected-00, 1100000, naive-00, 600000, 59, 3, 2
undirected-00, 1100000, naive-00, 700000, 57, 6, 1
undirected-00, 1100000, undirected-00, 0, 64, 0, 0
undirected-00, 1100000, undirected-00, 1400000, 18, 38, 8
undirected-00, 1100000, undirected-00, 1600000, 26, 32, 6
undirected-00, 1100000, undirected-00, 2100000, 33, 23, 8
undirected-00, 1100000, undirected-00, 2300000, 20, 35, 9
undirected-00, 1100000, undirected-00, 2300000, 22, 38, 4
undirected-00, 1100000, undirected-00, 700000, 42, 12, 10
undirected-00, 1100000, undirected-00, 700000, 43, 11, 10
undirected-00, 1100000, undirected-00, 700000, 47, 11, 6
undirected-00, 1100000, undirected-00, 700000, 48, 12, 4
undirected-00, 1100000, undirected-00, 700000, 50, 10, 4
undirected-00, 1200000, naive-00, 1100000, 48, 12, 4
undirected-00, 1200000, naive-00, 1300000, 41, 16, 7
undirected-00, 1200000, naive-00, 1400000, 36, 19, 9
undirected-00, 1200000, naive-00, 1400000, 46, 16, 2
undirected-00, 1200000, naive-00, 1400000, 47, 15, 2
undirected-00, 1200000, naive-00, 1500000, 36, 26, 2
undirected-00, 1200000, naive-00, 200000, 64, 0, 0
undirected-00, 1200000, naive-00, 2200000, 30, 33, 1
undirected-00, 1200000, naive-00, 2200000, 31, 25, 8
undirected-00, 1200000, naive-00, 2500000, 38, 21, 5
undirected-00, 1200000, naive-00, 2700000, 36, 26, 2
undirected-00, 1200000, naive-00, 300000, 62, 2, 0
undirected-00, 1200000, naive-00, 500000, 59, 2, 3
undirected-00, 1200000, naive-00, 900000, 47, 14, 3
undirected-00, 1200000, undirected-00, 0, 64, 0, 0
undirected-00, 1200000, undirected-00, 100000, 63, 1, 0
undirected-00, 1200000, undirected-00, 1400000, 31, 26, 7
undirected-00, 1200000, undirected-00, 1900000, 36, 24, 4
undirected-00, 1200000, undirected-00, 200000, 64, 0, 0
undirected-00, 1200000, undirected-00, 2100000, 33, 28, 3
undirected-00, 1200000, undirected-00, 2200000, 30, 33, 1
undirected-00, 1200000, undirected-00, 2200000, 31, 32, 1
undirected-00, 1200000, undirected-00, 2300000, 25, 37, 2
undirected-00, 1200000, undirected-00, 2500000, 24, 36, 4
undirected-00, 1200000, undirected-00, 400000, 57, 6, 1
undirected-00, 1200000, undirected-00, 600000, 51, 12, 1
undirected-00, 1200000, undirected-00, 900000, 51, 10, 3
undirected-00, 1300000, naive-00, 1100000, 43, 17, 4
undirected-00, 1300000, naive-00, 1300000, 43, 20, 1
undirected-00, 1300000, naive-00, 200000, 59, 4, 1
undirected-00, 1300000, naive-00, 200000, 64, 0, 0
undirected-00, 1300000, naive-00, 2200000, 35, 25, 4
undirected-00, 1300000, naive-00, 2300000, 36, 22, 6
undirected-00, 1300000, naive-00, 2300000, 38, 20, 6
undirected-00, 1300000, naive-00, 300000, 60, 3, 1
undirected-00, 1300000, naive-00, 300000, 63, 1, 0
undirected-00, 1300000, naive-00, 500000, 57, 6, 1
undirected-00, 1300000, naive-00, 500000, 58, 4, 2
undirected-00, 1300000, naive-00, 500000, 60, 4, 0
undirected-00, 1300000, naive-00, 700000, 52, 9, 3
undirected-00, 1300000, undirected-00, 100000, 64, 0, 0
undirected-00, 1300000, undirected-00, 1000000, 38, 19, 7
undirected-00, 1300000, undirected-00, 1900000, 28, 31, 5
undirected-00, 1300000, undirected-00, 1900000, 34, 24, 6
undirected-00, 1300000, undirected-00, 200000, 63, 1, 0
undirected-00, 1300000, undirected-00, 2000000, 27, 31, 6
undirected-00, 1300000, undirected-00, 2200000, 23, 36, 5
undirected-00, 1300000, undirected-00, 2600000, 28, 29, 7
undirected-00, 1300000, undirected-00, 900000, 45, 15, 4
undirected-00, 1400000, naive-00, 0, 64, 0, 0
undirected-00, 1400000, naive-00, 100000, 64, 0, 0
undirected-00, 1400000, naive-00, 1000000, 50, 8, 6
undirected-00, 1400000, naive-00, 1000000, 52, 9, 3
undirected-00, 1400000, naive-00, 1300000, 41, 13, 10
undirected-00, 1400000, naive-00, 1300000, 45, 10, 9
undirected-00, 1400000, naive-00, 1700000, 33, 25, 6
undirected-00, 1400000, naive-00, 1800000, 34, 26, 4
undirected-00, 1400000, naive-00, 1800000, 38, 21, 5
undirected-00, 1400000, naive-00, 2200000, 35, 23, 6
undirected-00, 1400000, naive-00, 2200000, 37, 23, 4
undirected-00, 1400000, naive-00, 2500000, 37, 22, 5
undirected-00, 1400000, naive-00, 2900000, 28, 27, 9
undirected-00, 1400000, naive-00, 2900000, 38, 25, 1
undirected-00, 1400000, naive-00, 300000, 63, 1, 0
undirected-00, 1400000, naive-00, 600000, 61, 1, 2
undirected-00, 1400000, naive-00, 700000, 58, 6, 0
undirected-00, 1400000, undirected-00, 0, 64, 0, 0
undirected-00, 1400000, undirected-00, 100000, 64, 0, 0
undirected-00, 1400000, undirected-00, 1100000, 35, 24, 5
undirected-00, 1400000, undirected-00, 1200000, 37, 21, 6
undirected-00, 1400000, undirected-00, 1700000, 37, 24, 3
undirected-00, 1400000, undirected-00, 1900000, 38, 21, 5
undirected-00, 1400000, undirected-00, 2000000, 32, 27, 5
undirected-00, 1400000, undirected-00, 2200000, 25, 34, 5
undirected-00, 1400000, undirected-00, 2200000, 39, 22, 3
undirected-00, 1400000, undirected-00, 2400000, 28, 33, 3
undirected-00, 1400000, undirected-00, 2600000, 30, 29, 5
undirected-00, 1400000, undirected-00, 2600000, 30, 31, 3
undirected-00, 1400000, undirected-00, 300000, 61, 2, 1
undirected-00, 1400000, undirected-00, 300000, 61, 3, 0
undirected-00, 1400000, undirected-00, 400000, 57, 6, 1
undirected-00, 1400000, undirected-00, 400000, 59, 4, 1
undirected-00, 1400000, undirected-00, 600000, 50, 13, 1
undirected-00, 1400000, undirected-00, 800000, 39, 19, 6
undirected-00, 1400000, undirected-00, 900000, 43, 17, 4
undirected-00, 1500000, naive-00, 0, 63, 1, 0
undirected-00, 1500000, naive-00, 100000, 64, 0, 0
undirected-00, 1500000, naive-00, 1000000, 41, 20, 3
undirected-00, 1500000, naive-00, 1100000, 46, 14, 4
undirected-00, 1500000, naive-00, 1100000, 57, 6, 1
undirected-00, 1500000, naive-00, 1300000, 53, 8, 3
undirected-00, 1500000, naive-00, 1400000, 51, 7, 6
undirected-00, 1500000, naive-00, 1700000, 50, 12, 2
undirected-00, 1500000, naive-00, 1800000, 41, 17, 6
undirected-00, 1500000, naive-00, 1900000, 38, 19, 7
undirected-00, 1500000, naive-00, 200000, 63, 1, 0
undirected-00, 1500000, naive-00, 2000000, 50, 13, 1
undirected-00, 1500000, naive-00, 2400000, 33, 26, 5
undirected-00, 1500000, naive-00, 2800000, 42, 16, 6
undirected-00, 1500000, naive-00, 500000, 63, 0, 1
undirected-00, 1500000, naive-00, 700000, 55, 9, 0
undirected-00, 1500000, naive-00, 800000, 57, 5, 2
undirected-00, 1500000, undirected-00, 0, 64, 0, 0
undirected-00, 1500000, undirected-00, 100000, 64, 0, 0
undirected-00, 1500000, undirected-00, 200000, 62, 2, 0
undirected-00, 1500000, undirected-00, 200000, 63, 1, 0
undirected-00, 1500000, undirected-00, 2000000, 34, 29, 1
undirected-00, 1500000, undirected-00, 2600000, 19, 38, 7
undirected-00, 1500000, undirected-00, 2600000, 26, 31, 7
undirected-00, 1500000, undirected-00, 2600000, 31, 25, 8
undirected-00, 1600000, naive-00, 0, 64, 0, 0
undirected-00, 1600000, naive-00, 200000, 63, 1, 0
undirected-00, 1600000, naive-00, 2000000, 50, 12, 2
undirected-00, 1600000, naive-00, 2100000, 33, 26, 5
undirected-00, 1600000, naive-00, 2100000, 34, 26, 4
undirected-00, 1600000, naive-00, 2100000, 37, 19, 8
undirected-00, 1600000, naive-00, 2300000, 35, 25, 4
undirected-00, 1600000, naive-00, 2400000, 36, 23, 5
undirected-00, 1600000, naive-00, 2400000, 39, 22, 3
undirected-00, 1600000, naive-00, 2500000, 35, 21, 8
undirected-00, 1600000, naive-00, 500000, 61, 3, 0
undirected-00, 1600000, undirected-00, 100000, 64, 0, 0
undirected-00, 1600000, undirected-00, 100000, 64, 0, 0
undirected-00, 1600000, undirected-00, 1000000, 45, 16, 3
undirected-00, 1600000, undirected-00, 1100000, 39, 19, 6
undirected-00, 1600000, undirected-00, 1700000, 33, 25, 6
undirected-00, 1600000, undirected-00, 1800000, 35, 25, 4
undirected-00, 1600000, undirected-00, 2000000, 25, 33, 6
undirected-00, 1600000, undirected-00, 2100000, 36, 28, 0
undirected-00, 1600000, undirected-00, 2200000, 31, 27, 6
undirected-00, 1600000, undirected-00, 2700000, 23, 37, 4
undirected-00, 1600000, undirected-00, 2800000, 26, 36, 2
undirected-00, 1600000, undirected-00, 300000, 60, 4, 0
undirected-00, 1600000, undirected-00, 400000, 61, 3, 0
undirected-00, 1600000, undirected-00, 800000, 39, 20, 5
undirected-00, 1700000, naive-00, 0, 64, 0, 0
undirected-00, 1700000, naive-00, 1300000, 40, 15, 9
undirected-00, 1700000, naive-00, 1700000, 43, 14, 7
undirected-00, 1700000, naive-00, 1800000, 40, 19, 5
undirected-00, 1700000, naive-00, 1800000, 42, 14, 8
undirected-00, 1700000, naive-00, 1900000, 42, 20, 2
undirected-00, 1700000, naive-00, 2000000, 41, 15, 8
undirected-00, 1700000, naive-00, 2300000, 39, 22, 3
undirected-00, 1700000, naive-00, 2500000, 39, 21, 4
undirected-00, 1700000, naive-00, 2800000, 38, 23, 3
undirected-00, 1700000, naive-00, 300000, 63, 0, 1
undirected-00, 1700000, naive-00, 900000, 60, 4, 0
undirected-00, 1700000, undirected-00, 1400000, 37, 23, 4
undirected-00, 1700000, undirected-00, 1600000, 29, 26, 9
undirected-00, 1700000, undirected-00, 1800000, 30, 27, 7
undirected-00, 1700000, undirected-00, 200000, 62, 1, 1
undirected-00, 1700000, undirected-00, 2000000, 31, 29, 4
undirected-00, 1700000, undirected-00, 2700000, 26, 33, 5
undirected-00, 1700000, undirected-00, 2700000, 28, 29, 7
undirected-00, 1700000, undirected-00, 2800000, 30, 29, 5
undirected-00, 1700000, undirected-00, 300000, 55, 8, 1
undirected-00, 1700000, undirected-00, 300000, 60, 2, 2
undirected-00, 1700000, undirected-00, 400000, 52, 10, 2
undirected-00, 1700000, undirected-00, 400000, 55, 8, 1
undirected-00, 1700000, undirected-00, 600000, 48, 14, 2
undirected-00, 1700000, undirected-00, 700000, 46, 9, 9
undirected-00, 1700000, undirected-00, 800000, 46, 14, 4
undirected-00, 1800000, naive-00, 100000, 55, 9, 0
undirected-00, 1800000, naive-00, 100000, 63, 1, 0
undirected-00, 1800000, naive-00, 1000000, 50, 10, 4
undirected-00, 1800000, naive-00, 1400000, 41, 20, 3
undirected-00, 1800000, naive-00, 1400000, 44, 15, 5
undirected-00, 1800000, naive-00, 1400000, 46, 12, 6
undirected-00, 1800000, naive-00, 1400000, 52, 8, 4
undirected-00, 1800000, naive-00, 1500000, 50, 12, 2
undirected-00, 1800000, naive-00, 1800000, 44, 15, 5
undirected-00, 1800000, naive-00, 200000, 58, 6, 0
undirected-00, 1800000, naive-00, 2400000, 42, 20, 2
undirected-00, 1800000, naive-00, 2800000, 33, 30, 1
undirected-00, 1800000, naive-00, 2900000, 35, 26, 3
undirected-00, 1800000, naive-00, 300000, 62, 2, 0
undirected-00, 1800000, naive-00, 500000, 56, 4, 4
undirected-00, 1800000, naive-00, 500000, 58, 6, 0
undirected-00, 1800000, undirected-00, 1600000, 30, 29, 5
undirected-00, 1800000, undirected-00, 1700000, 39, 24, 1
undirected-00, 1800000, undirected-00, 2600000, 31, 27, 6
undirected-00, 1800000, undirected-00, 2800000, 24, 35, 5
undirected-00, 1800000, undirected-00, 300000, 57, 5, 2
undirected-00, 1900000, naive-00, 100000, 64, 0, 0
undirected-00, 1900000, naive-00, 1300000, 44, 18, 2
undirected-00, 1900000, naive-00, 1300000, 51, 10, 3
undirected-00, 1900000, naive-00, 1500000, 43, 16, 5
undirected-00, 1900000, naive-00, 1600000, 44, 16, 4
undirected-00, 1900000, naive-00, 1800000, 39, 24, 1
undirected-00, 1900000, naive-00, 1800000, 42, 19, 3
undirected-00, 1900000, naive-00, 200000, 64, 0, 0
undirected-00, 1900000, naive-00, 2300000, 34, 26, 4
undirected-00, 1900000, naive-00, 2400000, 35, 26, 3
undirected-00, 1900000, naive-00, 2400000, 37, 26, 1
undirected-00, 1900000, naive-00, 2400000, 39, 19, 6
undirected-00, 1900000, naive-00, 2800000, 33, 29, 2
undirected-00, 1900000, naive-00, 2800000, 35, 27, 2
undirected-00, 1900000, naive-00, 600000, 59, 5, 0
undirected-00, 1900000, undirected-00, 1200000, 44, 13, 7
undirected-00, 1900000, undirected-00, 1300000, 35, 22, 7
undirected-00, 1900000, undirected-00, 1300000, 42, 18, 4
undirected-00, 1900000, undirected-00, 1400000, 33, 29, 2
undirected-00, 1900000, undirected-00, 2300000, 29, 28, 7
undirected-00, 1900000, undirected-00, 2400000, 27, 34, 3
undirected-00, 1900000, undirected-00, 300000, 60, 4, 0
undirected-00, 1900000, undirected-00, 400000, 54, 10, 0
undirected-00, 1900000, undirected-00, 500000, 59, 3, 2
undirected-00, 1900000, undirected-00, 700000, 52, 8, 4
undirected-00, 1900000, undirected-00, 700000, 59, 4, 1
undirected-00, 200000, naive-00, 0, 64, 0, 0
undirected-00, 200000, naive-00, 1000000, 5, 58, 1
undirected-00, 200000, naive-00, 1400000, 9, 54, 1
undirected-00, 200000, naive-00, 1500000, 9, 51, 4
undirected-00, 200000, naive-00, 1600000, 6, 53, 5
undirected-00, 200000, naive-00, 1600000, 7, 53, 4
undirected-00, 200000, naive-00, 1600000, 7, 55, 2
undirected-00, 200000, naive-00, 1700000, 3, 60, 1
undirected-00, 200000, naive-00, 1800000, 6, 57, 1
undirected-00, 200000, naive-00, 2000000, 5, 58, 1
undirected-00, 200000, naive-00, 2100000, 6, 56, 2
undirected-00, 200000, naive-00, 2200000, 2, 61, 1
undirected-00, 200000, naive-00, 2200000, 5, 58, 1
undirected-00, 200000, naive-00, 2800000, 8, 51, 5
undirected-00, 200000, naive-00, 2900000, 5, 56, 3
undirected-00, 200000, naive-00, 600000, 18, 41, 5
undirected-00, 200000, naive-00, 800000, 14, 49, 1
undirected-00, 200000, undirected-00, 0, 64, 0, 0
undirected-00, 200000, undirected-00, 100000, 52, 10, 2
undirected-00, 200000, undirected-00, 1200000, 6, 58, 0
undirected-00, 200000, undirected-00, 1300000, 10, 52, 2
undirected-00, 200000, undirected-00, 1500000, 7, 55, 2
undirected-00, 200000, undirected-00, 1500000, 7, 56, 1
undirected-00, 200000, undirected-00, 1700000, 5, 58, 1
undirected-00, 200000, undirected-00, 2100000, 6, 58, 0
undirected-00, 200000, undirected-00, 2300000, 2, 61, 1
undirected-00, 200000, undirected-00, 2400000, 2, 62, 0
undirected-00, 200000, undirected-00, 2600000, 1, 62, 1
undirected-00, 200000, undirected-00, 400000, 23, 39, 2
undirected-00, 200000, undirected-00, 700000, 9, 54, 1
undirected-00, 2000000, naive-00, 0, 64, 0, 0
undirected-00, 2000000, naive-00, 1200000, 47, 14, 3
undirected-00, 2000000, naive-00, 1200000, 55, 6, 3
undirected-00, 2000000, naive-00, 1400000, 56, 6, 2
undirected-00, 2000000, naive-00, 1500000, 48, 11, 5
undirected-00, 2000000, naive-00, 1700000, 50, 5, 9
undirected-00, 2000000, naive-00, 2100000, 47, 11, 6
undirected-00, 2000000, naive-00, 2300000, 47, 15, 2
undirected-00, 2000000, naive-00, 2300000, 49, 11, 4
undirected-00, 2000000, naive-00, 2600000, 39, 21, 4
undirected-00, 2000000, naive-00, 2800000, 38, 20, 6
undirected-00, 2000000, naive-00, 300000, 63, 1, 0
undirected-00, 2000000, naive-00, 300000, 64, 0, 0
undirected-00, 2000000, naive-00, 500000, 63, 1, 0
undirected-00, 2000000, naive-00, 800000, 58, 6, 0
undirected-00, 2000000, undirected-00, 0, 64, 0, 0
undirected-00, 2000000, undirected-00, 1000000, 47, 17, 0
undirected-00, 2000000, undirected-00, 1300000, 50, 11, 3
undirected-00, 2000000, undirected-00, 1400000, 44, 13, 7
undirected-00, 2000000, undirected-00, 1500000, 44, 16, 4
undirected-00, 2000000, undirected-00, 1600000, 44, 13, 7
undirected-00, 2000000, undirected-00, 1700000, 47, 11, 6
undirected-00, 2000000, undirected-00, 2100000, 39, 20, 5
undirected-00, 2000000, undirected-00, 2100000, 40, 22, 2
undirected-00, 2000000, undirected-00, 2200000, 35, 26, 3
undirected-00, 2000000, undirected-00, 2200000, 40, 20, 4
undirected-00, 2000000, undirected-00, 2300000, 33, 27, 4
undirected-00, 2000000, undirected-00, 2600000, 32, 22, 10
undirected-00, 2000000, undirected-00, 2700000, 30, 28, 6
undirected-00, 2000000, undirected-00, 600000, 53, 7, 4
undirected-00, 2000000, undirected-00, 600000, 58, 5, 1
undirected-00, 2100000, naive-00, 1100000, 54, 8, 2
undirected-00, 2100000, naive-00, 1200000, 51, 11, 2
undirected-00, 2100000, naive-00, 1200000, 53, 11, 0
undirected-00, 2100000, naive-00, 2000000, 52, 11, 1
undirected-00, 2100000, naive-00, 2500000, 39, 18, 7
undirected-00, 2100000, naive-00, 2600000, 31, 26, 7
undirected-00, 2100000, naive-00, 2700000, 36, 23, 5
undirected-00, 2100000, naive-00, 600000, 61, 2, 1
undirected-00, 2100000, naive-00, 900000, 57, 5, 2
undirected-00, 2100000, undirected-00, 100000, 64, 0, 0
undirected-00, 2100000, undirected-00, 1000000, 43, 17, 4
undirected-00, 2100000, undirected-00, 1100000, 47, 14, 3
undirected-00, 2100000, undirected-00, 1200000, 33, 22, 9
undirected-00, 2100000, undirected-00, 1600000, 42, 16, 6
undirected-00, 2100000, undirected-00, 200000, 61, 3, 0
undirected-00, 2100000, undirected-00, 2000000, 26, 36, 2
undirected-00, 2100000, undirected-00, 2000000, 29, 31, 4
undirected-00, 2100000, undirected-00, 2600000, 27, 31, 6
undirected-00, 2100000, undirected-00, 2800000, 28, 31, 5
undirected-00, 2100000, undirected-00, 300000, 61, 3, 0
undirected-00, 2100000, undirected-00, 400000, 55, 6, 3
undirected-00, 2100000, undirected-00, 800000, 52, 10, 2
undirected-00, 2200000, naive-00, 0, 64, 0, 0
undirected-00, 2200000, naive-00, 1100000, 53, 7, 4
undirected-00, 2200000, naive-00, 1400000, 55, 7, 2
undirected-00, 2200000, naive-00, 2200000, 43, 17, 4
undirected-00, 2200000, naive-00, 2600000, 42, 19, 3
undirected-00, 2200000, naive-00, 2800000, 44, 16, 4
undirected-00, 2200000, naive-00, 400000, 63, 0, 1
undirected-00, 2200000, naive-00, 600000, 62, 1, 1
undirected-00, 2200000, naive-00, 600000, 63, 1, 0
undirected-00, 2200000, naive-00, 700000, 59, 2, 3
undirected-00, 2200000, undirected-00, 0, 64, 0, 0
undirected-00, 2200000, undirected-00, 1200000, 45, 17, 2
undirected-00, 2200000, undirected-00, 1200000, 49, 13, 2
undirected-00, 2200000, undirected-00, 1300000, 44, 16, 4
undirected-00, 2200000, undirected-00, 1400000, 46, 13, 5
undirected-00, 2200000, undirected-00, 1400000, 46, 18, 0
undirected-00, 2200000, undirected-00, 1600000, 45, 14, 5
undirected-00, 2200000, undirected-00, 1900000, 42, 15, 7
undirected-00, 2200000, undirected-00, 2000000, 26, 34, 4
undirected-00, 2200000, undirected-00, 2000000, 33, 21, 10
undirected-00, 2200000, undirected-00, 2500000, 38, 23, 3
undirected-00, 2200000, undirected-00, 2700000, 28, 27, 9
undirected-00, 2200000, undirected-00, 300000, 61, 1, 2
undirected-00, 2200000, undirected-00, 300000, 63, 1, 0
undirected-00, 2200000, undirected-00, 700000, 57, 4, 3
undirected-00, 2300000, naive-00, 1000000, 48, 11, 5
undirected-00, 2300000, naive-00, 1300000, 53, 4, 7
undirected-00, 2300000, naive-00, 1400000, 55, 6, 3
undirected-00, 2300000, naive-00, 1700000, 45, 17, 2
undirected-00, 2300000, naive-00, 400000, 62, 0, 2
undirected-00, 2300000, naive-00, 500000, 60, 3, 1
undirected-00, 2300000, naive-00, 500000, 62, 2, 0
undirected-00, 2300000, naive-00, 700000, 58, 2, 4
undirected-00, 2300000, naive-00, 700000, 59, 4, 1
undirected-00, 2300000, naive-00, 800000, 59, 4, 1
undirected-00, 2300000, naive-00, 800000, 61, 1, 2
undirected-00, 2300000, undirected-00, 0, 64, 0, 0
undirected-00, 2300000, undirected-00, 100000, 63, 0, 1
undirected-00, 2300000, undirected-00, 1000000, 51, 11, 2
undirected-00, 2300000, undirected-00, 1100000, 48, 14, 2
undirected-00, 2300000, undirected-00, 1100000, 49, 12, 3
undirected-00, 2300000, undirected-00, 1200000, 49, 12, 3
undirected-00, 2300000, undirected-00, 1800000, 47, 11, 6
undirected-00, 2300000, undirected-00, 1900000, 42, 15, 7
undirected-00, 2300000, undirected-00, 200000, 62, 0, 2
undirected-00, 2300000, undirected-00, 2000000, 37, 19, 8
undirected-00, 2300000, undirected-00, 2500000, 37, 23, 4
undirected-00, 2300000, undirected-00, 2700000, 29, 29, 6
undirected-00, 2300000, undirected-00, 2700000, 37, 20, 7
undirected-00, 2300000, undirected-00, 2800000, 34, 24, 6
undirected-00, 2300000, undirected-00, 600000, 59, 5, 0
undirected-00, 2400000, naive-00, 100000, 64, 0, 0
undirected-00, 2400000, naive-00, 1200000, 54, 8, 2
undirected-00, 2400000, naive-00, 1400000, 51, 10, 3
undirected-00, 2400000, naive-00, 2000000, 51, 11, 2
undirected-00, 2400000, naive-00, 400000, 64, 0, 0
undirected-00, 2400000, naive-00, 600000, 61, 2, 1
undirected-00, 2400000, undirected-00, 100000, 64, 0, 0
undirected-00, 2400000, undirected-00, 1000000, 46, 15, 3
undirected-00, 2400000, undirected-00, 1400000, 48, 12, 4
undirected-00, 2400000, undirected-00, 1900000, 42, 16, 6
undirected-00, 2400000, undirected-00, 200000, 63, 0, 1
undirected-00, 2400000, undirected-00, 2500000, 45, 14, 5
undirected-00, 2400000, undirected-00, 2600000, 36, 23, 5
undirected-00, 2400000, undirected-00, 700000, 56, 5, 3
undirected-00, 2400000, undirected-00, 800000, 54, 7, 3
undirected-00, 2500000, naive-00, 0, 64, 0, 0
undirected-00, 2500000, naive-00, 1200000, 51, 7, 6
undirected-00, 2500000, naive-00, 1500000, 59, 4, 1
undirected-00, 2500000, naive-00, 1600000, 51, 10, 3
undirected-00, 2500000, naive-00, 1700000, 44, 14, 6
undirected-00, 2500000, naive-00, 1800000, 48, 13, 3
undirected-00, 2500000, naive-00, 1800000, 50, 12, 2
undirected-00, 2500000, naive-00, 2000000, 49, 10, 5
undirected-00, 2500000, naive-00, 2200000, 44, 16, 4
undirected-00, 2500000, naive-00, 2600000, 47, 10, 7
undirected-00, 2500000, naive-00, 500000, 60, 3, 1
undirected-00, 2500000, naive-00, 500000, 64, 0, 0
undirected-00, 2500000, naive-00, 700000, 60, 1, 3
undirected-00, 2500000, naive-00, 800000, 56, 3, 5
undirected-00, 2500000, naive-00, 900000, 59, 5, 0
undirected-00, 2500000, undirected-00, 0, 64, 0, 0
undirected-00, 2500000, undirected-00, 100000, 64, 0, 0
undirected-00, 2500000, undirected-00, 1200000, 42, 13, 9
undirected-00, 2500000, undirected-00, 1900000, 44, 19, 1
undirected-00, 2500000, undirected-00, 2200000, 44, 17, 3
undirected-00, 2500000, undirected-00, 2300000, 33, 26, 5
undirected-00, 2500000, undirected-00, 2400000, 36, 21, 7
undirected-00, 2500000, undirected-00, 2600000, 30, 27, 7
undirected-00, 2500000, undirected-00, 2600000, 44, 17, 3
undirected-00, 2500000, undirected-00, 2700000, 32, 27, 5
undirected-00, 2500000, undirected-00, 2800000, 31, 29, 4
undirected-00, 2500000, undirected-00, 500000, 53, 9, 2
undirected-00, 2500000, undirected-00, 500000, 57, 2, 5
undirected-00, 2500000, undirected-00, 700000, 53, 7, 4
undirected-00, 2500000, undirected-00, 900000, 53, 8, 3
undirected-00, 2600000, naive-00, 0, 64, 0, 0
undirected-00, 2600000, naive-00, 100000, 64, 0, 0
undirected-00, 2600000, naive-00, 100000, 64, 0, 0
undirected-00, 2600000, naive-00, 1000000, 55, 4, 5
undirected-00, 2600000, naive-00, 1100000, 54, 6, 4
undirected-00, 2600000, naive-00, 1100000, 59, 5, 0
undirected-00, 2600000, naive-00, 1400000, 62, 0, 2
undirected-00, 2600000, naive-00, 1500000, 59, 3, 2
undirected-00, 2600000, naive-00, 200000, 64, 0, 0
undirected-00, 2600000, naive-00, 2100000, 40, 18, 6
undirected-00, 2600000, naive-00, 2300000, 48, 11, 5
undirected-00, 2600000, naive-00, 2400000, 44, 16, 4
undirected-00, 2600000, naive-00, 2700000, 51, 9, 4
undirected-00, 2600000, naive-00, 500000, 58, 3, 3
undirected-00, 2600000, naive-00, 500000, 63, 1, 0
undirected-00, 2600000, naive-00, 600000, 64, 0, 0
undirected-00, 2600000, naive-00, 700000, 59, 2, 3
undirected-00, 2600000, undirected-00, 0, 64, 0, 0
undirected-00, 2600000, undirected-00, 0, 64, 0, 0
undirected-00, 2600000, undirected-00, 1000000, 50, 11, 3
undirected-00, 2600000, undirected-00, 1000000, 51, 9, 4
undirected-00, 2600000, undirected-00, 1300000, 46, 12, 6
undirected-00, 2600000, undirected-00, 1400000, 47, 12, 5
undirected-00, 2600000, undirected-00, 1400000, 51, 10, 3
undirected-00, 2600000, undirected-00, 1500000, 40, 20, 4
undirected-00, 2600000, undirected-00, 1500000, 43, 16, 5
undirected-00, 2600000, undirected-00, 1500000, 45, 13, 6
undirected-00, 2600000, undirected-00, 1800000, 51, 10, 3
undirected-00, 2600000, undirected-00, 200000, 63, 1, 0
undirected-00, 2600000, undirected-00, 2000000, 40, 20, 4
undirected-00, 2600000, undirected-00, 2100000, 43, 20, 1
undirected-00, 2600000, undirected-00, 2400000, 37, 24, 3
undirected-00, 2600000, undirected-00, 2500000, 40, 16, 8
undirected-00, 2600000, undirected-00, 2500000, 43, 18, 3
undirected-00, 2600000, undirected-00, 2700000, 35, 23, 6
undirected-00, 2600000, undirected-00, 2800000, 40, 19, 5
undirected-00, 2600000, undirected-00, 300000, 62, 2, 0
undirected-00, 2600000, undirected-00, 400000, 57, 7, 0
undirected-00, 2600000, undirected-00, 500000, 59, 4, 1
undirected-00, 2600000, undirected-00, 800000, 51, 9, 4
undirected-00, 2600000, undirected-00, 800000, 53, 9, 2
undirected-00, 2700000, naive-00, 0, 64, 0, 0
undirected-00, 2700000, naive-00, 0, 64, 0, 0
undirected-00, 2700000, naive-00, 1000000, 55, 4, 5
undirected-00, 2700000, naive-00, 1000000, 55, 6, 3
undirected-00, 2700000, naive-00, 1000000, 57, 4, 3
undirected-00, 2700000, naive-00, 1200000, 54, 7, 3
undirected-00, 2700000, naive-00, 1400000, 56, 5, 3
undirected-00, 2700000, naive-00, 1400000, 58, 5, 1
undirected-00, 2700000, naive-00, 1900000, 43, 16, 5
undirected-00, 2700000, naive-00, 200000, 63, 1, 0
undirected-00, 2700000, naive-00, 2000000, 55, 6, 3
undirected-00, 2700000, naive-00, 2400000, 50, 12, 2
undirected-00, 2700000, naive-00, 600000, 63, 0, 1
undirected-00, 2700000, undirected-00, 0, 64, 0, 0
undirected-00, 2700000, undirected-00, 100000, 63, 1, 0
undirected-00, 2700000, undirected-00, 1300000, 53, 9, 2
undirected-00, 2700000, undirected-00, 1600000, 40, 17, 7
undirected-00, 2700000, undirected-00, 1700000, 44, 18, 2
undirected-00, 2700000, undirected-00, 1700000, 45, 11, 8
undirected-00, 2700000, undirected-00, 2000000, 42, 17, 5
undirected-00, 2700000, undirected-00, 2200000, 31, 29, 4
undirected-00, 2700000, undirected-00, 2300000, 32, 24, 8
undirected-00, 2700000, undirected-00, 2300000, 35, 20, 9
undirected-00, 2700000, undirected-00, 2500000, 40, 18, 6
undirected-00, 2700000, undirected-00, 2600000, 34, 22, 8
undirected-00, 2700000, undirected-00, 2800000, 31, 25, 8
undirected-00, 2700000, undirected-00, 500000, 63, 1, 0
undirected-00, 2700000, undirected-00, 700000, 53, 8, 3
undirected-00, 2700000, undirected-00, 700000, 59, 1, 4
undirected-00, 2700000, undirected-00, 700000, 60, 3, 1
undirected-00, 2800000, naive-00, 100000, 64, 0, 0
undirected-00, 2800000, naive-00, 1100000, 56, 5, 3
undirected-00, 2800000, naive-00, 1600000, 46, 16, 2
undirected-00, 2800000, naive-00, 200000, 62, 2, 0
undirected-00, 2800000, naive-00, 2000000, 48, 13, 3
undirected-00, 2800000, naive-00, 2000000, 52, 7, 5
undirected-00, 2800000, naive-00, 2100000, 46, 9, 9
undirected-00, 2800000, naive-00, 2200000, 46, 14, 4
undirected-00, 2800000, naive-00, 2500000, 45, 13, 6
undirected-00, 2800000, naive-00, 2600000, 45, 11, 8
undirected-00, 2800000, naive-00, 600000, 64, 0, 0
undirected-00, 2800000, naive-00, 800000, 58, 2, 4
undirected-00, 2800000, naive-00, 800000, 59, 5, 0
undirected-00, 2800000, naive-00, 900000, 57, 6, 1
undirected-00, 2800000, undirected-00, 0, 64, 0, 0
undirected-00, 2800000, undirected-00, 1700000, 51, 10, 3
undirected-00, 2800000, undirected-00, 1800000, 48, 14, 2
undirected-00, 2800000, undirected-00, 2100000, 41, 17, 6
undirected-00, 2800000, undirected-00, 2300000, 38, 23, 3
undirected-00, 2800000, undirected-00, 2500000, 43, 15, 6
undirected-00, 2800000, undirected-00, 2600000, 42, 20, 2
undirected-00, 2800000, undirected-00, 2700000, 33, 21, 10
undirected-00, 2800000, undirected-00, 300000, 63, 1, 0
undirected-00, 2800000, undirected-00, 500000, 55, 4, 5
undirected-00, 2800000, undirected-00, 700000, 58, 5, 1
undirected-00, 2800000, undirected-00, 800000, 51, 9, 4
undirected-00, 2800000, undirected-00, 900000, 58, 5, 1
undirected-00, 300000, naive-00, 100000, 61, 3, 0
undirected-00, 300000, naive-00, 100000, 63, 1, 0
undirected-00, 300000, naive-00, 1000000, 11, 50, 3
undirected-00, 300000, naive-00, 1000000, 17, 45, 2
undirected-00, 300000, naive-00, 1100000, 15, 44, 5
undirected-00, 300000, naive-00, 1400000, 14, 50, 0
undirected-00, 300000, naive-00, 1600000, 12, 46, 6
undirected-00, 300000, naive-00, 1800000, 7, 56, 1
undirected-00, 300000, naive-00, 2600000, 12, 49, 3
undirected-00, 300000, naive-00, 2900000, 11, 52, 1
undirected-00, 300000, naive-00, 300000, 48, 14, 2
undirected-00, 300000, naive-00, 900000, 20, 42, 2
undirected-00, 300000, undirected-00, 1000000, 11, 51, 2
undirected-00, 300000, undirected-00, 1400000, 5, 57, 2
undirected-00, 300000, undirected-00, 1400000, 7, 57, 0
undirected-00, 300000, undirected-00, 1600000, 3, 60, 1
undirected-00, 300000, undirected-00, 1700000, 13, 46, 5
undirected-00, 300000, undirected-00, 1700000, 6, 57, 1
undirected-00, 300000, undirected-00, 1800000, 18, 46, 0
undirected-00, 300000, undirected-00, 1900000, 6, 58, 0
undirected-00, 300000, undirected-00, 2100000, 8, 56, 0
undirected-00, 300000, undirected-00, 2200000, 10, 54, 0
undirected-00, 300000, undirected-00, 2200000, 8, 56, 0
undirected-00, 300000, undirected-00, 2600000, 5, 57, 2
undirected-00, 300000, undirected-00, 2800000, 6, 56, 2
undirected-00, 300000, undirected-00, 400000, 28, 34, 2
undirected-00, 300000, undirected-00, 500000, 17, 42, 5
undirected-00, 300000, undirected-00, 800000, 13, 49, 2
undirected-00, 300000, undirected-00, 800000, 13, 50, 1
undirected-00, 400000, naive-00, 1000000, 19, 36, 9
undirected-00, 400000, naive-00, 1200000, 13, 49, 2
undirected-00, 400000, naive-00, 1500000, 25, 38, 1
undirected-00, 400000, naive-00, 1600000, 12, 51, 1
undirected-00, 400000, naive-00, 1600000, 19, 43, 2
undirected-00, 400000, naive-00, 1900000, 16, 45, 3
undirected-00, 400000, naive-00, 2600000, 18, 46, 0
undirected-00, 400000, naive-00, 2700000, 9, 55, 0
undirected-00, 400000, naive-00, 2900000, 13, 49, 2
undirected-00, 400000, naive-00, 600000, 43, 18, 3
undirected-00, 400000, naive-00, 800000, 24, 37, 3
undirected-00, 400000, undirected-00, 100000, 60, 3, 1
undirected-00, 400000, undirected-00, 100000, 62, 2, 0
undirected-00, 400000, undirected-00, 1200000, 9, 51, 4
undirected-00, 400000, undirected-00, 1400000, 11, 50, 3
undirected-00, 400000, undirected-00, 1400000, 14, 44, 6
undirected-00, 400000, undirected-00, 1600000, 12, 48, 4
undirected-00, 400000, undirected-00, 1700000, 15, 48, 1
undirected-00, 400000, undirected-00, 1700000, 9, 52, 3
undirected-00, 400000, undirected-00, 1900000, 16, 48, 0
undirected-00, 400000, undirected-00, 200000, 52, 9, 3
undirected-00, 400000, undirected-00, 2100000, 10, 53, 1
undirected-00, 400000, undirected-00, 2600000, 8, 53, 3
undirected-00, 400000, undirected-00, 300000, 45, 18, 1
undirected-00, 400000, undirected-00, 600000, 26, 34, 4
undirected-00, 500000, naive-00, 0, 64, 0, 0
undirected-00, 500000, naive-00, 0, 64, 0, 0
undirected-00, 500000, naive-00, 1200000, 19, 37, 8
undirected-00, 500000, naive-00, 1500000, 30, 29, 5
undirected-00, 500000, naive-00, 1900000, 17, 41, 6
undirected-00, 500000, naive-00, 2000000, 18, 39, 7
undirected-00, 500000, naive-00, 2400000, 22, 37, 5
undirected-00, 500000, naive-00, 2500000, 15, 43, 6
undirected-00, 500000, naive-00, 2500000, 19, 40, 5
undirected-00, 500000, naive-00, 2500000, 22, 39, 3
undirected-00, 500000, naive-00, 2800000, 21, 38, 5
undirected-00, 500000, naive-00, 900000, 31, 27, 6
undirected-00, 500000, undirected-00, 0, 64, 0, 0
undirected-00, 500000, undirected-00, 100000, 62, 1, 1
undirected-00, 500000, undirected-00, 1000000, 15, 45, 4
undirected-00, 500000, undirected-00, 1900000, 19, 43, 2
undirected-00, 500000, undirected-00, 2500000, 11, 47, 6
undirected-00, 500000, undirected-00, 2500000, 8, 54, 2
undirected-00, 500000, undirected-00, 2600000, 15, 47, 2
undirected-00, 500000, undirected-00, 2700000, 8, 53, 3
undirected-00, 500000, undirected-00, 2800000, 8, 54, 2
undirected-00, 500000, undirected-00, 300000, 50, 11, 3
undirected-00, 500000, undirected-00, 700000, 32, 27, 5
undirected-00, 600000, naive-00, 1400000, 38, 24, 2
undirected-00, 600000, naive-00, 1600000, 27, 33, 4
undirected-00, 600000, naive-00, 2100000, 28, 35, 1
undirected-00, 600000, naive-00, 2300000, 24, 35, 5
undirected-00, 600000, naive-00, 2700000, 20, 42, 2
undirected-00, 600000, naive-00, 400000, 60, 3, 1
undirected-00, 600000, naive-00, 500000, 48, 14, 2
undirected-00, 600000, naive-00, 500000, 50, 11, 3
undirected-00, 600000, naive-00, 600000, 47, 15, 2
undirected-00, 600000, naive-00, 600000, 49, 15, 0
undirected-00, 600000, naive-00, 800000, 34, 27, 3
undirected-00, 600000, undirected-00, 1000000, 29, 32, 3
undirected-00, 600000, undirected-00, 1200000, 20, 43, 1
undirected-00, 600000, undirected-00, 1400000, 21, 41, 2
undirected-00, 600000, undirected-00, 1700000, 19, 41, 4
undirected-00, 600000, undirected-00, 2000000, 14, 46, 4
undirected-00, 600000, undirected-00, 2000000, 20, 39, 5
undirected-00, 600000, undirected-00, 2300000, 20, 40, 4
undirected-00, 600000, undirected-00, 400000, 46, 15, 3
undirected-00, 700000, naive-00, 0, 64, 0, 0
undirected-00, 700000, naive-00, 1000000, 32, 28, 4
undirected-00, 700000, naive-00, 1000000, 34, 26, 4
undirected-00, 700000, naive-00, 1100000, 34, 26, 4
undirected-00, 700000, naive-00, 1400000, 40, 19, 5
undirected-00, 700000, naive-00, 1400000, 41, 22, 1
undirected-00, 700000, naive-00, 1500000, 32, 24, 8
undirected-00, 700000, naive-00, 1800000, 31, 31, 2
undirected-00, 700000, naive-00, 1800000, 32, 29, 3
undirected-00, 700000, naive-00, 200000, 62, 0, 2
undirected-00, 700000, naive-00, 2600000, 14, 45, 5
undirected-00, 700000, naive-00, 2600000, 18, 42, 4
undirected-00, 700000, naive-00, 2800000, 11, 51, 2
undirected-00, 700000, naive-00, 2900000, 17, 36, 11
undirected-00, 700000, naive-00, 2900000, 21, 40, 3
undirected-00, 700000, naive-00, 300000, 60, 4, 0
undirected-00, 700000, naive-00, 400000, 59, 4, 1
undirected-00, 700000, naive-00, 900000, 39, 18, 7
undirected-00, 700000, undirected-00, 0, 64, 0, 0
undirected-00, 700000, undirected-00, 1000000, 26, 34, 4
undirected-00, 700000, undirected-00, 1000000, 28, 32, 4
undirected-00, 700000, undirected-00, 1100000, 18, 38, 8
undirected-00, 700000, undirected-00, 1100000, 24, 31, 9
undirected-00, 700000, undirected-00, 1100000, 24, 38, 2
undirected-00, 700000, undirected-00, 1100000, 25, 36, 3
undirected-00, 700000, undirected-00, 1100000, 30, 28, 6
undirected-00, 700000, undirected-00, 1400000, 17, 41, 6
undirected-00, 700000, undirected-00, 1700000, 21, 38, 5
undirected-00, 700000, undirected-00, 1900000, 19, 39, 6
undirected-00, 700000, undirected-00, 1900000, 21, 41, 2
undirected-00, 700000, undirected-00, 200000, 61, 3, 0
undirected-00, 700000, undirected-00, 2200000, 8, 48, 8
undirected-00, 700000, undirected-00, 2400000, 13, 48, 3
undirected-00, 700000, undirected-00, 2500000, 18, 41, 5
undirected-00, 700000, undirected-00, 2700000, 10, 51, 3
undirected-00, 700000, undirected-00, 2700000, 12, 51, 1
undirected-00, 700000, undirected-00, 2700000, 15, 45, 4
undirected-00, 700000, undirected-00, 2800000, 11, 48, 5
undirected-00, 700000, undirected-00, 500000, 42, 13, 9
undirected-00, 700000, undirected-00, 800000, 27, 32, 5
undirected-00, 700000, undirected-00, 800000, 31, 28, 5
undirected-00, 800000, naive-00, 0, 64, 0, 0
undirected-00, 800000, naive-00, 1100000, 33, 22, 9
undirected-00, 800000, naive-00, 1100000, 41, 17, 6
undirected-00, 800000, naive-00, 1300000, 36, 22, 6
undirected-00, 800000, naive-00, 1300000, 37, 25, 2
undirected-00, 800000, naive-00, 1400000, 48, 12, 4
undirected-00, 800000, naive-00, 1500000, 43, 16, 5
undirected-00, 800000, naive-00, 200000, 61, 1, 2
undirected-00, 800000, naive-00, 2100000, 22, 38, 4
undirected-00, 800000, naive-00, 2100000, 28, 34, 2
undirected-00, 800000, naive-00, 2200000, 28, 32, 4
undirected-00, 800000, naive-00, 2200000, 36, 22, 6
undirected-00, 800000, naive-00, 2400000, 25, 32, 7
undirected-00, 800000, naive-00, 2500000, 31, 27, 6
undirected-00, 800000, naive-00, 2700000, 14, 39, 11
undirected-00, 800000, naive-00, 2800000, 27, 31, 6
undirected-00, 800000, naive-00, 800000, 44, 12, 8
undirected-00, 800000, naive-00, 900000, 49, 11, 4
undirected-00, 800000, undirected-00, 1400000, 28, 34, 2
undirected-00, 800000, undirected-00, 1600000, 30, 30, 4
undirected-00, 800000, undirected-00, 1700000, 29, 28, 7
undirected-00, 800000, undirected-00, 2100000, 23, 35, 6
undirected-00, 800000, undirected-00, 2400000, 16, 40, 8
undirected-00, 800000, undirected-00, 2600000, 14, 39, 11
undirected-00, 800000, undirected-00, 2600000, 15, 44, 5
undirected-00, 800000, undirected-00, 2800000, 18, 41, 5
undirected-00, 800000, undirected-00, 300000, 52, 8, 4
undirected-00, 800000, undirected-00, 300000, 59, 4, 1
undirected-00, 800000, undirected-00, 500000, 42, 16, 6
undirected-00, 800000, undirected-00, 700000, 42, 18, 4
undirected-00, 800000, undirected-00, 700000, 45, 17, 2
undirected-00, 900000, naive-00, 0, 64, 0, 0
undirected-00, 900000, naive-00, 0, 64, 0, 0
undirected-00, 900000, naive-00, 100000, 63, 1, 0
undirected-00, 900000, naive-00, 100000, 64, 0, 0
undirected-00, 900000, naive-00, 1000000, 36, 20, 8
undirected-00, 900000, naive-00, 1000000, 43, 16, 5
undirected-00, 900000, naive-00, 1500000, 35, 24, 5
undirected-00, 900000, naive-00, 1500000, 41, 16, 7
undirected-00, 900000, naive-00, 1900000, 19, 39, 6
undirected-00, 900000, naive-00, 2100000, 22, 34, 8
undirected-00, 900000, naive-00, 2100000, 27, 33, 4
undirected-00, 900000, naive-00, 2300000, 28, 34, 2
undirected-00, 900000, naive-00, 2500000, 31, 27, 6
undirected-00, 900000, naive-00, 2600000, 28, 32, 4
undirected-00, 900000, naive-00, 2900000, 30, 30, 4
undirected-00, 900000, naive-00, 600000, 51, 8, 5
undirected-00, 900000, naive-00, 600000, 55, 6, 3
undirected-00, 900000, undirected-00, 0, 64, 0, 0
undirected-00, 900000, undirected-00, 100000, 64, 0, 0
undirected-00, 900000, undirected-00, 1200000, 32, 31, 1
undirected-00, 900000, undirected-00, 1300000, 30, 28, 6
undirected-00, 900000, undirected-00, 1400000, 24, 37, 3
undirected-00, 900000, undirected-00, 1900000, 28, 32, 4
undirected-00, 900000, undirected-00, 2500000, 22, 38, 4
undirected-00, 900000, undirected-00, 2800000, 19, 40, 5
