lcghash-larger-beta, 100000, lcghash-larger-beta, 1100000, 28, 27, 9
lcghash-larger-beta, 100000, lcghash-larger-beta, 1100000, 28, 29, 7
lcghash-larger-beta, 100000, lcghash-larger-beta, 1100000, 33, 27, 4
lcghash-larger-beta, 100000, lcghash-larger-beta, 1100000, 39, 21, 4
lcghash-larger-beta, 100000, lcghash-larger-beta, 300000, 29, 29, 6
lcghash-larger-beta, 100000, lcghash-larger-beta, 300000, 31, 25, 8
lcghash-larger-beta, 100000, lcghash-larger-beta, 300000, 37, 21, 6
lcghash-larger-beta, 100000, lcghash-larger-beta, 500000, 22, 30, 12
lcghash-larger-beta, 100000, lcghash-larger-beta, 500000, 31, 27, 6
lcghash-larger-beta, 100000, lcghash-larger-beta, 500000, 34, 23, 7
lcghash-larger-beta, 100000, lcghash-larger-beta, 700000, 22, 32, 10
lcghash-larger-beta, 100000, lcghash-larger-beta, 700000, 25, 30, 9
lcghash-larger-beta, 100000, lcghash-larger-beta, 700000, 28, 29, 7
lcghash-larger-beta, 100000, lcghash-larger-beta, 700000, 29, 27, 8
lcghash-larger-beta, 100000, lcghash-larger-beta, 700000, 32, 24, 8
lcghash-larger-beta, 100000, lcghash-larger-beta, 700000, 32, 28, 4
lcghash-larger-beta, 100000, lcghash-no-window, 100000, 27, 30, 7
lcghash-larger-beta, 100000, lcghash-no-window, 100000, 40, 16, 8
lcghash-larger-beta, 100000, lcghash-no-window, 1100000, 20, 33, 11
lcghash-larger-beta, 100000, lcghash-no-window, 1100000, 25, 28, 11
lcghash-larger-beta, 100000, lcghash-no-window, 1100000, 29, 26, 9
lcghash-larger-beta, 100000, lcghash-no-window, 300000, 22, 32, 10
lcghash-larger-beta, 100000, lcghash-no-window, 300000, 30, 24, 10
lcghash-larger-beta, 100000, lcghash-no-window, 300000, 30, 27, 7
lcghash-larger-beta, 100000, lcghash-no-window, 500000, 25, 26, 13
lcghash-larger-beta, 100000, lcghash-no-window, 500000, 28, 30, 6
lcghash-larger-beta, 100000, lcghash-no-window, 500000, 35, 25, 4
lcghash-larger-beta, 100000, lcghash-no-window, 700000, 33, 23, 8
lcghash-larger-beta, 100000, lcghash-no-window, 900000, 25, 28, 11
lcghash-larger-beta, 100000, lcghash-no-window, 900000, 31, 24, 9
lcghash-larger-beta, 100000, undirected-filtered, 100000, 25, 28, 11
lcghash-larger-beta, 100000, undirected-filtered, 100000, 27, 31, 6
lcghash-larger-beta, 100000, undirected-filtered, 100000, 29, 28, 7
lcghash-larger-beta, 100000, undirected-filtered, 100000, 33, 20, 11
lcghash-larger-beta, 100000, undirected-filtered, 1100000, 16, 35, 13
lcghash-larger-beta, 100000, undirected-filtered, 1100000, 23, 34, 7
lcghash-larger-beta, 100000, undirected-filtered, 1100000, 25, 30, 9
lcghash-larger-beta, 100000, undirected-filtered, 1100000, 26, 30, 8
lcghash-larger-beta, 100000, undirected-filtered, 1300000, 23, 28, 13
lcghash-larger-beta, 100000, undirected-filtered, 1500000, 18, 35, 11
lcghash-larger-beta, 100000, undirected-filtered, 1500000, 20, 36, 8
lcghash-larger-beta, 100000, undirected-filtered, 1500000, 28, 25, 11
lcghash-larger-beta, 100000, undirected-filtered, 1500000, 29, 23, 12
lcghash-larger-beta, 100000, undirected-filtered, 1700000, 23, 36, 5
lcghash-larger-beta, 100000, undirected-filtered, 1700000, 24, 33, 7
lcghash-larger-beta, 100000, undirected-filtered, 1700000, 26, 25, 13
lcghash-larger-beta, 100000, undirected-filtered, 300000, 26, 19, 19
lcghash-larger-beta, 100000, undirected-filtered, 300000, 26, 29, 9
lcghash-larger-beta, 100000, undirected-filtered, 300000, 35, 27, 2
lcghash-larger-beta, 100000, undirected-filtered, 500000, 26, 32, 6
lcghash-larger-beta, 100000, undirected-filtered, 700000, 23, 31, 10
lcghash-larger-beta, 100000, undirected-filtered, 700000, 28, 24, 12
lcghash-larger-beta, 100000, undirected-filtered, 900000, 26, 29, 9
lcghash-larger-beta, 1100000, lcghash-larger-beta, 100000, 37, 22, 5
lcghash-larger-beta, 1100000, lcghash-larger-beta, 100000, 37, 23, 4
lcghash-larger-beta, 1100000, lcghash-larger-beta, 100000, 42, 19, 3
lcghash-larger-beta, 1100000, lcghash-larger-beta, 100000, 43, 20, 1
lcghash-larger-beta, 1100000, lcghash-larger-beta, 300000, 32, 25, 7
lcghash-larger-beta, 1100000, lcghash-larger-beta, 300000, 33, 25, 6
lcghash-larger-beta, 1100000, lcghash-larger-beta, 300000, 34, 23, 7
lcghash-larger-beta, 1100000, lcghash-larger-beta, 300000, 34, 23, 7
lcghash-larger-beta, 1100000, lcghash-larger-beta, 500000, 36, 21, 7
lcghash-larger-beta, 1100000, lcghash-larger-beta, 700000, 30, 29, 5
lcghash-larger-beta, 1100000, lcghash-larger-beta, 900000, 34, 23, 7
lcghash-larger-beta, 1100000, lcghash-larger-beta, 900000, 34, 28, 2
lcghash-larger-beta, 1100000, lcghash-no-window, 100000, 35, 21, 8
lcghash-larger-beta, 1100000, lcghash-no-window, 1100000, 31, 27, 6
lcghash-larger-beta, 1100000, lcghash-no-window, 300000, 30, 27, 7
lcghash-larger-beta, 1100000, lcghash-no-window, 500000, 30, 27, 7
lcghash-larger-beta, 1100000, lcghash-no-window, 500000, 30, 29, 5
lcghash-larger-beta, 1100000, lcghash-no-window, 700000, 26, 34, 4
lcghash-larger-beta, 1100000, lcghash-no-window, 700000, 27, 26, 11
lcghash-larger-beta, 1100000, lcghash-no-window, 700000, 27, 32, 5
lcghash-larger-beta, 1100000, lcghash-no-window, 700000, 30, 25, 9
lcghash-larger-beta, 1100000, lcghash-no-window, 700000, 33, 29, 2
lcghash-larger-beta, 1100000, lcghash-no-window, 900000, 26, 30, 8
lcghash-larger-beta, 1100000, lcghash-no-window, 900000, 27, 29, 8
lcghash-larger-beta, 1100000, lcghash-no-window, 900000, 34, 22, 8
lcghash-larger-beta, 1100000, undirected-filtered, 1100000, 24, 26, 14
lcghash-larger-beta, 1100000, undirected-filtered, 1100000, 25, 32, 7
lcghash-larger-beta, 1100000, undirected-filtered, 1300000, 27, 32, 5
lcghash-larger-beta, 1100000, undirected-filtered, 1300000, 32, 25, 7
lcghash-larger-beta, 1100000, undirected-filtered, 1500000, 22, 36, 6
lcghash-larger-beta, 1100000, undirected-filtered, 1500000, 26, 31, 7
lcghash-larger-beta, 1100000, undirected-filtered, 300000, 23, 33, 8
lcghash-larger-beta, 1100000, undirected-filtered, 300000, 26, 26, 12
lcghash-larger-beta, 1100000, undirected-filtered, 300000, 26, 32, 6
lcghash-larger-beta, 1100000, undirected-filtered, 300000, 28, 25, 11
lcghash-larger-beta, 1100000, undirected-filtered, 300000, 29, 27, 8
lcghash-larger-beta, 1100000, undirected-filtered, 300000, 29, 28, 7
lcghash-larger-beta, 1100000, undirected-filtered, 300000, 29, 30, 5
lcghash-larger-beta, 1100000, undirected-filtered, 500000, 28, 30, 6
lcghash-larger-beta, 1100000, undirected-filtered, 900000, 20, 32, 12
lcghash-larger-beta, 1100000, undirected-filtered, 900000, 26, 28, 10
lcghash-larger-beta, 300000, lcghash-larger-beta, 100000, 37, 26, 1
lcghash-larger-beta, 300000, lcghash-larger-beta, 100000, 43, 15, 6
lcghash-larger-beta, 300000, lcghash-larger-beta, 100000, 43, 16, 5
lcghash-larger-beta, 300000, lcghash-larger-beta, 1100000, 30, 22, 12
lcghash-larger-beta, 300000, lcghash-larger-beta, 1100000, 36, 16, 12
lcghash-larger-beta, 300000, lcghash-larger-beta, 1100000, 36, 22, 6
lcghash-larger-beta, 300000, lcghash-larger-beta, 500000, 32, 21, 11
lcghash-larger-beta, 300000, lcghash-larger-beta, 500000, 33, 26, 5
lcghash-larger-beta, 300000, lcghash-larger-beta, 500000, 34, 21, 9
lcghash-larger-beta, 300000, lcghash-larger-beta, 500000, 37, 17, 10
lcghash-larger-beta, 300000, lcghash-larger-beta, 500000, 39, 19, 6
lcghash-larger-beta, 300000, lcghash-larger-beta, 700000, 26, 26, 12
lcghash-larger-beta, 300000, lcghash-larger-beta, 700000, 29, 23, 12
lcghash-larger-beta, 300000, lcghash-larger-beta, 700000, 30, 23, 11
lcghash-larger-beta, 300000, lcghash-larger-beta, 700000, 30, 24, 10
lcghash-larger-beta, 300000, lcghash-larger-beta, 700000, 33, 22, 9
lcghash-larger-beta, 300000, lcghash-no-window, 100000, 32, 23, 9
lcghash-larger-beta, 300000, lcghash-no-window, 100000, 33, 26, 5
lcghash-larger-beta, 300000, lcghash-no-window, 300000, 32, 18, 14
lcghash-larger-beta, 300000, lcghash-no-window, 300000, 34, 22, 8
lcghash-larger-beta, 300000, lcghash-no-window, 500000, 26, 24, 14
lcghash-larger-beta, 300000, lcghash-no-window, 500000, 27, 24, 13
lcghash-larger-beta, 300000, lcghash-no-window, 500000, 28, 24, 12
lcghash-larger-beta, 300000, lcghash-no-window, 500000, 36, 23, 5
lcghash-larger-beta, 300000, lcghash-no-window, 700000, 27, 22, 15
lcghash-larger-beta, 300000, lcghash-no-window, 700000, 27, 27, 10
lcghash-larger-beta, 300000, lcghash-no-window, 700000, 39, 19, 6
lcghash-larger-beta, 300000, lcghash-no-window, 900000, 29, 22, 13
lcghash-larger-beta, 300000, undirected-filtered, 100000, 33, 24, 7
lcghash-larger-beta, 300000, undirected-filtered, 100000, 36, 15, 13
lcghash-larger-beta, 300000, undirected-filtered, 100000, 37, 18, 9
lcghash-larger-beta, 300000, undirected-filtered, 1100000, 22, 26, 16
lcghash-larger-beta, 300000, undirected-filtered, 1100000, 29, 25, 10
lcghash-larger-beta, 300000, undirected-filtered, 1100000, 30, 19, 15
lcghash-larger-beta, 300000, undirected-filtered, 1300000, 21, 26, 17
lcghash-larger-beta, 300000, undirected-filtered, 1300000, 21, 31, 12
lcghash-larger-beta, 300000, undirected-filtered, 1300000, 24, 23, 17
lcghash-larger-beta, 300000, undirected-filtered, 1300000, 26, 24, 14
lcghash-larger-beta, 300000, undirected-filtered, 1300000, 27, 26, 11
lcghash-larger-beta, 300000, undirected-filtered, 1300000, 29, 19, 16
lcghash-larger-beta, 300000, undirected-filtered, 1300000, 30, 26, 8
lcghash-larger-beta, 300000, undirected-filtered, 1300000, 33, 21, 10
lcghash-larger-beta, 300000, undirected-filtered, 1500000, 16, 36, 12
lcghash-larger-beta, 300000, undirected-filtered, 1500000, 25, 26, 13
lcghash-larger-beta, 300000, undirected-filtered, 1500000, 27, 25, 12
lcghash-larger-beta, 300000, undirected-filtered, 1500000, 30, 26, 8
lcghash-larger-beta, 300000, undirected-filtered, 1700000, 19, 29, 16
lcghash-larger-beta, 300000, undirected-filtered, 1700000, 27, 26, 11
lcghash-larger-beta, 300000, undirected-filtered, 300000, 20, 31, 13
lcghash-larger-beta, 300000, undirected-filtered, 300000, 29, 23, 12
lcghash-larger-beta, 300000, undirected-filtered, 300000, 29, 27, 8
lcghash-larger-beta, 300000, undirected-filtered, 300000, 31, 24, 9
lcghash-larger-beta, 300000, undirected-filtered, 300000, 32, 21, 11
lcghash-larger-beta, 300000, undirected-filtered, 300000, 33, 20, 11
lcghash-larger-beta, 300000, undirected-filtered, 300000, 33, 21, 10
lcghash-larger-beta, 300000, undirected-filtered, 500000, 21, 31, 12
lcghash-larger-beta, 300000, undirected-filtered, 500000, 31, 20, 13
lcghash-larger-beta, 300000, undirected-filtered, 500000, 33, 19, 12
lcghash-larger-beta, 300000, undirected-filtered, 700000, 23, 33, 8
lcghash-larger-beta, 300000, undirected-filtered, 700000, 26, 26, 12
lcghash-larger-beta, 300000, undirected-filtered, 700000, 26, 28, 10
lcghash-larger-beta, 300000, undirected-filtered, 900000, 21, 29, 14
lcghash-larger-beta, 300000, undirected-filtered, 900000, 22, 33, 9
lcghash-larger-beta, 300000, undirected-filtered, 900000, 24, 30, 10
lcghash-larger-beta, 300000, undirected-filtered, 900000, 26, 20, 18
lcghash-larger-beta, 300000, undirected-filtered, 900000, 26, 25, 13
lcghash-larger-beta, 300000, undirected-filtered, 900000, 27, 23, 14
lcghash-larger-beta, 300000, undirected-filtered, 900000, 27, 29, 8
lcghash-larger-beta, 500000, lcghash-larger-beta, 100000, 39, 18, 7
lcghash-larger-beta, 500000, lcghash-larger-beta, 100000, 40, 24, 0
lcghash-larger-beta, 500000, lcghash-larger-beta, 100000, 47, 13, 4
lcghash-larger-beta, 500000, lcghash-larger-beta, 1100000, 43, 17, 4
lcghash-larger-beta, 500000, lcghash-larger-beta, 300000, 36, 22, 6
lcghash-larger-beta, 500000, lcghash-larger-beta, 300000, 36, 23, 5
lcghash-larger-beta, 500000, lcghash-larger-beta, 300000, 41, 18, 5
lcghash-larger-beta, 500000, lcghash-larger-beta, 300000, 42, 17, 5
lcghash-larger-beta, 500000, lcghash-larger-beta, 300000, 46, 17, 1
lcghash-larger-beta, 500000, lcghash-larger-beta, 700000, 32, 27, 5
lcghash-larger-beta, 500000, lcghash-larger-beta, 700000, 34, 20, 10
lcghash-larger-beta, 500000, lcghash-no-window, 100000, 34, 25, 5
lcghash-larger-beta, 500000, lcghash-no-window, 100000, 34, 25, 5
lcghash-larger-beta, 500000, lcghash-no-window, 100000, 35, 18, 11
lcghash-larger-beta, 500000, lcghash-no-window, 100000, 35, 19, 10
lcghash-larger-beta, 500000, lcghash-no-window, 100000, 37, 19, 8
lcghash-larger-beta, 500000, lcghash-no-window, 100000, 39, 16, 9
lcghash-larger-beta, 500000, lcghash-no-window, 100000, 40, 18, 6
lcghash-larger-beta, 500000, lcghash-no-window, 100000, 45, 15, 4
lcghash-larger-beta, 500000, lcghash-no-window, 1100000, 29, 27, 8
lcghash-larger-beta, 500000, lcghash-no-window, 1100000, 34, 19, 11
lcghash-larger-beta, 500000, lcghash-no-window, 300000, 37, 21, 6
lcghash-larger-beta, 500000, lcghash-no-window, 300000, 37, 25, 2
lcghash-larger-beta, 500000, lcghash-no-window, 300000, 38, 21, 5
lcghash-larger-beta, 500000, lcghash-no-window, 500000, 28, 26, 10
lcghash-larger-beta, 500000, lcghash-no-window, 500000, 32, 23, 9
lcghash-larger-beta, 500000, lcghash-no-window, 500000, 33, 16, 15
lcghash-larger-beta, 500000, lcghash-no-window, 500000, 33, 22, 9
lcghash-larger-beta, 500000, lcghash-no-window, 500000, 41, 19, 4
lcghash-larger-beta, 500000, lcghash-no-window, 700000, 36, 19, 9
lcghash-larger-beta, 500000, lcghash-no-window, 700000, 37, 18, 9
lcghash-larger-beta, 500000, lcghash-no-window, 900000, 37, 25, 2
lcghash-larger-beta, 500000, undirected-filtered, 100000, 35, 22, 7
lcghash-larger-beta, 500000, undirected-filtered, 100000, 38, 18, 8
lcghash-larger-beta, 500000, undirected-filtered, 100000, 39, 12, 13
lcghash-larger-beta, 500000, undirected-filtered, 100000, 40, 18, 6
lcghash-larger-beta, 500000, undirected-filtered, 1100000, 21, 30, 13
lcghash-larger-beta, 500000, undirected-filtered, 1100000, 22, 31, 11
lcghash-larger-beta, 500000, undirected-filtered, 1100000, 27, 23, 14
lcghash-larger-beta, 500000, undirected-filtered, 1100000, 27, 25, 12
lcghash-larger-beta, 500000, undirected-filtered, 1100000, 29, 23, 12
lcghash-larger-beta, 500000, undirected-filtered, 1100000, 33, 20, 11
lcghash-larger-beta, 500000, undirected-filtered, 1100000, 34, 19, 11
lcghash-larger-beta, 500000, undirected-filtered, 1300000, 24, 31, 9
lcghash-larger-beta, 500000, undirected-filtered, 1300000, 24, 31, 9
lcghash-larger-beta, 500000, undirected-filtered, 1500000, 23, 28, 13
lcghash-larger-beta, 500000, undirected-filtered, 1500000, 29, 20, 15
lcghash-larger-beta, 500000, undirected-filtered, 1500000, 30, 18, 16
lcghash-larger-beta, 500000, undirected-filtered, 1500000, 31, 16, 17
lcghash-larger-beta, 500000, undirected-filtered, 1700000, 20, 27, 17
lcghash-larger-beta, 500000, undirected-filtered, 1700000, 20, 29, 15
lcghash-larger-beta, 500000, undirected-filtered, 1700000, 28, 23, 13
lcghash-larger-beta, 500000, undirected-filtered, 1700000, 29, 16, 19
lcghash-larger-beta, 500000, undirected-filtered, 300000, 30, 24, 10
lcghash-larger-beta, 500000, undirected-filtered, 500000, 30, 24, 10
lcghash-larger-beta, 500000, undirected-filtered, 700000, 27, 21, 16
lcghash-larger-beta, 500000, undirected-filtered, 700000, 29, 24, 11
lcghash-larger-beta, 500000, undirected-filtered, 700000, 30, 18, 16
lcghash-larger-beta, 500000, undirected-filtered, 700000, 30, 21, 13
lcghash-larger-beta, 500000, undirected-filtered, 700000, 32, 21, 11
lcghash-larger-beta, 500000, undirected-filtered, 900000, 24, 28, 12
lcghash-larger-beta, 500000, undirected-filtered, 900000, 27, 22, 15
lcghash-larger-beta, 500000, undirected-filtered, 900000, 27, 24, 13
lcghash-larger-beta, 500000, undirected-filtered, 900000, 29, 18, 17
lcghash-larger-beta, 700000, lcghash-larger-beta, 100000, 41, 14, 9
lcghash-larger-beta, 700000, lcghash-larger-beta, 100000, 41, 21, 2
lcghash-larger-beta, 700000, lcghash-larger-beta, 100000, 43, 13, 8
lcghash-larger-beta, 700000, lcghash-larger-beta, 100000, 44, 14, 6
lcghash-larger-beta, 700000, lcghash-larger-beta, 100000, 44, 17, 3
lcghash-larger-beta, 700000, lcghash-larger-beta, 100000, 49, 11, 4
lcghash-larger-beta, 700000, lcghash-larger-beta, 1100000, 41, 16, 7
lcghash-larger-beta, 700000, lcghash-larger-beta, 300000, 36, 18, 10
lcghash-larger-beta, 700000, lcghash-larger-beta, 300000, 36, 20, 8
lcghash-larger-beta, 700000, lcghash-larger-beta, 300000, 38, 18, 8
lcghash-larger-beta, 700000, lcghash-larger-beta, 300000, 38, 23, 3
lcghash-larger-beta, 700000, lcghash-larger-beta, 300000, 40, 15, 9
lcghash-larger-beta, 700000, lcghash-larger-beta, 500000, 35, 20, 9
lcghash-larger-beta, 700000, lcghash-larger-beta, 500000, 41, 19, 4
lcghash-larger-beta, 700000, lcghash-larger-beta, 900000, 30, 24, 10
lcghash-larger-beta, 700000, lcghash-larger-beta, 900000, 43, 11, 10
lcghash-larger-beta, 700000, lcghash-no-window, 100000, 33, 21, 10
lcghash-larger-beta, 700000, lcghash-no-window, 100000, 38, 17, 9
lcghash-larger-beta, 700000, lcghash-no-window, 100000, 40, 17, 7
lcghash-larger-beta, 700000, lcghash-no-window, 100000, 41, 15, 8
lcghash-larger-beta, 700000, lcghash-no-window, 100000, 45, 17, 2
lcghash-larger-beta, 700000, lcghash-no-window, 100000, 47, 12, 5
lcghash-larger-beta, 700000, lcghash-no-window, 300000, 36, 20, 8
lcghash-larger-beta, 700000, lcghash-no-window, 300000, 37, 18, 9
lcghash-larger-beta, 700000, lcghash-no-window, 300000, 37, 20, 7
lcghash-larger-beta, 700000, lcghash-no-window, 300000, 39, 18, 7
lcghash-larger-beta, 700000, lcghash-no-window, 500000, 32, 22, 10
lcghash-larger-beta, 700000, lcghash-no-window, 500000, 33, 24, 7
lcghash-larger-beta, 700000, lcghash-no-window, 500000, 34, 19, 11
lcghash-larger-beta, 700000, lcghash-no-window, 500000, 35, 21, 8
lcghash-larger-beta, 700000, lcghash-no-window, 500000, 35, 22, 7
lcghash-larger-beta, 700000, lcghash-no-window, 500000, 42, 19, 3
lcghash-larger-beta, 700000, lcghash-no-window, 700000, 31, 21, 12
lcghash-larger-beta, 700000, lcghash-no-window, 700000, 44, 12, 8
lcghash-larger-beta, 700000, lcghash-no-window, 900000, 38, 18, 8
lcghash-larger-beta, 700000, undirected-filtered, 100000, 40, 20, 4
lcghash-larger-beta, 700000, undirected-filtered, 100000, 48, 10, 6
lcghash-larger-beta, 700000, undirected-filtered, 1100000, 25, 22, 17
lcghash-larger-beta, 700000, undirected-filtered, 1100000, 27, 26, 11
lcghash-larger-beta, 700000, undirected-filtered, 1100000, 31, 16, 17
lcghash-larger-beta, 700000, undirected-filtered, 1100000, 35, 21, 8
lcghash-larger-beta, 700000, undirected-filtered, 1100000, 36, 15, 13
lcghash-larger-beta, 700000, undirected-filtered, 1100000, 38, 16, 10
lcghash-larger-beta, 700000, undirected-filtered, 1100000, 39, 14, 11
lcghash-larger-beta, 700000, undirected-filtered, 1300000, 23, 29, 12
lcghash-larger-beta, 700000, undirected-filtered, 1300000, 24, 29, 11
lcghash-larger-beta, 700000, undirected-filtered, 1300000, 31, 20, 13
lcghash-larger-beta, 700000, undirected-filtered, 1300000, 32, 23, 9
lcghash-larger-beta, 700000, undirected-filtered, 1500000, 29, 24, 11
lcghash-larger-beta, 700000, undirected-filtered, 1500000, 31, 22, 11
lcghash-larger-beta, 700000, undirected-filtered, 1500000, 33, 18, 13
lcghash-larger-beta, 700000, undirected-filtered, 1700000, 23, 30, 11
lcghash-larger-beta, 700000, undirected-filtered, 1700000, 28, 22, 14
lcghash-larger-beta, 700000, undirected-filtered, 1700000, 30, 22, 12
lcghash-larger-beta, 700000, undirected-filtered, 1700000, 30, 23, 11
lcghash-larger-beta, 700000, undirected-filtered, 1700000, 31, 25, 8
lcghash-larger-beta, 700000, undirected-filtered, 1700000, 32, 20, 12
lcghash-larger-beta, 700000, undirected-filtered, 1700000, 32, 23, 9
lcghash-larger-beta, 700000, undirected-filtered, 300000, 29, 25, 10
lcghash-larger-beta, 700000, undirected-filtered, 300000, 32, 21, 11
lcghash-larger-beta, 700000, undirected-filtered, 300000, 33, 20, 11
lcghash-larger-beta, 700000, undirected-filtered, 300000, 33, 20, 11
lcghash-larger-beta, 700000, undirected-filtered, 300000, 36, 17, 11
lcghash-larger-beta, 700000, undirected-filtered, 300000, 37, 22, 5
lcghash-larger-beta, 700000, undirected-filtered, 300000, 39, 20, 5
lcghash-larger-beta, 700000, undirected-filtered, 500000, 31, 23, 10
lcghash-larger-beta, 700000, undirected-filtered, 500000, 39, 18, 7
lcghash-larger-beta, 700000, undirected-filtered, 700000, 27, 27, 10
lcghash-larger-beta, 700000, undirected-filtered, 700000, 33, 23, 8
lcghash-larger-beta, 700000, undirected-filtered, 700000, 35, 20, 9
lcghash-larger-beta, 700000, undirected-filtered, 700000, 41, 13, 10
lcghash-larger-beta, 700000, undirected-filtered, 900000, 28, 22, 14
lcghash-larger-beta, 700000, undirected-filtered, 900000, 30, 19, 15
lcghash-larger-beta, 700000, undirected-filtered, 900000, 31, 19, 14
lcghash-larger-beta, 700000, undirected-filtered, 900000, 33, 24, 7
lcghash-larger-beta, 900000, lcghash-larger-beta, 1100000, 40, 18, 6
lcghash-larger-beta, 900000, lcghash-larger-beta, 1100000, 45, 15, 4
lcghash-larger-beta, 900000, lcghash-larger-beta, 700000, 32, 24, 8
lcghash-larger-beta, 900000, lcghash-larger-beta, 700000, 39, 17, 8
lcghash-larger-beta, 900000, lcghash-no-window, 100000, 34, 23, 7
lcghash-larger-beta, 900000, lcghash-no-window, 100000, 38, 19, 7
lcghash-larger-beta, 900000, lcghash-no-window, 100000, 39, 24, 1
lcghash-larger-beta, 900000, lcghash-no-window, 1100000, 27, 23, 14
lcghash-larger-beta, 900000, lcghash-no-window, 1100000, 38, 17, 9
lcghash-larger-beta, 900000, lcghash-no-window, 300000, 30, 24, 10
lcghash-larger-beta, 900000, lcghash-no-window, 500000, 35, 19, 10
lcghash-larger-beta, 900000, lcghash-no-window, 500000, 37, 20, 7
lcghash-larger-beta, 900000, lcghash-no-window, 500000, 39, 18, 7
lcghash-larger-beta, 900000, lcghash-no-window, 700000, 32, 23, 9
lcghash-larger-beta, 900000, lcghash-no-window, 900000, 30, 15, 19
lcghash-larger-beta, 900000, undirected-filtered, 100000, 38, 20, 6
lcghash-larger-beta, 900000, undirected-filtered, 100000, 41, 16, 7
lcghash-larger-beta, 900000, undirected-filtered, 100000, 42, 17, 5
lcghash-larger-beta, 900000, undirected-filtered, 1100000, 31, 24, 9
lcghash-larger-beta, 900000, undirected-filtered, 1100000, 33, 17, 14
lcghash-larger-beta, 900000, undirected-filtered, 1300000, 28, 16, 20
lcghash-larger-beta, 900000, undirected-filtered, 1300000, 40, 16, 8
lcghash-larger-beta, 900000, undirected-filtered, 1500000, 25, 26, 13
lcghash-larger-beta, 900000, undirected-filtered, 1500000, 27, 23, 14
lcghash-larger-beta, 900000, undirected-filtered, 1500000, 28, 22, 14
lcghash-larger-beta, 900000, undirected-filtered, 1500000, 29, 22, 13
lcghash-larger-beta, 900000, undirected-filtered, 1500000, 31, 24, 9
lcghash-larger-beta, 900000, undirected-filtered, 1700000, 22, 28, 14
lcghash-larger-beta, 900000, undirected-filtered, 1700000, 30, 22, 12
lcghash-larger-beta, 900000, undirected-filtered, 1700000, 33, 18, 13
lcghash-larger-beta, 900000, undirected-filtered, 300000, 34, 22, 8
lcghash-larger-beta, 900000, undirected-filtered, 300000, 35, 19, 10
lcghash-larger-beta, 900000, undirected-filtered, 500000, 28, 23, 13
lcghash-larger-beta, 900000, undirected-filtered, 500000, 28, 24, 12
lcghash-larger-beta, 900000, undirected-filtered, 500000, 33, 23, 8
lcghash-larger-beta, 900000, undirected-filtered, 700000, 32, 23, 9
lcghash-larger-beta, 900000, undirected-filtered, 700000, 34, 22, 8
lcghash-larger-beta, 900000, undirected-filtered, 700000, 36, 18, 10
lcghash-larger-beta, 900000, undirected-filtered, 900000, 33, 14, 17
lcghash-larger-beta, 900000, undirected-filtered, 900000, 33, 21, 10
lcghash-larger-beta, 900000, undirected-filtered, 900000, 35, 15, 14
lcghash-no-window, 100000, lcghash-larger-beta, 100000, 34, 27, 3
lcghash-no-window, 100000, lcghash-larger-beta, 100000, 49, 12, 3
lcghash-no-window, 100000, lcghash-larger-beta, 1100000, 39, 19, 6
lcghash-no-window, 100000, lcghash-larger-beta, 300000, 30, 25, 9
lcghash-no-window, 100000, lcghash-larger-beta, 300000, 34, 25, 5
lcghash-no-window, 100000, lcghash-larger-beta, 500000, 26, 32, 6
lcghash-no-window, 100000, lcghash-larger-beta, 500000, 31, 22, 11
lcghash-no-window, 100000, lcghash-larger-beta, 500000, 31, 23, 10
lcghash-no-window, 100000, lcghash-larger-beta, 500000, 34, 22, 8
lcghash-no-window, 100000, lcghash-larger-beta, 500000, 34, 28, 2
lcghash-no-window, 100000, lcghash-larger-beta, 500000, 35, 21, 8
lcghash-no-window, 100000, lcghash-larger-beta, 500000, 37, 21, 6
lcghash-no-window, 100000, lcghash-larger-beta, 500000, 37, 23, 4
lcghash-no-window, 100000, lcghash-larger-beta, 700000, 30, 27, 7
lcghash-no-window, 100000, lcghash-larger-beta, 700000, 31, 23, 10
lcghash-no-window, 100000, lcghash-larger-beta, 700000, 31, 23, 10
lcghash-no-window, 100000, lcghash-larger-beta, 700000, 33, 23, 8
lcghash-no-window, 100000, lcghash-larger-beta, 700000, 36, 21, 7
lcghash-no-window, 100000, lcghash-larger-beta, 700000, 37, 16, 11
lcghash-no-window, 100000, lcghash-larger-beta, 900000, 28, 31, 5
lcghash-no-window, 100000, lcghash-larger-beta, 900000, 30, 29, 5
lcghash-no-window, 100000, lcghash-larger-beta, 900000, 36, 21, 7
lcghash-no-window, 100000, lcghash-no-window, 1100000, 31, 24, 9
lcghash-no-window, 100000, lcghash-no-window, 1100000, 37, 20, 7
lcghash-no-window, 100000, lcghash-no-window, 300000, 30, 22, 12
lcghash-no-window, 100000, lcghash-no-window, 300000, 30, 26, 8
lcghash-no-window, 100000, lcghash-no-window, 300000, 30, 27, 7
lcghash-no-window, 100000, lcghash-no-window, 300000, 33, 23, 8
lcghash-no-window, 100000, lcghash-no-window, 300000, 38, 20, 6
lcghash-no-window, 100000, lcghash-no-window, 500000, 31, 22, 11
lcghash-no-window, 100000, lcghash-no-window, 700000, 26, 28, 10
lcghash-no-window, 100000, lcghash-no-window, 700000, 27, 26, 11
lcghash-no-window, 100000, lcghash-no-window, 700000, 29, 25, 10
lcghash-no-window, 100000, lcghash-no-window, 700000, 31, 25, 8
lcghash-no-window, 100000, lcghash-no-window, 700000, 32, 23, 9
lcghash-no-window, 100000, lcghash-no-window, 700000, 33, 23, 8
lcghash-no-window, 100000, lcghash-no-window, 700000, 36, 24, 4
lcghash-no-window, 100000, lcghash-no-window, 900000, 25, 26, 13
lcghash-no-window, 100000, lcghash-no-window, 900000, 30, 24, 10
lcghash-no-window, 100000, lcghash-no-window, 900000, 30, 24, 10
lcghash-no-window, 100000, undirected-filtered, 100000, 28, 29, 7
lcghash-no-window, 100000, undirected-filtered, 100000, 30, 27, 7
lcghash-no-window, 100000, undirected-filtered, 100000, 34, 20, 10
lcghash-no-window, 100000, undirected-filtered, 100000, 38, 15, 11
lcghash-no-window, 100000, undirected-filtered, 100000, 40, 14, 10
lcghash-no-window, 100000, undirected-filtered, 1100000, 20, 33, 11
lcghash-no-window, 100000, undirected-filtered, 1100000, 28, 31, 5
lcghash-no-window, 100000, undirected-filtered, 1300000, 22, 30, 12
lcghash-no-window, 100000, undirected-filtered, 1300000, 30, 25, 9
lcghash-no-window, 100000, undirected-filtered, 1300000, 31, 21, 12
lcghash-no-window, 100000, undirected-filtered, 1300000, 31, 25, 8
lcghash-no-window, 100000, undirected-filtered, 1500000, 25, 30, 9
lcghash-no-window, 100000, undirected-filtered, 1500000, 26, 27, 11
lcghash-no-window, 100000, undirected-filtered, 1500000, 26, 31, 7
lcghash-no-window, 100000, undirected-filtered, 1500000, 28, 28, 8
lcghash-no-window, 100000, undirected-filtered, 1500000, 30, 23, 11
lcghash-no-window, 100000, undirected-filtered, 1700000, 25, 26, 13
lcghash-no-window, 100000, undirected-filtered, 1700000, 25, 32, 7
lcghash-no-window, 100000, undirected-filtered, 1700000, 27, 26, 11
lcghash-no-window, 100000, undirected-filtered, 1700000, 28, 24, 12
lcghash-no-window, 100000, undirected-filtered, 1700000, 28, 26, 10
lcghash-no-window, 100000, undirected-filtered, 1700000, 31, 27, 6
lcghash-no-window, 100000, undirected-filtered, 300000, 26, 29, 9
lcghash-no-window, 100000, undirected-filtered, 500000, 23, 28, 13
lcghash-no-window, 100000, undirected-filtered, 500000, 26, 27, 11
lcghash-no-window, 100000, undirected-filtered, 500000, 26, 28, 10
lcghash-no-window, 100000, undirected-filtered, 500000, 28, 25, 11
lcghash-no-window, 100000, undirected-filtered, 500000, 31, 22, 11
lcghash-no-window, 100000, undirected-filtered, 500000, 33, 20, 11
lcghash-no-window, 100000, undirected-filtered, 700000, 26, 21, 17
lcghash-no-window, 100000, undirected-filtered, 700000, 26, 27, 11
lcghash-no-window, 100000, undirected-filtered, 700000, 26, 27, 11
lcghash-no-window, 100000, undirected-filtered, 700000, 27, 29, 8
lcghash-no-window, 100000, undirected-filtered, 700000, 28, 27, 9
lcghash-no-window, 100000, undirected-filtered, 900000, 24, 30, 10
lcghash-no-window, 1100000, lcghash-larger-beta, 100000, 39, 21, 4
lcghash-no-window, 1100000, lcghash-larger-beta, 100000, 44, 11, 9
lcghash-no-window, 1100000, lcghash-larger-beta, 100000, 45, 13, 6
lcghash-no-window, 1100000, lcghash-larger-beta, 1100000, 47, 16, 1
lcghash-no-window, 1100000, lcghash-larger-beta, 500000, 34, 23, 7
lcghash-no-window, 1100000, lcghash-larger-beta, 500000, 44, 13, 7
lcghash-no-window, 1100000, lcghash-larger-beta, 900000, 42, 15, 7
lcghash-no-window, 1100000, lcghash-larger-beta, 900000, 42, 20, 2
lcghash-no-window, 1100000, lcghash-no-window, 100000, 43, 15, 6
lcghash-no-window, 1100000, lcghash-no-window, 100000, 43, 16, 5
lcghash-no-window, 1100000, lcghash-no-window, 300000, 41, 18, 5
lcghash-no-window, 1100000, lcghash-no-window, 300000, 42, 18, 4
lcghash-no-window, 1100000, lcghash-no-window, 500000, 36, 20, 8
lcghash-no-window, 1100000, lcghash-no-window, 500000, 41, 20, 3
lcghash-no-window, 1100000, lcghash-no-window, 700000, 36, 15, 13
lcghash-no-window, 1100000, lcghash-no-window, 700000, 39, 19, 6
lcghash-no-window, 1100000, lcghash-no-window, 700000, 44, 14, 6
lcghash-no-window, 1100000, undirected-filtered, 100000, 41, 19, 4
lcghash-no-window, 1100000, undirected-filtered, 100000, 47, 13, 4
lcghash-no-window, 1100000, undirected-filtered, 1100000, 29, 23, 12
lcghash-no-window, 1100000, undirected-filtered, 1100000, 35, 22, 7
lcghash-no-window, 1100000, undirected-filtered, 1100000, 38, 16, 10
lcghash-no-window, 1100000, undirected-filtered, 1300000, 32, 19, 13
lcghash-no-window, 1100000, undirected-filtered, 1700000, 31, 25, 8
lcghash-no-window, 1100000, undirected-filtered, 1700000, 33, 20, 11
lcghash-no-window, 1100000, undirected-filtered, 300000, 36, 20, 8
lcghash-no-window, 1100000, undirected-filtered, 300000, 37, 21, 6
lcghash-no-window, 1100000, undirected-filtered, 300000, 44, 11, 9
lcghash-no-window, 1100000, undirected-filtered, 500000, 33, 22, 9
lcghash-no-window, 1100000, undirected-filtered, 700000, 31, 24, 9
lcghash-no-window, 1100000, undirected-filtered, 900000, 30, 24, 10
lcghash-no-window, 300000, lcghash-larger-beta, 100000, 37, 23, 4
lcghash-no-window, 300000, lcghash-larger-beta, 100000, 44, 13, 7
lcghash-no-window, 300000, lcghash-larger-beta, 100000, 45, 16, 3
lcghash-no-window, 300000, lcghash-larger-beta, 1100000, 38, 21, 5
lcghash-no-window, 300000, lcghash-larger-beta, 300000, 32, 21, 11
lcghash-no-window, 300000, lcghash-larger-beta, 300000, 38, 16, 10
lcghash-no-window, 300000, lcghash-larger-beta, 500000, 36, 15, 13
lcghash-no-window, 300000, lcghash-larger-beta, 500000, 37, 21, 6
lcghash-no-window, 300000, lcghash-larger-beta, 500000, 38, 23, 3
lcghash-no-window, 300000, lcghash-larger-beta, 700000, 33, 19, 12
lcghash-no-window, 300000, lcghash-larger-beta, 700000, 35, 19, 10
lcghash-no-window, 300000, lcghash-larger-beta, 700000, 35, 24, 5
lcghash-no-window, 300000, lcghash-larger-beta, 700000, 36, 23, 5
lcghash-no-window, 300000, lcghash-larger-beta, 900000, 31, 24, 9
lcghash-no-window, 300000, lcghash-no-window, 100000, 36, 21, 7
lcghash-no-window, 300000, lcghash-no-window, 100000, 39, 16, 9
lcghash-no-window, 300000, lcghash-no-window, 100000, 40, 17, 7
lcghash-no-window, 300000, lcghash-no-window, 100000, 41, 14, 9
lcghash-no-window, 300000, lcghash-no-window, 100000, 44, 14, 6
lcghash-no-window, 300000, lcghash-no-window, 1100000, 33, 23, 8
lcghash-no-window, 300000, lcghash-no-window, 1100000, 36, 19, 9
lcghash-no-window, 300000, lcghash-no-window, 500000, 27, 25, 12
lcghash-no-window, 300000, lcghash-no-window, 500000, 30, 21, 13
lcghash-no-window, 300000, lcghash-no-window, 500000, 38, 18, 8
lcghash-no-window, 300000, lcghash-no-window, 700000, 28, 25, 11
lcghash-no-window, 300000, lcghash-no-window, 700000, 34, 20, 10
lcghash-no-window, 300000, lcghash-no-window, 700000, 35, 18, 11
lcghash-no-window, 300000, lcghash-no-window, 700000, 35, 21, 8
lcghash-no-window, 300000, lcghash-no-window, 700000, 35, 24, 5
lcghash-no-window, 300000, lcghash-no-window, 700000, 36, 21, 7
lcghash-no-window, 300000, undirected-filtered, 100000, 36, 22, 6
lcghash-no-window, 300000, undirected-filtered, 100000, 37, 19, 8
lcghash-no-window, 300000, undirected-filtered, 100000, 39, 12, 13
lcghash-no-window, 300000, undirected-filtered, 100000, 39, 16, 9
lcghash-no-window, 300000, undirected-filtered, 100000, 39, 19, 6
lcghash-no-window, 300000, undirected-filtered, 100000, 43, 16, 5
lcghash-no-window, 300000, undirected-filtered, 1100000, 26, 28, 10
lcghash-no-window, 300000, undirected-filtered, 1100000, 28, 27, 9
lcghash-no-window, 300000, undirected-filtered, 1300000, 26, 27, 11
lcghash-no-window, 300000, undirected-filtered, 1300000, 28, 30, 6
lcghash-no-window, 300000, undirected-filtered, 1500000, 25, 28, 11
lcghash-no-window, 300000, undirected-filtered, 1500000, 27, 23, 14
lcghash-no-window, 300000, undirected-filtered, 1500000, 30, 16, 18
lcghash-no-window, 300000, undirected-filtered, 1500000, 31, 23, 10
lcghash-no-window, 300000, undirected-filtered, 1500000, 32, 25, 7
lcghash-no-window, 300000, undirected-filtered, 1700000, 24, 28, 12
lcghash-no-window, 300000, undirected-filtered, 1700000, 29, 31, 4
lcghash-no-window, 300000, undirected-filtered, 1700000, 33, 23, 8
lcghash-no-window, 300000, undirected-filtered, 1700000, 33, 24, 7
lcghash-no-window, 300000, undirected-filtered, 300000, 31, 27, 6
lcghash-no-window, 300000, undirected-filtered, 300000, 32, 23, 9
lcghash-no-window, 300000, undirected-filtered, 300000, 32, 25, 7
lcghash-no-window, 300000, undirected-filtered, 300000, 34, 22, 8
lcghash-no-window, 300000, undirected-filtered, 300000, 39, 22, 3
lcghash-no-window, 300000, undirected-filtered, 500000, 28, 21, 15
lcghash-no-window, 300000, undirected-filtered, 500000, 28, 25, 11
lcghash-no-window, 300000, undirected-filtered, 500000, 29, 23, 12
lcghash-no-window, 300000, undirected-filtered, 500000, 30, 22, 12
lcghash-no-window, 300000, undirected-filtered, 500000, 32, 21, 11
lcghash-no-window, 300000, undirected-filtered, 500000, 34, 21, 9
lcghash-no-window, 300000, undirected-filtered, 500000, 36, 19, 9
lcghash-no-window, 300000, undirected-filtered, 500000, 43, 16, 5
lcghash-no-window, 300000, undirected-filtered, 700000, 25, 24, 15
lcghash-no-window, 300000, undirected-filtered, 700000, 27, 27, 10
lcghash-no-window, 300000, undirected-filtered, 700000, 31, 21, 12
lcghash-no-window, 300000, undirected-filtered, 700000, 32, 21, 11
lcghash-no-window, 300000, undirected-filtered, 700000, 39, 20, 5
lcghash-no-window, 300000, undirected-filtered, 900000, 25, 29, 10
lcghash-no-window, 300000, undirected-filtered, 900000, 27, 29, 8
lcghash-no-window, 300000, undirected-filtered, 900000, 31, 25, 8
lcghash-no-window, 300000, undirected-filtered, 900000, 35, 22, 7
lcghash-no-window, 300000, undirected-filtered, 900000, 37, 22, 5
lcghash-no-window, 500000, lcghash-larger-beta, 100000, 44, 16, 4
lcghash-no-window, 500000, lcghash-larger-beta, 100000, 48, 10, 6
lcghash-no-window, 500000, lcghash-larger-beta, 100000, 48, 12, 4
lcghash-no-window, 500000, lcghash-larger-beta, 1100000, 35, 17, 12
lcghash-no-window, 500000, lcghash-larger-beta, 1100000, 41, 16, 7
lcghash-no-window, 500000, lcghash-larger-beta, 300000, 36, 18, 10
lcghash-no-window, 500000, lcghash-larger-beta, 300000, 36, 23, 5
lcghash-no-window, 500000, lcghash-larger-beta, 300000, 38, 18, 8
lcghash-no-window, 500000, lcghash-larger-beta, 500000, 35, 22, 7
lcghash-no-window, 500000, lcghash-larger-beta, 500000, 38, 20, 6
lcghash-no-window, 500000, lcghash-larger-beta, 500000, 38, 21, 5
lcghash-no-window, 500000, lcghash-larger-beta, 500000, 39, 17, 8
lcghash-no-window, 500000, lcghash-larger-beta, 500000, 41, 18, 5
lcghash-no-window, 500000, lcghash-larger-beta, 700000, 26, 25, 13
lcghash-no-window, 500000, lcghash-larger-beta, 700000, 34, 25, 5
lcghash-no-window, 500000, lcghash-larger-beta, 700000, 36, 20, 8
lcghash-no-window, 500000, lcghash-larger-beta, 700000, 36, 20, 8
lcghash-no-window, 500000, lcghash-larger-beta, 700000, 36, 20, 8
lcghash-no-window, 500000, lcghash-larger-beta, 700000, 36, 22, 6
lcghash-no-window, 500000, lcghash-larger-beta, 900000, 39, 19, 6
lcghash-no-window, 500000, lcghash-larger-beta, 900000, 39, 20, 5
lcghash-no-window, 500000, lcghash-larger-beta, 900000, 41, 18, 5
lcghash-no-window, 500000, lcghash-no-window, 100000, 41, 15, 8
lcghash-no-window, 500000, lcghash-no-window, 1100000, 36, 22, 6
lcghash-no-window, 500000, lcghash-no-window, 1100000, 37, 20, 7
lcghash-no-window, 500000, lcghash-no-window, 300000, 32, 22, 10
lcghash-no-window, 500000, lcghash-no-window, 300000, 34, 21, 9
lcghash-no-window, 500000, lcghash-no-window, 300000, 41, 17, 6
lcghash-no-window, 500000, lcghash-no-window, 700000, 35, 20, 9
lcghash-no-window, 500000, lcghash-no-window, 900000, 34, 22, 8
lcghash-no-window, 500000, undirected-filtered, 100000, 38, 20, 6
lcghash-no-window, 500000, undirected-filtered, 100000, 40, 18, 6
lcghash-no-window, 500000, undirected-filtered, 100000, 40, 22, 2
lcghash-no-window, 500000, undirected-filtered, 100000, 43, 15, 6
lcghash-no-window, 500000, undirected-filtered, 100000, 44, 15, 5
lcghash-no-window, 500000, undirected-filtered, 100000, 45, 10, 9
lcghash-no-window, 500000, undirected-filtered, 1100000, 26, 28, 10
lcghash-no-window, 500000, undirected-filtered, 1100000, 27, 28, 9
lcghash-no-window, 500000, undirected-filtered, 1300000, 33, 24, 7
lcghash-no-window, 500000, undirected-filtered, 1300000, 36, 22, 6
lcghash-no-window, 500000, undirected-filtered, 1500000, 26, 25, 13
lcghash-no-window, 500000, undirected-filtered, 1500000, 28, 27, 9
lcghash-no-window, 500000, undirected-filtered, 1500000, 28, 28, 8
lcghash-no-window, 500000, undirected-filtered, 1500000, 29, 21, 14
lcghash-no-window, 500000, undirected-filtered, 1500000, 34, 22, 8
lcghash-no-window, 500000, undirected-filtered, 1700000, 27, 26, 11
lcghash-no-window, 500000, undirected-filtered, 1700000, 28, 25, 11
lcghash-no-window, 500000, undirected-filtered, 1700000, 30, 22, 12
lcghash-no-window, 500000, undirected-filtered, 1700000, 35, 22, 7
lcghash-no-window, 500000, undirected-filtered, 300000, 27, 20, 17
lcghash-no-window, 500000, undirected-filtered, 300000, 37, 17, 10
lcghash-no-window, 500000, undirected-filtered, 500000, 24, 32, 8
lcghash-no-window, 500000, undirected-filtered, 500000, 29, 17, 18
lcghash-no-window, 500000, undirected-filtered, 500000, 32, 20, 12
lcghash-no-window, 500000, undirected-filtered, 500000, 33, 26, 5
lcghash-no-window, 500000, undirected-filtered, 500000, 34, 23, 7
lcghash-no-window, 500000, undirected-filtered, 700000, 30, 24, 10
lcghash-no-window, 500000, undirected-filtered, 700000, 30, 25, 9
lcghash-no-window, 500000, undirected-filtered, 700000, 32, 25, 7
lcghash-no-window, 500000, undirected-filtered, 700000, 33, 21, 10
lcghash-no-window, 500000, undirected-filtered, 900000, 26, 21, 17
lcghash-no-window, 500000, undirected-filtered, 900000, 32, 20, 12
lcghash-no-window, 500000, undirected-filtered, 900000, 32, 26, 6
lcghash-no-window, 500000, undirected-filtered, 900000, 36, 20, 8
lcghash-no-window, 700000, lcghash-larger-beta, 100000, 46, 16, 2
lcghash-no-window, 700000, lcghash-larger-beta, 1100000, 38, 21, 5
lcghash-no-window, 700000, lcghash-larger-beta, 1100000, 38, 23, 3
lcghash-no-window, 700000, lcghash-larger-beta, 1100000, 41, 20, 3
lcghash-no-window, 700000, lcghash-larger-beta, 1100000, 44, 16, 4
lcghash-no-window, 700000, lcghash-larger-beta, 1100000, 45, 17, 2
lcghash-no-window, 700000, lcghash-larger-beta, 300000, 38, 21, 5
lcghash-no-window, 700000, lcghash-larger-beta, 300000, 38, 22, 4
lcghash-no-window, 700000, lcghash-larger-beta, 500000, 40, 19, 5
lcghash-no-window, 700000, lcghash-larger-beta, 500000, 41, 16, 7
lcghash-no-window, 700000, lcghash-larger-beta, 700000, 35, 20, 9
lcghash-no-window, 700000, lcghash-larger-beta, 700000, 42, 13, 9
lcghash-no-window, 700000, lcghash-larger-beta, 900000, 39, 20, 5
lcghash-no-window, 700000, lcghash-no-window, 100000, 37, 22, 5
lcghash-no-window, 700000, lcghash-no-window, 100000, 38, 18, 8
lcghash-no-window, 700000, lcghash-no-window, 100000, 38, 24, 2
lcghash-no-window, 700000, lcghash-no-window, 100000, 40, 17, 7
lcghash-no-window, 700000, lcghash-no-window, 100000, 41, 17, 6
lcghash-no-window, 700000, lcghash-no-window, 100000, 41, 18, 5
lcghash-no-window, 700000, lcghash-no-window, 100000, 41, 20, 3
lcghash-no-window, 700000, lcghash-no-window, 1100000, 34, 20, 10
lcghash-no-window, 700000, lcghash-no-window, 1100000, 35, 18, 11
lcghash-no-window, 700000, lcghash-no-window, 1100000, 37, 18, 9
lcghash-no-window, 700000, lcghash-no-window, 300000, 29, 25, 10
lcghash-no-window, 700000, lcghash-no-window, 300000, 35, 14, 15
lcghash-no-window, 700000, lcghash-no-window, 300000, 38, 19, 7
lcghash-no-window, 700000, lcghash-no-window, 300000, 38, 19, 7
lcghash-no-window, 700000, lcghash-no-window, 300000, 39, 18, 7
lcghash-no-window, 700000, lcghash-no-window, 300000, 40, 19, 5
lcghash-no-window, 700000, lcghash-no-window, 500000, 37, 17, 10
lcghash-no-window, 700000, lcghash-no-window, 900000, 32, 23, 9
lcghash-no-window, 700000, undirected-filtered, 100000, 35, 17, 12
lcghash-no-window, 700000, undirected-filtered, 100000, 35, 18, 11
lcghash-no-window, 700000, undirected-filtered, 100000, 39, 14, 11
lcghash-no-window, 700000, undirected-filtered, 100000, 39, 20, 5
lcghash-no-window, 700000, undirected-filtered, 100000, 40, 20, 4
lcghash-no-window, 700000, undirected-filtered, 1100000, 29, 23, 12
lcghash-no-window, 700000, undirected-filtered, 1100000, 29, 26, 9
lcghash-no-window, 700000, undirected-filtered, 1100000, 30, 23, 11
lcghash-no-window, 700000, undirected-filtered, 1100000, 32, 23, 9
lcghash-no-window, 700000, undirected-filtered, 1100000, 34, 20, 10
lcghash-no-window, 700000, undirected-filtered, 1300000, 26, 25, 13
lcghash-no-window, 700000, undirected-filtered, 1300000, 32, 22, 10
lcghash-no-window, 700000, undirected-filtered, 1300000, 32, 24, 8
lcghash-no-window, 700000, undirected-filtered, 1500000, 22, 30, 12
lcghash-no-window, 700000, undirected-filtered, 1500000, 27, 26, 11
lcghash-no-window, 700000, undirected-filtered, 1700000, 26, 22, 16
lcghash-no-window, 700000, undirected-filtered, 1700000, 29, 25, 10
lcghash-no-window, 700000, undirected-filtered, 1700000, 34, 21, 9
lcghash-no-window, 700000, undirected-filtered, 1700000, 36, 15, 13
lcghash-no-window, 700000, undirected-filtered, 300000, 31, 22, 11
lcghash-no-window, 700000, undirected-filtered, 300000, 34, 20, 10
lcghash-no-window, 700000, undirected-filtered, 300000, 35, 23, 6
lcghash-no-window, 700000, undirected-filtered, 300000, 36, 17, 11
lcghash-no-window, 700000, undirected-filtered, 500000, 30, 20, 14
lcghash-no-window, 700000, undirected-filtered, 500000, 30, 24, 10
lcghash-no-window, 700000, undirected-filtered, 500000, 32, 17, 15
lcghash-no-window, 700000, undirected-filtered, 500000, 32, 20, 12
lcghash-no-window, 700000, undirected-filtered, 500000, 34, 23, 7
lcghash-no-window, 700000, undirected-filtered, 500000, 36, 16, 12
lcghash-no-window, 700000, undirected-filtered, 700000, 28, 22, 14
lcghash-no-window, 700000, undirected-filtered, 700000, 30, 24, 10
lcghash-no-window, 700000, undirected-filtered, 700000, 33, 20, 11
lcghash-no-window, 700000, undirected-filtered, 700000, 40, 15, 9
lcghash-no-window, 700000, undirected-filtered, 900000, 27, 28, 9
lcghash-no-window, 700000, undirected-filtered, 900000, 29, 21, 14
lcghash-no-window, 700000, undirected-filtered, 900000, 30, 26, 8
lcghash-no-window, 700000, undirected-filtered, 900000, 34, 19, 11
lcghash-no-window, 900000, lcghash-larger-beta, 100000, 49, 11, 4
lcghash-no-window, 900000, lcghash-larger-beta, 100000, 52, 7, 5
lcghash-no-window, 900000, lcghash-larger-beta, 1100000, 42, 17, 5
lcghash-no-window, 900000, lcghash-larger-beta, 1100000, 44, 19, 1
lcghash-no-window, 900000, lcghash-larger-beta, 1100000, 49, 12, 3
lcghash-no-window, 900000, lcghash-larger-beta, 300000, 42, 19, 3
lcghash-no-window, 900000, lcghash-larger-beta, 500000, 41, 17, 6
lcghash-no-window, 900000, lcghash-larger-beta, 700000, 38, 14, 12
lcghash-no-window, 900000, lcghash-larger-beta, 900000, 36, 14, 14
lcghash-no-window, 900000, lcghash-no-window, 100000, 40, 19, 5
lcghash-no-window, 900000, lcghash-no-window, 100000, 43, 14, 7
lcghash-no-window, 900000, lcghash-no-window, 100000, 45, 14, 5
lcghash-no-window, 900000, lcghash-no-window, 500000, 35, 21, 8
lcghash-no-window, 900000, lcghash-no-window, 700000, 35, 20, 9
lcghash-no-window, 900000, undirected-filtered, 100000, 36, 20, 8
lcghash-no-window, 900000, undirected-filtered, 100000, 38, 19, 7
lcghash-no-window, 900000, undirected-filtered, 100000, 42, 12, 10
lcghash-no-window, 900000, undirected-filtered, 1100000, 28, 22, 14
lcghash-no-window, 900000, undirected-filtered, 1300000, 34, 14, 16
lcghash-no-window, 900000, undirected-filtered, 1700000, 31, 20, 13
lcghash-no-window, 900000, undirected-filtered, 300000, 39, 19, 6
lcghash-no-window, 900000, undirected-filtered, 300000, 43, 16, 5
lcghash-no-window, 900000, undirected-filtered, 500000, 40, 17, 7
lcghash-no-window, 900000, undirected-filtered, 700000, 31, 19, 14
lcghash-no-window, 900000, undirected-filtered, 700000, 36, 22, 6
lcghash-no-window, 900000, undirected-filtered, 900000, 28, 29, 7
lcghash-no-window, 900000, undirected-filtered, 900000, 33, 18, 13
undirected-filtered, 100000, lcghash-larger-beta, 100000, 36, 21, 7
undirected-filtered, 100000, lcghash-larger-beta, 100000, 39, 20, 5
undirected-filtered, 100000, lcghash-larger-beta, 100000, 42, 18, 4
undirected-filtered, 100000, lcghash-larger-beta, 100000, 47, 14, 3
undirected-filtered, 100000, lcghash-larger-beta, 300000, 35, 24, 5
undirected-filtered, 100000, lcghash-larger-beta, 300000, 38, 19, 7
undirected-filtered, 100000, lcghash-larger-beta, 300000, 44, 13, 7
undirected-filtered, 100000, lcghash-larger-beta, 500000, 40, 18, 6
undirected-filtered, 100000, lcghash-larger-beta, 500000, 40, 21, 3
undirected-filtered, 100000, lcghash-larger-beta, 500000, 41, 15, 8
undirected-filtered, 100000, lcghash-larger-beta, 700000, 35, 22, 7
undirected-filtered, 100000, lcghash-larger-beta, 700000, 38, 18, 8
undirected-filtered, 100000, lcghash-larger-beta, 900000, 32, 21, 11
undirected-filtered, 100000, lcghash-larger-beta, 900000, 37, 22, 5
undirected-filtered, 100000, lcghash-larger-beta, 900000, 40, 21, 3
undirected-filtered, 100000, lcghash-no-window, 100000, 30, 24, 10
undirected-filtered, 100000, lcghash-no-window, 100000, 32, 22, 10
undirected-filtered, 100000, lcghash-no-window, 100000, 37, 16, 11
undirected-filtered, 100000, lcghash-no-window, 100000, 38, 18, 8
undirected-filtered, 100000, lcghash-no-window, 100000, 42, 18, 4
undirected-filtered, 100000, lcghash-no-window, 1100000, 31, 20, 13
undirected-filtered, 100000, lcghash-no-window, 1100000, 34, 24, 6
undirected-filtered, 100000, lcghash-no-window, 300000, 30, 28, 6
undirected-filtered, 100000, lcghash-no-window, 300000, 32, 23, 9
undirected-filtered, 100000, lcghash-no-window, 300000, 34, 25, 5
undirected-filtered, 100000, lcghash-no-window, 300000, 36, 18, 10
undirected-filtered, 100000, lcghash-no-window, 300000, 37, 14, 13
undirected-filtered, 100000, lcghash-no-window, 300000, 39, 22, 3
undirected-filtered, 100000, lcghash-no-window, 500000, 27, 28, 9
undirected-filtered, 100000, lcghash-no-window, 500000, 28, 22, 14
undirected-filtered, 100000, lcghash-no-window, 500000, 33, 21, 10
undirected-filtered, 100000, lcghash-no-window, 500000, 34, 22, 8
undirected-filtered, 100000, lcghash-no-window, 500000, 34, 26, 4
undirected-filtered, 100000, lcghash-no-window, 500000, 36, 19, 9
undirected-filtered, 100000, lcghash-no-window, 700000, 27, 30, 7
undirected-filtered, 100000, lcghash-no-window, 700000, 28, 25, 11
undirected-filtered, 100000, lcghash-no-window, 700000, 31, 23, 10
undirected-filtered, 100000, lcghash-no-window, 700000, 33, 19, 12
undirected-filtered, 100000, lcghash-no-window, 700000, 33, 26, 5
undirected-filtered, 100000, lcghash-no-window, 900000, 26, 28, 10
undirected-filtered, 100000, lcghash-no-window, 900000, 27, 22, 15
undirected-filtered, 100000, lcghash-no-window, 900000, 30, 27, 7
undirected-filtered, 100000, undirected-filtered, 1100000, 25, 30, 9
undirected-filtered, 100000, undirected-filtered, 1100000, 28, 29, 7
undirected-filtered, 100000, undirected-filtered, 1100000, 29, 26, 9
undirected-filtered, 100000, undirected-filtered, 1100000, 31, 28, 5
undirected-filtered, 100000, undirected-filtered, 1100000, 32, 23, 9
undirected-filtered, 100000, undirected-filtered, 1100000, 34, 25, 5
undirected-filtered, 100000, undirected-filtered, 1300000, 28, 31, 5
undirected-filtered, 100000, undirected-filtered, 1300000, 29, 22, 13
undirected-filtered, 100000, undirected-filtered, 1300000, 35, 21, 8
undirected-filtered, 100000, undirected-filtered, 1500000, 22, 34, 8
undirected-filtered, 100000, undirected-filtered, 1500000, 29, 25, 10
undirected-filtered, 100000, undirected-filtered, 1500000, 30, 18, 16
undirected-filtered, 100000, undirected-filtered, 1700000, 24, 29, 11
undirected-filtered, 100000, undirected-filtered, 1700000, 26, 26, 12
undirected-filtered, 100000, undirected-filtered, 1700000, 31, 20, 13
undirected-filtered, 100000, undirected-filtered, 300000, 26, 29, 9
undirected-filtered, 100000, undirected-filtered, 300000, 28, 25, 11
undirected-filtered, 100000, undirected-filtered, 300000, 32, 23, 9
undirected-filtered, 100000, undirected-filtered, 300000, 33, 27, 4
undirected-filtered, 100000, undirected-filtered, 500000, 25, 27, 12
undirected-filtered, 100000, undirected-filtered, 500000, 30, 21, 13
undirected-filtered, 100000, undirected-filtered, 500000, 31, 26, 7
undirected-filtered, 100000, undirected-filtered, 500000, 33, 21, 10
undirected-filtered, 100000, undirected-filtered, 500000, 38, 18, 8
undirected-filtered, 100000, undirected-filtered, 700000, 27, 21, 16
undirected-filtered, 100000, undirected-filtered, 700000, 27, 26, 11
undirected-filtered, 100000, undirected-filtered, 700000, 29, 27, 8
undirected-filtered, 100000, undirected-filtered, 700000, 32, 24, 8
undirected-filtered, 100000, undirected-filtered, 700000, 33, 25, 6
undirected-filtered, 1100000, lcghash-larger-beta, 100000, 43, 17, 4
undirected-filtered, 1100000, lcghash-larger-beta, 100000, 44, 14, 6
undirected-filtered, 1100000, lcghash-larger-beta, 100000, 45, 13, 6
undirected-filtered, 1100000, lcghash-larger-beta, 100000, 47, 10, 7
undirected-filtered, 1100000, lcghash-larger-beta, 1100000, 41, 12, 11
undirected-filtered, 1100000, lcghash-larger-beta, 1100000, 48, 12, 4
undirected-filtered, 1100000, lcghash-larger-beta, 300000, 44, 14, 6
undirected-filtered, 1100000, lcghash-larger-beta, 300000, 44, 14, 6
undirected-filtered, 1100000, lcghash-larger-beta, 300000, 48, 7, 9
undirected-filtered, 1100000, lcghash-larger-beta, 500000, 36, 25, 3
undirected-filtered, 1100000, lcghash-larger-beta, 500000, 37, 22, 5
undirected-filtered, 1100000, lcghash-larger-beta, 500000, 41, 15, 8
undirected-filtered, 1100000, lcghash-larger-beta, 500000, 43, 11, 10
undirected-filtered, 1100000, lcghash-larger-beta, 500000, 44, 13, 7
undirected-filtered, 1100000, lcghash-larger-beta, 500000, 45, 12, 7
undirected-filtered, 1100000, lcghash-larger-beta, 500000, 51, 11, 2
undirected-filtered, 1100000, lcghash-larger-beta, 700000, 35, 23, 6
undirected-filtered, 1100000, lcghash-larger-beta, 700000, 40, 15, 9
undirected-filtered, 1100000, lcghash-larger-beta, 700000, 41, 16, 7
undirected-filtered, 1100000, lcghash-larger-beta, 700000, 43, 14, 7
undirected-filtered, 1100000, lcghash-larger-beta, 700000, 46, 11, 7
undirected-filtered, 1100000, lcghash-larger-beta, 700000, 49, 12, 3
undirected-filtered, 1100000, lcghash-larger-beta, 700000, 50, 9, 5
undirected-filtered, 1100000, lcghash-larger-beta, 900000, 39, 19, 6
undirected-filtered, 1100000, lcghash-larger-beta, 900000, 42, 13, 9
undirected-filtered, 1100000, lcghash-no-window, 100000, 41, 16, 7
undirected-filtered, 1100000, lcghash-no-window, 100000, 47, 15, 2
undirected-filtered, 1100000, lcghash-no-window, 1100000, 35, 18, 11
undirected-filtered, 1100000, lcghash-no-window, 1100000, 38, 23, 3
undirected-filtered, 1100000, lcghash-no-window, 1100000, 39, 15, 10
undirected-filtered, 1100000, lcghash-no-window, 300000, 35, 19, 10
undirected-filtered, 1100000, lcghash-no-window, 300000, 40, 21, 3
undirected-filtered, 1100000, lcghash-no-window, 500000, 32, 21, 11
undirected-filtered, 1100000, lcghash-no-window, 500000, 37, 19, 8
undirected-filtered, 1100000, lcghash-no-window, 700000, 36, 18, 10
undirected-filtered, 1100000, lcghash-no-window, 700000, 36, 20, 8
undirected-filtered, 1100000, lcghash-no-window, 700000, 39, 17, 8
undirected-filtered, 1100000, lcghash-no-window, 700000, 39, 17, 8
undirected-filtered, 1100000, lcghash-no-window, 700000, 41, 17, 6
undirected-filtered, 1100000, lcghash-no-window, 900000, 38, 20, 6
undirected-filtered, 1100000, undirected-filtered, 100000, 38, 19, 7
undirected-filtered, 1100000, undirected-filtered, 100000, 40, 20, 4
undirected-filtered, 1100000, undirected-filtered, 100000, 40, 20, 4
undirected-filtered, 1100000, undirected-filtered, 100000, 45, 17, 2
undirected-filtered, 1100000, undirected-filtered, 100000, 46, 15, 3
undirected-filtered, 1100000, undirected-filtered, 100000, 47, 15, 2
undirected-filtered, 1100000, undirected-filtered, 1300000, 25, 29, 10
undirected-filtered, 1100000, undirected-filtered, 1300000, 37, 16, 11
undirected-filtered, 1100000, undirected-filtered, 1300000, 46, 11, 7
undirected-filtered, 1100000, undirected-filtered, 1500000, 36, 21, 7
undirected-filtered, 1100000, undirected-filtered, 1500000, 36, 21, 7
undirected-filtered, 1100000, undirected-filtered, 1500000, 43, 13, 8
undirected-filtered, 1100000, undirected-filtered, 1700000, 30, 24, 10
undirected-filtered, 1100000, undirected-filtered, 1700000, 32, 23, 9
undirected-filtered, 1100000, undirected-filtered, 1700000, 34, 21, 9
undirected-filtered, 1100000, undirected-filtered, 1700000, 42, 14, 8
undirected-filtered, 1100000, undirected-filtered, 1700000, 42, 14, 8
undirected-filtered, 1100000, undirected-filtered, 300000, 39, 18, 7
undirected-filtered, 1100000, undirected-filtered, 500000, 33, 23, 8
undirected-filtered, 1100000, undirected-filtered, 500000, 41, 16, 7
undirected-filtered, 1100000, undirected-filtered, 700000, 30, 24, 10
undirected-filtered, 1100000, undirected-filtered, 700000, 35, 21, 8
undirected-filtered, 1100000, undirected-filtered, 700000, 36, 18, 10
undirected-filtered, 1100000, undirected-filtered, 700000, 36, 19, 9
undirected-filtered, 1100000, undirected-filtered, 700000, 39, 19, 6
undirected-filtered, 1100000, undirected-filtered, 700000, 40, 16, 8
undirected-filtered, 1100000, undirected-filtered, 900000, 29, 27, 8
undirected-filtered, 1100000, undirected-filtered, 900000, 30, 28, 6
undirected-filtered, 1100000, undirected-filtered, 900000, 35, 19, 10
undirected-filtered, 1100000, undirected-filtered, 900000, 37, 15, 12
undirected-filtered, 1100000, undirected-filtered, 900000, 38, 14, 12
undirected-filtered, 1100000, undirected-filtered, 900000, 41, 17, 6
undirected-filtered, 1300000, lcghash-larger-beta, 100000, 50, 10, 4
undirected-filtered, 1300000, lcghash-larger-beta, 1100000, 42, 14, 8
undirected-filtered, 1300000, lcghash-larger-beta, 1100000, 48, 12, 4
undirected-filtered, 1300000, lcghash-larger-beta, 300000, 37, 15, 12
undirected-filtered, 1300000, lcghash-larger-beta, 300000, 41, 13, 10
undirected-filtered, 1300000, lcghash-larger-beta, 300000, 42, 16, 6
undirected-filtered, 1300000, lcghash-larger-beta, 300000, 44, 15, 5
undirected-filtered, 1300000, lcghash-larger-beta, 300000, 46, 12, 6
undirected-filtered, 1300000, lcghash-larger-beta, 300000, 47, 10, 7
undirected-filtered, 1300000, lcghash-larger-beta, 300000, 48, 10, 6
undirected-filtered, 1300000, lcghash-larger-beta, 300000, 49, 8, 7
undirected-filtered, 1300000, lcghash-larger-beta, 500000, 40, 20, 4
undirected-filtered, 1300000, lcghash-larger-beta, 500000, 44, 16, 4
undirected-filtered, 1300000, lcghash-larger-beta, 700000, 33, 21, 10
undirected-filtered, 1300000, lcghash-larger-beta, 700000, 40, 17, 7
undirected-filtered, 1300000, lcghash-larger-beta, 700000, 41, 15, 8
undirected-filtered, 1300000, lcghash-larger-beta, 700000, 42, 15, 7
undirected-filtered, 1300000, lcghash-larger-beta, 900000, 40, 12, 12
undirected-filtered, 1300000, lcghash-larger-beta, 900000, 48, 12, 4
undirected-filtered, 1300000, lcghash-no-window, 100000, 42, 16, 6
undirected-filtered, 1300000, lcghash-no-window, 100000, 43, 14, 7
undirected-filtered, 1300000, lcghash-no-window, 100000, 44, 13, 7
undirected-filtered, 1300000, lcghash-no-window, 100000, 47, 16, 1
undirected-filtered, 1300000, lcghash-no-window, 1100000, 43, 13, 8
undirected-filtered, 1300000, lcghash-no-window, 300000, 38, 16, 10
undirected-filtered, 1300000, lcghash-no-window, 300000, 38, 18, 8
undirected-filtered, 1300000, lcghash-no-window, 500000, 39, 16, 9
undirected-filtered, 1300000, lcghash-no-window, 500000, 45, 11, 8
undirected-filtered, 1300000, lcghash-no-window, 700000, 33, 15, 16
undirected-filtered, 1300000, lcghash-no-window, 700000, 39, 19, 6
undirected-filtered, 1300000, lcghash-no-window, 700000, 43, 16, 5
undirected-filtered, 1300000, lcghash-no-window, 900000, 38, 13, 13
undirected-filtered, 1300000, undirected-filtered, 100000, 42, 18, 4
undirected-filtered, 1300000, undirected-filtered, 100000, 45, 15, 4
undirected-filtered, 1300000, undirected-filtered, 1100000, 25, 28, 11
undirected-filtered, 1300000, undirected-filtered, 1100000, 40, 14, 10
undirected-filtered, 1300000, undirected-filtered, 1100000, 41, 14, 9
undirected-filtered, 1300000, undirected-filtered, 1500000, 34, 18, 12
undirected-filtered, 1300000, undirected-filtered, 1500000, 37, 21, 6
undirected-filtered, 1300000, undirected-filtered, 1500000, 41, 13, 10
undirected-filtered, 1300000, undirected-filtered, 1700000, 32, 20, 12
undirected-filtered, 1300000, undirected-filtered, 1700000, 37, 17, 10
undirected-filtered, 1300000, undirected-filtered, 1700000, 37, 18, 9
undirected-filtered, 1300000, undirected-filtered, 1700000, 38, 17, 9
undirected-filtered, 1300000, undirected-filtered, 1700000, 41, 16, 7
undirected-filtered, 1300000, undirected-filtered, 1700000, 41, 17, 6
undirected-filtered, 1300000, undirected-filtered, 1700000, 42, 12, 10
undirected-filtered, 1300000, undirected-filtered, 1700000, 42, 17, 5
undirected-filtered, 1300000, undirected-filtered, 300000, 34, 15, 15
undirected-filtered, 1300000, undirected-filtered, 300000, 36, 21, 7
undirected-filtered, 1300000, undirected-filtered, 300000, 41, 13, 10
undirected-filtered, 1300000, undirected-filtered, 300000, 44, 11, 9
undirected-filtered, 1300000, undirected-filtered, 500000, 33, 23, 8
undirected-filtered, 1300000, undirected-filtered, 500000, 38, 15, 11
undirected-filtered, 1300000, undirected-filtered, 500000, 39, 16, 9
undirected-filtered, 1300000, undirected-filtered, 500000, 41, 15, 8
undirected-filtered, 1300000, undirected-filtered, 500000, 46, 8, 10
undirected-filtered, 1300000, undirected-filtered, 700000, 29, 20, 15
undirected-filtered, 1300000, undirected-filtered, 700000, 39, 15, 10
undirected-filtered, 1300000, undirected-filtered, 700000, 43, 13, 8
undirected-filtered, 1300000, undirected-filtered, 900000, 23, 30, 11
undirected-filtered, 1300000, undirected-filtered, 900000, 35, 19, 10
undirected-filtered, 1500000, lcghash-larger-beta, 100000, 45, 12, 7
undirected-filtered, 1500000, lcghash-larger-beta, 100000, 45, 8, 11
undirected-filtered, 1500000, lcghash-larger-beta, 100000, 49, 10, 5
undirected-filtered, 1500000, lcghash-larger-beta, 100000, 51, 9, 4
undirected-filtered, 1500000, lcghash-larger-beta, 1100000, 38, 18, 8
undirected-filtered, 1500000, lcghash-larger-beta, 1100000, 48, 11, 5
undirected-filtered, 1500000, lcghash-larger-beta, 300000, 38, 16, 10
undirected-filtered, 1500000, lcghash-larger-beta, 300000, 40, 16, 8
undirected-filtered, 1500000, lcghash-larger-beta, 300000, 40, 16, 8
undirected-filtered, 1500000, lcghash-larger-beta, 300000, 44, 15, 5
undirected-filtered, 1500000, lcghash-larger-beta, 500000, 41, 14, 9
undirected-filtered, 1500000, lcghash-larger-beta, 500000, 44, 11, 9
undirected-filtered, 1500000, lcghash-larger-beta, 500000, 47, 12, 5
undirected-filtered, 1500000, lcghash-larger-beta, 500000, 51, 7, 6
undirected-filtered, 1500000, lcghash-larger-beta, 700000, 37, 16, 11
undirected-filtered, 1500000, lcghash-larger-beta, 700000, 39, 14, 11
undirected-filtered, 1500000, lcghash-larger-beta, 700000, 47, 14, 3
undirected-filtered, 1500000, lcghash-larger-beta, 900000, 38, 15, 11
undirected-filtered, 1500000, lcghash-larger-beta, 900000, 40, 14, 10
undirected-filtered, 1500000, lcghash-larger-beta, 900000, 40, 18, 6
undirected-filtered, 1500000, lcghash-larger-beta, 900000, 43, 12, 9
undirected-filtered, 1500000, lcghash-larger-beta, 900000, 43, 13, 8
undirected-filtered, 1500000, lcghash-no-window, 100000, 37, 21, 6
undirected-filtered, 1500000, lcghash-no-window, 100000, 41, 16, 7
undirected-filtered, 1500000, lcghash-no-window, 100000, 45, 10, 9
undirected-filtered, 1500000, lcghash-no-window, 100000, 48, 10, 6
undirected-filtered, 1500000, lcghash-no-window, 300000, 41, 18, 5
undirected-filtered, 1500000, lcghash-no-window, 300000, 42, 15, 7
undirected-filtered, 1500000, lcghash-no-window, 300000, 46, 13, 5
undirected-filtered, 1500000, lcghash-no-window, 300000, 47, 14, 3
undirected-filtered, 1500000, lcghash-no-window, 300000, 51, 9, 4
undirected-filtered, 1500000, lcghash-no-window, 500000, 35, 20, 9
undirected-filtered, 1500000, lcghash-no-window, 500000, 41, 12, 11
undirected-filtered, 1500000, lcghash-no-window, 500000, 41, 14, 9
undirected-filtered, 1500000, lcghash-no-window, 500000, 43, 12, 9
undirected-filtered, 1500000, lcghash-no-window, 700000, 33, 27, 4
undirected-filtered, 1500000, lcghash-no-window, 700000, 34, 20, 10
undirected-filtered, 1500000, undirected-filtered, 100000, 38, 16, 10
undirected-filtered, 1500000, undirected-filtered, 100000, 45, 14, 5
undirected-filtered, 1500000, undirected-filtered, 100000, 45, 15, 4
undirected-filtered, 1500000, undirected-filtered, 1100000, 36, 19, 9
undirected-filtered, 1500000, undirected-filtered, 1100000, 39, 17, 8
undirected-filtered, 1500000, undirected-filtered, 1100000, 44, 11, 9
undirected-filtered, 1500000, undirected-filtered, 1300000, 34, 19, 11
undirected-filtered, 1500000, undirected-filtered, 1300000, 37, 19, 8
undirected-filtered, 1500000, undirected-filtered, 1300000, 41, 13, 10
undirected-filtered, 1500000, undirected-filtered, 1700000, 31, 21, 12
undirected-filtered, 1500000, undirected-filtered, 1700000, 32, 21, 11
undirected-filtered, 1500000, undirected-filtered, 1700000, 33, 21, 10
undirected-filtered, 1500000, undirected-filtered, 1700000, 40, 18, 6
undirected-filtered, 1500000, undirected-filtered, 1700000, 42, 14, 8
undirected-filtered, 1500000, undirected-filtered, 300000, 35, 19, 10
undirected-filtered, 1500000, undirected-filtered, 300000, 39, 17, 8
undirected-filtered, 1500000, undirected-filtered, 300000, 40, 16, 8
undirected-filtered, 1500000, undirected-filtered, 300000, 42, 14, 8
undirected-filtered, 1500000, undirected-filtered, 300000, 45, 13, 6
undirected-filtered, 1500000, undirected-filtered, 500000, 36, 21, 7
undirected-filtered, 1500000, undirected-filtered, 500000, 37, 18, 9
undirected-filtered, 1500000, undirected-filtered, 500000, 38, 20, 6
undirected-filtered, 1500000, undirected-filtered, 500000, 39, 18, 7
undirected-filtered, 1500000, undirected-filtered, 500000, 41, 19, 4
undirected-filtered, 1500000, undirected-filtered, 700000, 39, 17, 8
undirected-filtered, 1500000, undirected-filtered, 700000, 41, 16, 7
undirected-filtered, 1500000, undirected-filtered, 900000, 29, 23, 12
undirected-filtered, 1700000, lcghash-larger-beta, 100000, 43, 13, 8
undirected-filtered, 1700000, lcghash-larger-beta, 100000, 50, 10, 4
undirected-filtered, 1700000, lcghash-larger-beta, 100000, 53, 5, 6
undirected-filtered, 1700000, lcghash-larger-beta, 300000, 40, 14, 10
undirected-filtered, 1700000, lcghash-larger-beta, 300000, 44, 15, 5
undirected-filtered, 1700000, lcghash-larger-beta, 500000, 39, 16, 9
undirected-filtered, 1700000, lcghash-larger-beta, 500000, 43, 15, 6
undirected-filtered, 1700000, lcghash-larger-beta, 500000, 44, 16, 4
undirected-filtered, 1700000, lcghash-larger-beta, 500000, 50, 10, 4
undirected-filtered, 1700000, lcghash-larger-beta, 700000, 38, 18, 8
undirected-filtered, 1700000, lcghash-larger-beta, 700000, 41, 15, 8
undirected-filtered, 1700000, lcghash-larger-beta, 700000, 41, 16, 7
undirected-filtered, 1700000, lcghash-larger-beta, 700000, 41, 16, 7
undirected-filtered, 1700000, lcghash-larger-beta, 700000, 41, 17, 6
undirected-filtered, 1700000, lcghash-larger-beta, 700000, 41, 17, 6
undirected-filtered, 1700000, lcghash-larger-beta, 700000, 44, 13, 7
undirected-filtered, 1700000, lcghash-larger-beta, 900000, 40, 13, 11
undirected-filtered, 1700000, lcghash-larger-beta, 900000, 40, 19, 5
undirected-filtered, 1700000, lcghash-larger-beta, 900000, 42, 13, 9
undirected-filtered, 1700000, lcghash-no-window, 100000, 38, 20, 6
undirected-filtered, 1700000, lcghash-no-window, 100000, 43, 16, 5
undirected-filtered, 1700000, lcghash-no-window, 100000, 44, 13, 7
undirected-filtered, 1700000, lcghash-no-window, 100000, 45, 17, 2
undirected-filtered, 1700000, lcghash-no-window, 100000, 47, 10, 7
undirected-filtered, 1700000, lcghash-no-window, 100000, 50, 11, 3
undirected-filtered, 1700000, lcghash-no-window, 1100000, 33, 24, 7
undirected-filtered, 1700000, lcghash-no-window, 1100000, 39, 15, 10
undirected-filtered, 1700000, lcghash-no-window, 300000, 40, 17, 7
undirected-filtered, 1700000, lcghash-no-window, 300000, 42, 18, 4
undirected-filtered, 1700000, lcghash-no-window, 300000, 43, 19, 2
undirected-filtered, 1700000, lcghash-no-window, 300000, 47, 12, 5
undirected-filtered, 1700000, lcghash-no-window, 500000, 38, 19, 7
undirected-filtered, 1700000, lcghash-no-window, 500000, 39, 17, 8
undirected-filtered, 1700000, lcghash-no-window, 500000, 40, 19, 5
undirected-filtered, 1700000, lcghash-no-window, 500000, 41, 13, 10
undirected-filtered, 1700000, lcghash-no-window, 700000, 37, 15, 12
undirected-filtered, 1700000, lcghash-no-window, 700000, 39, 18, 7
undirected-filtered, 1700000, lcghash-no-window, 700000, 41, 14, 9
undirected-filtered, 1700000, lcghash-no-window, 700000, 43, 15, 6
undirected-filtered, 1700000, lcghash-no-window, 900000, 38, 20, 6
undirected-filtered, 1700000, undirected-filtered, 100000, 43, 16, 5
undirected-filtered, 1700000, undirected-filtered, 100000, 47, 13, 4
undirected-filtered, 1700000, undirected-filtered, 100000, 48, 11, 5
undirected-filtered, 1700000, undirected-filtered, 1100000, 32, 26, 6
undirected-filtered, 1700000, undirected-filtered, 1100000, 34, 22, 8
undirected-filtered, 1700000, undirected-filtered, 1100000, 41, 18, 5
undirected-filtered, 1700000, undirected-filtered, 1100000, 44, 13, 7
undirected-filtered, 1700000, undirected-filtered, 1100000, 45, 13, 6
undirected-filtered, 1700000, undirected-filtered, 1300000, 32, 20, 12
undirected-filtered, 1700000, undirected-filtered, 1300000, 35, 17, 12
undirected-filtered, 1700000, undirected-filtered, 1300000, 40, 16, 8
undirected-filtered, 1700000, undirected-filtered, 1300000, 42, 14, 8
undirected-filtered, 1700000, undirected-filtered, 1300000, 42, 14, 8
undirected-filtered, 1700000, undirected-filtered, 1300000, 42, 15, 7
undirected-filtered, 1700000, undirected-filtered, 1300000, 42, 15, 7
undirected-filtered, 1700000, undirected-filtered, 1300000, 42, 17, 5
undirected-filtered, 1700000, undirected-filtered, 1500000, 31, 22, 11
undirected-filtered, 1700000, undirected-filtered, 1500000, 31, 22, 11
undirected-filtered, 1700000, undirected-filtered, 1500000, 31, 22, 11
undirected-filtered, 1700000, undirected-filtered, 1500000, 37, 18, 9
undirected-filtered, 1700000, undirected-filtered, 1500000, 41, 12, 11
undirected-filtered, 1700000, undirected-filtered, 300000, 45, 12, 7
undirected-filtered, 1700000, undirected-filtered, 500000, 34, 16, 14
undirected-filtered, 1700000, undirected-filtered, 500000, 35, 19, 10
undirected-filtered, 1700000, undirected-filtered, 500000, 37, 13, 14
undirected-filtered, 1700000, undirected-filtered, 500000, 38, 17, 9
undirected-filtered, 1700000, undirected-filtered, 700000, 34, 22, 8
undirected-filtered, 1700000, undirected-filtered, 700000, 38, 20, 6
undirected-filtered, 1700000, undirected-filtered, 900000, 37, 21, 6
undirected-filtered, 1700000, undirected-filtered, 900000, 38, 19, 7
undirected-filtered, 1700000, undirected-filtered, 900000, 40, 17, 7
undirected-filtered, 1700000, undirected-filtered, 900000, 43, 12, 9
undirected-filtered, 300000, lcghash-larger-beta, 100000, 48, 10, 6
undirected-filtered, 300000, lcghash-larger-beta, 100000, 48, 12, 4
undirected-filtered, 300000, lcghash-larger-beta, 100000, 54, 8, 2
undirected-filtered, 300000, lcghash-larger-beta, 1100000, 38, 20, 6
undirected-filtered, 300000, lcghash-larger-beta, 1100000, 38, 20, 6
undirected-filtered, 300000, lcghash-larger-beta, 1100000, 39, 17, 8
undirected-filtered, 300000, lcghash-larger-beta, 1100000, 40, 15, 9
undirected-filtered, 300000, lcghash-larger-beta, 1100000, 42, 17, 5
undirected-filtered, 300000, lcghash-larger-beta, 1100000, 42, 19, 3
undirected-filtered, 300000, lcghash-larger-beta, 1100000, 44, 13, 7
undirected-filtered, 300000, lcghash-larger-beta, 300000, 35, 20, 9
undirected-filtered, 300000, lcghash-larger-beta, 300000, 36, 24, 4
undirected-filtered, 300000, lcghash-larger-beta, 300000, 39, 18, 7
undirected-filtered, 300000, lcghash-larger-beta, 300000, 40, 18, 6
undirected-filtered, 300000, lcghash-larger-beta, 300000, 42, 16, 6
undirected-filtered, 300000, lcghash-larger-beta, 300000, 43, 15, 6
undirected-filtered, 300000, lcghash-larger-beta, 300000, 46, 14, 4
undirected-filtered, 300000, lcghash-larger-beta, 500000, 36, 21, 7
undirected-filtered, 300000, lcghash-larger-beta, 700000, 32, 25, 7
undirected-filtered, 300000, lcghash-larger-beta, 700000, 35, 20, 9
undirected-filtered, 300000, lcghash-larger-beta, 700000, 36, 25, 3
undirected-filtered, 300000, lcghash-larger-beta, 700000, 37, 19, 8
undirected-filtered, 300000, lcghash-larger-beta, 700000, 37, 20, 7
undirected-filtered, 300000, lcghash-larger-beta, 700000, 38, 19, 7
undirected-filtered, 300000, lcghash-larger-beta, 700000, 40, 19, 5
undirected-filtered, 300000, lcghash-larger-beta, 900000, 35, 22, 7
undirected-filtered, 300000, lcghash-larger-beta, 900000, 38, 14, 12
undirected-filtered, 300000, lcghash-no-window, 100000, 40, 15, 9
undirected-filtered, 300000, lcghash-no-window, 1100000, 31, 24, 9
undirected-filtered, 300000, lcghash-no-window, 1100000, 35, 23, 6
undirected-filtered, 300000, lcghash-no-window, 1100000, 40, 16, 8
undirected-filtered, 300000, lcghash-no-window, 300000, 36, 20, 8
undirected-filtered, 300000, lcghash-no-window, 300000, 36, 22, 6
undirected-filtered, 300000, lcghash-no-window, 300000, 36, 22, 6
undirected-filtered, 300000, lcghash-no-window, 300000, 37, 23, 4
undirected-filtered, 300000, lcghash-no-window, 300000, 42, 16, 6
undirected-filtered, 300000, lcghash-no-window, 500000, 33, 20, 11
undirected-filtered, 300000, lcghash-no-window, 500000, 40, 17, 7
undirected-filtered, 300000, lcghash-no-window, 700000, 28, 21, 15
undirected-filtered, 300000, lcghash-no-window, 700000, 33, 22, 9
undirected-filtered, 300000, lcghash-no-window, 700000, 34, 19, 11
undirected-filtered, 300000, lcghash-no-window, 700000, 35, 23, 6
undirected-filtered, 300000, lcghash-no-window, 900000, 35, 21, 8
undirected-filtered, 300000, lcghash-no-window, 900000, 38, 18, 8
undirected-filtered, 300000, undirected-filtered, 100000, 38, 21, 5
undirected-filtered, 300000, undirected-filtered, 100000, 42, 16, 6
undirected-filtered, 300000, undirected-filtered, 100000, 43, 18, 3
undirected-filtered, 300000, undirected-filtered, 100000, 43, 19, 2
undirected-filtered, 300000, undirected-filtered, 1100000, 29, 24, 11
undirected-filtered, 300000, undirected-filtered, 1300000, 29, 21, 14
undirected-filtered, 300000, undirected-filtered, 1300000, 30, 20, 14
undirected-filtered, 300000, undirected-filtered, 1300000, 32, 27, 5
undirected-filtered, 300000, undirected-filtered, 1300000, 35, 17, 12
undirected-filtered, 300000, undirected-filtered, 1500000, 24, 29, 11
undirected-filtered, 300000, undirected-filtered, 1500000, 30, 24, 10
undirected-filtered, 300000, undirected-filtered, 1500000, 31, 24, 9
undirected-filtered, 300000, undirected-filtered, 1500000, 32, 19, 13
undirected-filtered, 300000, undirected-filtered, 1500000, 38, 18, 8
undirected-filtered, 300000, undirected-filtered, 1700000, 37, 20, 7
undirected-filtered, 300000, undirected-filtered, 500000, 33, 21, 10
undirected-filtered, 300000, undirected-filtered, 500000, 34, 23, 7
undirected-filtered, 300000, undirected-filtered, 500000, 35, 16, 13
undirected-filtered, 300000, undirected-filtered, 500000, 39, 21, 4
undirected-filtered, 300000, undirected-filtered, 700000, 34, 21, 9
undirected-filtered, 300000, undirected-filtered, 700000, 35, 23, 6
undirected-filtered, 300000, undirected-filtered, 900000, 28, 27, 9
undirected-filtered, 300000, undirected-filtered, 900000, 33, 21, 10
undirected-filtered, 300000, undirected-filtered, 900000, 37, 21, 6
undirected-filtered, 500000, lcghash-larger-beta, 100000, 46, 15, 3
undirected-filtered, 500000, lcghash-larger-beta, 1100000, 42, 13, 9
undirected-filtered, 500000, lcghash-larger-beta, 300000, 37, 19, 8
undirected-filtered, 500000, lcghash-larger-beta, 300000, 43, 13, 8
undirected-filtered, 500000, lcghash-larger-beta, 300000, 46, 16, 2
undirected-filtered, 500000, lcghash-larger-beta, 500000, 41, 16, 7
undirected-filtered, 500000, lcghash-larger-beta, 700000, 39, 18, 7
undirected-filtered, 500000, lcghash-larger-beta, 700000, 47, 12, 5
undirected-filtered, 500000, lcghash-larger-beta, 900000, 32, 18, 14
undirected-filtered, 500000, lcghash-larger-beta, 900000, 34, 17, 13
undirected-filtered, 500000, lcghash-larger-beta, 900000, 35, 20, 9
undirected-filtered, 500000, lcghash-no-window, 100000, 39, 18, 7
undirected-filtered, 500000, lcghash-no-window, 100000, 40, 17, 7
undirected-filtered, 500000, lcghash-no-window, 100000, 44, 14, 6
undirected-filtered, 500000, lcghash-no-window, 100000, 47, 12, 5
undirected-filtered, 500000, lcghash-no-window, 100000, 48, 14, 2
undirected-filtered, 500000, lcghash-no-window, 100000, 52, 5, 7
undirected-filtered, 500000, lcghash-no-window, 1100000, 32, 24, 8
undirected-filtered, 500000, lcghash-no-window, 300000, 37, 18, 9
undirected-filtered, 500000, lcghash-no-window, 300000, 38, 16, 10
undirected-filtered, 500000, lcghash-no-window, 300000, 39, 19, 6
undirected-filtered, 500000, lcghash-no-window, 300000, 40, 18, 6
undirected-filtered, 500000, lcghash-no-window, 300000, 40, 21, 3
undirected-filtered, 500000, lcghash-no-window, 300000, 41, 14, 9
undirected-filtered, 500000, lcghash-no-window, 300000, 42, 16, 6
undirected-filtered, 500000, lcghash-no-window, 300000, 49, 10, 5
undirected-filtered, 500000, lcghash-no-window, 500000, 28, 26, 10
undirected-filtered, 500000, lcghash-no-window, 500000, 35, 19, 10
undirected-filtered, 500000, lcghash-no-window, 500000, 36, 23, 5
undirected-filtered, 500000, lcghash-no-window, 500000, 37, 19, 8
undirected-filtered, 500000, lcghash-no-window, 500000, 40, 15, 9
undirected-filtered, 500000, lcghash-no-window, 700000, 34, 23, 7
undirected-filtered, 500000, lcghash-no-window, 700000, 35, 17, 12
undirected-filtered, 500000, lcghash-no-window, 700000, 35, 20, 9
undirected-filtered, 500000, lcghash-no-window, 700000, 37, 18, 9
undirected-filtered, 500000, lcghash-no-window, 700000, 37, 18, 9
undirected-filtered, 500000, lcghash-no-window, 700000, 39, 18, 7
undirected-filtered, 500000, lcghash-no-window, 900000, 38, 15, 11
undirected-filtered, 500000, undirected-filtered, 100000, 39, 16, 9
undirected-filtered, 500000, undirected-filtered, 100000, 41, 19, 4
undirected-filtered, 500000, undirected-filtered, 100000, 44, 11, 9
undirected-filtered, 500000, undirected-filtered, 100000, 47, 10, 7
undirected-filtered, 500000, undirected-filtered, 100000, 49, 10, 5
undirected-filtered, 500000, undirected-filtered, 1100000, 29, 25, 10
undirected-filtered, 500000, undirected-filtered, 1100000, 37, 18, 9
undirected-filtered, 500000, undirected-filtered, 1300000, 30, 26, 8
undirected-filtered, 500000, undirected-filtered, 1300000, 33, 18, 13
undirected-filtered, 500000, undirected-filtered, 1300000, 34, 15, 15
undirected-filtered, 500000, undirected-filtered, 1300000, 34, 17, 13
undirected-filtered, 500000, undirected-filtered, 1300000, 34, 20, 10
undirected-filtered, 500000, undirected-filtered, 1500000, 30, 19, 15
undirected-filtered, 500000, undirected-filtered, 1500000, 31, 20, 13
undirected-filtered, 500000, undirected-filtered, 1500000, 35, 25, 4
undirected-filtered, 500000, undirected-filtered, 1500000, 37, 21, 6
undirected-filtered, 500000, undirected-filtered, 1500000, 38, 19, 7
undirected-filtered, 500000, undirected-filtered, 1700000, 31, 19, 14
undirected-filtered, 500000, undirected-filtered, 1700000, 32, 18, 14
undirected-filtered, 500000, undirected-filtered, 1700000, 32, 21, 11
undirected-filtered, 500000, undirected-filtered, 1700000, 33, 19, 12
undirected-filtered, 500000, undirected-filtered, 300000, 34, 17, 13
undirected-filtered, 500000, undirected-filtered, 300000, 36, 25, 3
undirected-filtered, 500000, undirected-filtered, 300000, 40, 14, 10
undirected-filtered, 500000, undirected-filtered, 300000, 41, 16, 7
undirected-filtered, 500000, undirected-filtered, 700000, 39, 16, 9
undirected-filtered, 500000, undirected-filtered, 700000, 39, 16, 9
undirected-filtered, 500000, undirected-filtered, 700000, 45, 11, 8
undirected-filtered, 500000, undirected-filtered, 900000, 33, 22, 9
undirected-filtered, 500000, undirected-filtered, 900000, 37, 17, 10
undirected-filtered, 500000, undirected-filtered, 900000, 41, 12, 11
undirected-filtered, 700000, lcghash-larger-beta, 100000, 44, 16, 4
undirected-filtered, 700000, lcghash-larger-beta, 100000, 47, 12, 5
undirected-filtered, 700000, lcghash-larger-beta, 300000, 32, 21, 11
undirected-filtered, 700000, lcghash-larger-beta, 300000, 40, 16, 8
undirected-filtered, 700000, lcghash-larger-beta, 300000, 41, 18, 5
undirected-filtered, 700000, lcghash-larger-beta, 500000, 41, 13, 10
undirected-filtered, 700000, lcghash-larger-beta, 500000, 41, 16, 7
undirected-filtered, 700000, lcghash-larger-beta, 500000, 42, 18, 4
undirected-filtered, 700000, lcghash-larger-beta, 500000, 45, 14, 5
undirected-filtered, 700000, lcghash-larger-beta, 500000, 46, 12, 6
undirected-filtered, 700000, lcghash-larger-beta, 700000, 37, 23, 4
undirected-filtered, 700000, lcghash-larger-beta, 700000, 42, 15, 7
undirected-filtered, 700000, lcghash-larger-beta, 700000, 43, 17, 4
undirected-filtered, 700000, lcghash-larger-beta, 700000, 44, 12, 8
undirected-filtered, 700000, lcghash-larger-beta, 900000, 35, 16, 13
undirected-filtered, 700000, lcghash-larger-beta, 900000, 39, 12, 13
undirected-filtered, 700000, lcghash-larger-beta, 900000, 39, 16, 9
undirected-filtered, 700000, lcghash-no-window, 100000, 38, 16, 10
undirected-filtered, 700000, lcghash-no-window, 100000, 41, 18, 5
undirected-filtered, 700000, lcghash-no-window, 100000, 43, 15, 6
undirected-filtered, 700000, lcghash-no-window, 100000, 46, 9, 9
undirected-filtered, 700000, lcghash-no-window, 100000, 49, 14, 1
undirected-filtered, 700000, lcghash-no-window, 1100000, 32, 24, 8
undirected-filtered, 700000, lcghash-no-window, 300000, 36, 17, 11
undirected-filtered, 700000, lcghash-no-window, 300000, 36, 19, 9
undirected-filtered, 700000, lcghash-no-window, 300000, 37, 19, 8
undirected-filtered, 700000, lcghash-no-window, 300000, 43, 13, 8
undirected-filtered, 700000, lcghash-no-window, 300000, 44, 13, 7
undirected-filtered, 700000, lcghash-no-window, 500000, 32, 19, 13
undirected-filtered, 700000, lcghash-no-window, 500000, 35, 17, 12
undirected-filtered, 700000, lcghash-no-window, 500000, 37, 13, 14
undirected-filtered, 700000, lcghash-no-window, 500000, 39, 21, 4
undirected-filtered, 700000, lcghash-no-window, 700000, 33, 19, 12
undirected-filtered, 700000, lcghash-no-window, 700000, 35, 21, 8
undirected-filtered, 700000, lcghash-no-window, 700000, 38, 16, 10
undirected-filtered, 700000, lcghash-no-window, 700000, 40, 13, 11
undirected-filtered, 700000, lcghash-no-window, 900000, 35, 20, 9
undirected-filtered, 700000, lcghash-no-window, 900000, 39, 20, 5
undirected-filtered, 700000, undirected-filtered, 100000, 40, 19, 5
undirected-filtered, 700000, undirected-filtered, 100000, 41, 19, 4
undirected-filtered, 700000, undirected-filtered, 100000, 45, 10, 9
undirected-filtered, 700000, undirected-filtered, 100000, 45, 11, 8
undirected-filtered, 700000, undirected-filtered, 100000, 51, 8, 5
undirected-filtered, 700000, undirected-filtered, 1100000, 26, 28, 10
undirected-filtered, 700000, undirected-filtered, 1100000, 34, 22, 8
undirected-filtered, 700000, undirected-filtered, 1100000, 36, 20, 8
undirected-filtered, 700000, undirected-filtered, 1100000, 36, 21, 7
undirected-filtered, 700000, undirected-filtered, 1100000, 36, 21, 7
undirected-filtered, 700000, undirected-filtered, 1100000, 38, 18, 8
undirected-filtered, 700000, undirected-filtered, 1300000, 27, 25, 12
undirected-filtered, 700000, undirected-filtered, 1300000, 39, 18, 7
undirected-filtered, 700000, undirected-filtered, 1300000, 41, 14, 9
undirected-filtered, 700000, undirected-filtered, 1500000, 37, 20, 7
undirected-filtered, 700000, undirected-filtered, 1500000, 38, 19, 7
undirected-filtered, 700000, undirected-filtered, 1700000, 33, 25, 6
undirected-filtered, 700000, undirected-filtered, 1700000, 36, 20, 8
undirected-filtered, 700000, undirected-filtered, 300000, 37, 15, 12
undirected-filtered, 700000, undirected-filtered, 300000, 39, 19, 6
undirected-filtered, 700000, undirected-filtered, 500000, 40, 16, 8
undirected-filtered, 700000, undirected-filtered, 500000, 41, 14, 9
undirected-filtered, 700000, undirected-filtered, 500000, 46, 13, 5
undirected-filtered, 700000, undirected-filtered, 900000, 31, 25, 8
undirected-filtered, 700000, undirected-filtered, 900000, 34, 20, 10
undirected-filtered, 700000, undirected-filtered, 900000, 34, 22, 8
undirected-filtered, 700000, undirected-filtered, 900000, 35, 20, 9
undirected-filtered, 700000, undirected-filtered, 900000, 36, 23, 5
undirected-filtered, 700000, undirected-filtered, 900000, 37, 20, 7
undirected-filtered, 700000, undirected-filtered, 900000, 42, 20, 2
undirected-filtered, 900000, lcghash-larger-beta, 100000, 44, 15, 5
undirected-filtered, 900000, lcghash-larger-beta, 1100000, 39, 20, 5
undirected-filtered, 900000, lcghash-larger-beta, 1100000, 45, 15, 4
undirected-filtered, 900000, lcghash-larger-beta, 300000, 37, 18, 9
undirected-filtered, 900000, lcghash-larger-beta, 300000, 38, 17, 9
undirected-filtered, 900000, lcghash-larger-beta, 300000, 40, 14, 10
undirected-filtered, 900000, lcghash-larger-beta, 300000, 40, 17, 7
undirected-filtered, 900000, lcghash-larger-beta, 300000, 43, 14, 7
undirected-filtered, 900000, lcghash-larger-beta, 300000, 43, 19, 2
undirected-filtered, 900000, lcghash-larger-beta, 300000, 45, 13, 6
undirected-filtered, 900000, lcghash-larger-beta, 500000, 35, 21, 8
undirected-filtered, 900000, lcghash-larger-beta, 500000, 42, 19, 3
undirected-filtered, 900000, lcghash-larger-beta, 500000, 43, 12, 9
undirected-filtered, 900000, lcghash-larger-beta, 500000, 46, 7, 11
undirected-filtered, 900000, lcghash-larger-beta, 700000, 39, 20, 5
undirected-filtered, 900000, lcghash-larger-beta, 700000, 40, 13, 11
undirected-filtered, 900000, lcghash-larger-beta, 700000, 42, 12, 10
undirected-filtered, 900000, lcghash-larger-beta, 700000, 42, 15, 7
undirected-filtered, 900000, lcghash-larger-beta, 900000, 38, 18, 8
undirected-filtered, 900000, lcghash-larger-beta, 900000, 46, 10, 8
undirected-filtered, 900000, lcghash-larger-beta, 900000, 46, 9, 9
undirected-filtered, 900000, lcghash-no-window, 100000, 41, 18, 5
undirected-filtered, 900000, lcghash-no-window, 1100000, 32, 23, 9
undirected-filtered, 900000, lcghash-no-window, 300000, 38, 18, 8
undirected-filtered, 900000, lcghash-no-window, 300000, 38, 21, 5
undirected-filtered, 900000, lcghash-no-window, 300000, 39, 18, 7
undirected-filtered, 900000, lcghash-no-window, 300000, 45, 13, 6
undirected-filtered, 900000, lcghash-no-window, 300000, 49, 13, 2
undirected-filtered, 900000, lcghash-no-window, 500000, 39, 18, 7
undirected-filtered, 900000, lcghash-no-window, 500000, 40, 14, 10
undirected-filtered, 900000, lcghash-no-window, 500000, 40, 15, 9
undirected-filtered, 900000, lcghash-no-window, 500000, 44, 14, 6
undirected-filtered, 900000, lcghash-no-window, 700000, 32, 21, 11
undirected-filtered, 900000, lcghash-no-window, 700000, 36, 21, 7
undirected-filtered, 900000, lcghash-no-window, 700000, 38, 14, 12
undirected-filtered, 900000, lcghash-no-window, 700000, 42, 14, 8
undirected-filtered, 900000, lcghash-no-window, 900000, 33, 25, 6
undirected-filtered, 900000, lcghash-no-window, 900000, 37, 16, 11
undirected-filtered, 900000, undirected-filtered, 1100000, 29, 25, 10
undirected-filtered, 900000, undirected-filtered, 1100000, 31, 28, 5
undirected-filtered, 900000, undirected-filtered, 1100000, 33, 17, 14
undirected-filtered, 900000, undirected-filtered, 1100000, 38, 12, 14
undirected-filtered, 900000, undirected-filtered, 1100000, 38, 19, 7
undirected-filtered, 900000, undirected-filtered, 1300000, 29, 27, 8
undirected-filtered, 900000, undirected-filtered, 1300000, 38, 21, 5
undirected-filtered, 900000, undirected-filtered, 1500000, 29, 23, 12
undirected-filtered, 900000, undirected-filtered, 1700000, 32, 16, 16
undirected-filtered, 900000, undirected-filtered, 1700000, 33, 22, 9
undirected-filtered, 900000, undirected-filtered, 1700000, 35, 18, 11
undirected-filtered, 900000, undirected-filtered, 1700000, 38, 19, 7
undirected-filtered, 900000, undirected-filtered, 1700000, 40, 14, 10
undirected-filtered, 900000, undirected-filtered, 300000, 34, 22, 8
undirected-filtered, 900000, undirected-filtered, 300000, 40, 14, 10
undirected-filtered, 900000, undirected-filtered, 300000, 44, 20, 0
undirected-filtered, 900000, undirected-filtered, 500000, 40, 17, 7
undirected-filtered, 900000, undirected-filtered, 500000, 43, 11, 10
undirected-filtered, 900000, undirected-filtered, 500000, 43, 13, 8
undirected-filtered, 900000, undirected-filtered, 700000, 31, 27, 6
undirected-filtered, 900000, undirected-filtered, 700000, 32, 24, 8
undirected-filtered, 900000, undirected-filtered, 700000, 34, 20, 10
undirected-filtered, 900000, undirected-filtered, 700000, 35, 19, 10
undirected-filtered, 900000, undirected-filtered, 700000, 37, 17, 10
undirected-filtered, 900000, undirected-filtered, 700000, 39, 19, 6
undirected-filtered, 900000, undirected-filtered, 700000, 39, 19, 6
