directed-random-big, 0, directed-random-big, 1000000, 0, 64, 0
directed-random-big, 0, directed-random-big, 1100000, 0, 64, 0
directed-random-big, 0, directed-random-big, 1200000, 0, 64, 0
directed-random-big, 0, directed-random-big, 1200000, 0, 64, 0
directed-random-big, 0, directed-random-big, 200000, 0, 64, 0
directed-random-big, 0, directed-random-big, 250000, 0, 64, 0
directed-random-big, 0, directed-random-big, 250000, 0, 64, 0
directed-random-big, 0, directed-random-big, 300000, 0, 64, 0
directed-random-big, 0, directed-random-big, 300000, 0, 64, 0
directed-random-big, 0, directed-random-big, 300000, 0, 64, 0
directed-random-big, 0, directed-random-big, 400000, 0, 64, 0
directed-random-big, 0, directed-random-big, 400000, 0, 64, 0
directed-random-big, 0, directed-random-big, 400000, 0, 64, 0
directed-random-big, 0, directed-random-big, 400000, 0, 64, 0
directed-random-big, 0, directed-random-big, 500000, 0, 64, 0
directed-random-big, 0, directed-random-big, 700000, 0, 64, 0
directed-random-big, 0, directed-random-big, 700000, 0, 64, 0
directed-random-big, 0, directed-random-big, 800000, 0, 64, 0
directed-random-big, 0, directed-random-big, 800000, 0, 64, 0
directed-random-big, 0, undirected-random-big, 0, 0, 60, 4
directed-random-big, 0, undirected-random-big, 0, 0, 63, 1
directed-random-big, 0, undirected-random-big, 100000, 0, 64, 0
directed-random-big, 0, undirected-random-big, 200000, 0, 64, 0
directed-random-big, 0, undirected-random-big, 50000, 0, 64, 0
directed-random-big, 0, undirected-random-big, 50000, 0, 64, 0
directed-random-big, 0, undirected-random-big, 500000, 0, 64, 0
directed-random-big, 0, undirected-random-big, 500000, 0, 64, 0
directed-random-big, 100000, directed-random-big, 1100000, 64, 0, 0
directed-random-big, 100000, directed-random-big, 1100000, 64, 0, 0
directed-random-big, 100000, directed-random-big, 1200000, 0, 29, 35
directed-random-big, 100000, directed-random-big, 150000, 3, 0, 61
directed-random-big, 100000, directed-random-big, 250000, 0, 6, 58
directed-random-big, 100000, directed-random-big, 400000, 0, 10, 54
directed-random-big, 100000, directed-random-big, 400000, 0, 6, 58
directed-random-big, 100000, directed-random-big, 50000, 29, 19, 16
directed-random-big, 100000, directed-random-big, 50000, 33, 10, 21
directed-random-big, 100000, directed-random-big, 500000, 3, 24, 37
directed-random-big, 100000, directed-random-big, 500000, 5, 13, 46
directed-random-big, 100000, directed-random-big, 500000, 7, 19, 38
directed-random-big, 100000, directed-random-big, 500000, 9, 15, 40
directed-random-big, 100000, directed-random-big, 600000, 0, 15, 49
directed-random-big, 100000, directed-random-big, 700000, 0, 33, 31
directed-random-big, 100000, directed-random-big, 700000, 0, 40, 24
directed-random-big, 100000, directed-random-big, 800000, 0, 17, 47
directed-random-big, 100000, directed-random-big, 900000, 0, 7, 57
directed-random-big, 100000, undirected-random-big, 0, 64, 0, 0
directed-random-big, 100000, undirected-random-big, 0, 64, 0, 0
directed-random-big, 100000, undirected-random-big, 0, 64, 0, 0
directed-random-big, 100000, undirected-random-big, 0, 64, 0, 0
directed-random-big, 100000, undirected-random-big, 150000, 16, 2, 46
directed-random-big, 100000, undirected-random-big, 300000, 16, 4, 44
directed-random-big, 100000, undirected-random-big, 300000, 18, 6, 40
directed-random-big, 100000, undirected-random-big, 400000, 0, 0, 64
directed-random-big, 100000, undirected-random-big, 50000, 40, 0, 24
directed-random-big, 100000, undirected-random-big, 500000, 0, 0, 64
directed-random-big, 1000000, directed-random-big, 0, 64, 0, 0
directed-random-big, 1000000, directed-random-big, 1100000, 64, 0, 0
directed-random-big, 1000000, directed-random-big, 1100000, 64, 0, 0
directed-random-big, 1000000, directed-random-big, 1100000, 64, 0, 0
directed-random-big, 1000000, directed-random-big, 1100000, 64, 0, 0
directed-random-big, 1000000, directed-random-big, 1200000, 0, 12, 52
directed-random-big, 1000000, directed-random-big, 1200000, 0, 6, 58
directed-random-big, 1000000, directed-random-big, 1200000, 0, 8, 56
directed-random-big, 1000000, directed-random-big, 1200000, 0, 8, 56
directed-random-big, 1000000, directed-random-big, 150000, 57, 0, 7
directed-random-big, 1000000, directed-random-big, 200000, 31, 0, 33
directed-random-big, 1000000, directed-random-big, 250000, 34, 0, 30
directed-random-big, 1000000, directed-random-big, 300000, 39, 0, 25
directed-random-big, 1000000, directed-random-big, 300000, 42, 0, 22
directed-random-big, 1000000, directed-random-big, 300000, 45, 0, 19
directed-random-big, 1000000, directed-random-big, 300000, 51, 0, 13
directed-random-big, 1000000, directed-random-big, 400000, 45, 0, 19
directed-random-big, 1000000, directed-random-big, 400000, 45, 0, 19
directed-random-big, 1000000, directed-random-big, 400000, 46, 0, 18
directed-random-big, 1000000, directed-random-big, 50000, 47, 0, 17
directed-random-big, 1000000, directed-random-big, 50000, 48, 0, 16
directed-random-big, 1000000, directed-random-big, 500000, 22, 0, 42
directed-random-big, 1000000, directed-random-big, 500000, 28, 0, 36
directed-random-big, 1000000, directed-random-big, 500000, 33, 0, 31
directed-random-big, 1000000, directed-random-big, 600000, 31, 0, 33
directed-random-big, 1000000, directed-random-big, 900000, 0, 0, 64
directed-random-big, 1000000, undirected-random-big, 150000, 41, 0, 23
directed-random-big, 1000000, undirected-random-big, 200000, 28, 0, 36
directed-random-big, 1000000, undirected-random-big, 200000, 32, 0, 32
directed-random-big, 1000000, undirected-random-big, 200000, 36, 0, 28
directed-random-big, 1000000, undirected-random-big, 300000, 16, 0, 48
directed-random-big, 1000000, undirected-random-big, 300000, 16, 0, 48
directed-random-big, 1000000, undirected-random-big, 400000, 35, 0, 29
directed-random-big, 1000000, undirected-random-big, 50000, 48, 0, 16
directed-random-big, 1000000, undirected-random-big, 50000, 55, 0, 9
directed-random-big, 1100000, directed-random-big, 0, 64, 0, 0
directed-random-big, 1100000, directed-random-big, 100000, 10, 45, 9
directed-random-big, 1100000, directed-random-big, 100000, 6, 45, 13
directed-random-big, 1100000, directed-random-big, 1000000, 0, 34, 30
directed-random-big, 1100000, directed-random-big, 1000000, 0, 34, 30
directed-random-big, 1100000, directed-random-big, 1000000, 0, 36, 28
directed-random-big, 1100000, directed-random-big, 1000000, 0, 37, 27
directed-random-big, 1100000, directed-random-big, 200000, 4, 27, 33
directed-random-big, 1100000, directed-random-big, 250000, 0, 28, 36
directed-random-big, 1100000, directed-random-big, 300000, 0, 33, 31
directed-random-big, 1100000, directed-random-big, 300000, 0, 42, 22
directed-random-big, 1100000, directed-random-big, 400000, 0, 32, 32
directed-random-big, 1100000, directed-random-big, 400000, 0, 43, 21
directed-random-big, 1100000, directed-random-big, 50000, 5, 59, 0
directed-random-big, 1100000, directed-random-big, 50000, 5, 59, 0
directed-random-big, 1100000, directed-random-big, 600000, 0, 32, 32
directed-random-big, 1100000, directed-random-big, 700000, 0, 26, 38
directed-random-big, 1100000, directed-random-big, 800000, 0, 26, 38
directed-random-big, 1100000, directed-random-big, 900000, 0, 40, 24
directed-random-big, 1100000, undirected-random-big, 300000, 9, 24, 31
directed-random-big, 1100000, undirected-random-big, 50000, 9, 48, 7
directed-random-big, 1100000, undirected-random-big, 500000, 0, 51, 13
directed-random-big, 1200000, directed-random-big, 0, 64, 0, 0
directed-random-big, 1200000, directed-random-big, 0, 64, 0, 0
directed-random-big, 1200000, directed-random-big, 100000, 43, 0, 21
directed-random-big, 1200000, directed-random-big, 1000000, 0, 0, 64
directed-random-big, 1200000, directed-random-big, 1000000, 0, 0, 64
directed-random-big, 1200000, directed-random-big, 1000000, 0, 0, 64
directed-random-big, 1200000, directed-random-big, 1000000, 0, 0, 64
directed-random-big, 1200000, directed-random-big, 150000, 45, 0, 19
directed-random-big, 1200000, directed-random-big, 250000, 37, 0, 27
directed-random-big, 1200000, directed-random-big, 300000, 16, 3, 45
directed-random-big, 1200000, directed-random-big, 300000, 18, 4, 42
directed-random-big, 1200000, directed-random-big, 400000, 33, 0, 31
directed-random-big, 1200000, directed-random-big, 50000, 54, 0, 10
directed-random-big, 1200000, directed-random-big, 50000, 56, 0, 8
directed-random-big, 1200000, directed-random-big, 600000, 18, 0, 46
directed-random-big, 1200000, directed-random-big, 600000, 19, 0, 45
directed-random-big, 1200000, directed-random-big, 800000, 21, 0, 43
directed-random-big, 1200000, directed-random-big, 800000, 21, 0, 43
directed-random-big, 1200000, directed-random-big, 800000, 25, 0, 39
directed-random-big, 1200000, undirected-random-big, 0, 64, 0, 0
directed-random-big, 1200000, undirected-random-big, 100000, 53, 0, 11
directed-random-big, 1200000, undirected-random-big, 100000, 53, 0, 11
directed-random-big, 1200000, undirected-random-big, 200000, 28, 0, 36
directed-random-big, 1200000, undirected-random-big, 200000, 31, 0, 33
directed-random-big, 1200000, undirected-random-big, 300000, 16, 0, 48
directed-random-big, 1200000, undirected-random-big, 300000, 18, 0, 46
directed-random-big, 1200000, undirected-random-big, 300000, 18, 0, 46
directed-random-big, 1200000, undirected-random-big, 50000, 54, 0, 10
directed-random-big, 1200000, undirected-random-big, 500000, 29, 10, 25
directed-random-big, 150000, directed-random-big, 100000, 12, 0, 52
directed-random-big, 150000, directed-random-big, 1000000, 0, 32, 32
directed-random-big, 150000, directed-random-big, 1200000, 3, 31, 30
directed-random-big, 150000, directed-random-big, 200000, 13, 11, 40
directed-random-big, 150000, directed-random-big, 250000, 1, 9, 54
directed-random-big, 150000, directed-random-big, 400000, 0, 27, 37
directed-random-big, 150000, directed-random-big, 400000, 0, 31, 33
directed-random-big, 150000, directed-random-big, 50000, 64, 0, 0
directed-random-big, 150000, directed-random-big, 50000, 64, 0, 0
directed-random-big, 150000, directed-random-big, 700000, 0, 21, 43
directed-random-big, 150000, directed-random-big, 700000, 0, 25, 39
directed-random-big, 150000, directed-random-big, 700000, 0, 31, 33
directed-random-big, 150000, directed-random-big, 800000, 7, 29, 28
directed-random-big, 150000, directed-random-big, 800000, 9, 22, 33
directed-random-big, 150000, undirected-random-big, 0, 64, 0, 0
directed-random-big, 150000, undirected-random-big, 100000, 36, 5, 23
directed-random-big, 150000, undirected-random-big, 150000, 27, 3, 34
directed-random-big, 150000, undirected-random-big, 300000, 14, 0, 50
directed-random-big, 150000, undirected-random-big, 500000, 10, 17, 37
directed-random-big, 200000, directed-random-big, 0, 64, 0, 0
directed-random-big, 200000, directed-random-big, 1000000, 0, 4, 60
directed-random-big, 200000, directed-random-big, 1100000, 64, 0, 0
directed-random-big, 200000, directed-random-big, 150000, 40, 0, 24
directed-random-big, 200000, directed-random-big, 300000, 0, 8, 56
directed-random-big, 200000, directed-random-big, 400000, 0, 3, 61
directed-random-big, 200000, directed-random-big, 50000, 29, 4, 31
directed-random-big, 200000, directed-random-big, 50000, 33, 5, 26
directed-random-big, 200000, directed-random-big, 50000, 36, 3, 25
directed-random-big, 200000, directed-random-big, 50000, 41, 3, 20
directed-random-big, 200000, directed-random-big, 600000, 0, 6, 58
directed-random-big, 200000, directed-random-big, 700000, 0, 2, 62
directed-random-big, 200000, directed-random-big, 700000, 0, 5, 59
directed-random-big, 200000, directed-random-big, 700000, 0, 6, 58
directed-random-big, 200000, undirected-random-big, 0, 64, 0, 0
directed-random-big, 200000, undirected-random-big, 100000, 32, 3, 29
directed-random-big, 200000, undirected-random-big, 100000, 33, 2, 29
directed-random-big, 200000, undirected-random-big, 150000, 30, 0, 34
directed-random-big, 200000, undirected-random-big, 200000, 15, 3, 46
directed-random-big, 200000, undirected-random-big, 200000, 22, 7, 35
directed-random-big, 200000, undirected-random-big, 400000, 12, 14, 38
directed-random-big, 200000, undirected-random-big, 400000, 9, 22, 33
directed-random-big, 200000, undirected-random-big, 50000, 29, 0, 35
directed-random-big, 200000, undirected-random-big, 50000, 34, 0, 30
directed-random-big, 200000, undirected-random-big, 500000, 0, 18, 46
directed-random-big, 200000, undirected-random-big, 500000, 0, 20, 44
directed-random-big, 250000, directed-random-big, 0, 64, 0, 0
directed-random-big, 250000, directed-random-big, 0, 64, 0, 0
directed-random-big, 250000, directed-random-big, 100000, 49, 0, 15
directed-random-big, 250000, directed-random-big, 1000000, 0, 8, 56
directed-random-big, 250000, directed-random-big, 1100000, 64, 0, 0
directed-random-big, 250000, directed-random-big, 1200000, 0, 8, 56
directed-random-big, 250000, directed-random-big, 150000, 37, 0, 27
directed-random-big, 250000, directed-random-big, 300000, 0, 10, 54
directed-random-big, 250000, directed-random-big, 300000, 0, 7, 57
directed-random-big, 250000, directed-random-big, 50000, 50, 0, 14
directed-random-big, 250000, directed-random-big, 50000, 55, 0, 9
directed-random-big, 250000, directed-random-big, 800000, 0, 31, 33
directed-random-big, 250000, undirected-random-big, 0, 64, 0, 0
directed-random-big, 250000, undirected-random-big, 150000, 37, 0, 27
directed-random-big, 250000, undirected-random-big, 200000, 20, 22, 22
directed-random-big, 250000, undirected-random-big, 250000, 25, 0, 39
directed-random-big, 250000, undirected-random-big, 300000, 18, 0, 46
directed-random-big, 250000, undirected-random-big, 400000, 0, 10, 54
directed-random-big, 250000, undirected-random-big, 50000, 56, 0, 8
directed-random-big, 250000, undirected-random-big, 500000, 0, 12, 52
directed-random-big, 250000, undirected-random-big, 500000, 0, 8, 56
directed-random-big, 300000, directed-random-big, 0, 64, 0, 0
directed-random-big, 300000, directed-random-big, 0, 64, 0, 0
directed-random-big, 300000, directed-random-big, 0, 64, 0, 0
directed-random-big, 300000, directed-random-big, 1000000, 0, 16, 48
directed-random-big, 300000, directed-random-big, 1000000, 0, 18, 46
directed-random-big, 300000, directed-random-big, 1000000, 0, 23, 41
directed-random-big, 300000, directed-random-big, 1000000, 0, 23, 41
directed-random-big, 300000, directed-random-big, 1100000, 64, 0, 0
directed-random-big, 300000, directed-random-big, 1100000, 64, 0, 0
directed-random-big, 300000, directed-random-big, 1200000, 0, 18, 46
directed-random-big, 300000, directed-random-big, 1200000, 0, 21, 43
directed-random-big, 300000, directed-random-big, 200000, 29, 3, 32
directed-random-big, 300000, directed-random-big, 250000, 17, 2, 45
directed-random-big, 300000, directed-random-big, 250000, 19, 2, 43
directed-random-big, 300000, directed-random-big, 500000, 4, 0, 60
directed-random-big, 300000, directed-random-big, 600000, 0, 12, 52
directed-random-big, 300000, directed-random-big, 600000, 0, 13, 51
directed-random-big, 300000, directed-random-big, 600000, 0, 8, 56
directed-random-big, 300000, directed-random-big, 800000, 0, 29, 35
directed-random-big, 300000, directed-random-big, 800000, 0, 35, 29
directed-random-big, 300000, directed-random-big, 900000, 0, 18, 46
directed-random-big, 300000, undirected-random-big, 0, 64, 0, 0
directed-random-big, 300000, undirected-random-big, 0, 64, 0, 0
directed-random-big, 300000, undirected-random-big, 100000, 34, 0, 30
directed-random-big, 300000, undirected-random-big, 100000, 34, 0, 30
directed-random-big, 300000, undirected-random-big, 100000, 36, 0, 28
directed-random-big, 300000, undirected-random-big, 150000, 33, 4, 27
directed-random-big, 300000, undirected-random-big, 250000, 22, 0, 42
directed-random-big, 300000, undirected-random-big, 250000, 23, 0, 41
directed-random-big, 300000, undirected-random-big, 250000, 29, 0, 35
directed-random-big, 300000, undirected-random-big, 300000, 29, 0, 35
directed-random-big, 300000, undirected-random-big, 300000, 35, 0, 29
directed-random-big, 300000, undirected-random-big, 400000, 18, 11, 35
directed-random-big, 300000, undirected-random-big, 50000, 14, 0, 50
directed-random-big, 400000, directed-random-big, 0, 64, 0, 0
directed-random-big, 400000, directed-random-big, 0, 64, 0, 0
directed-random-big, 400000, directed-random-big, 0, 64, 0, 0
directed-random-big, 400000, directed-random-big, 0, 64, 0, 0
directed-random-big, 400000, directed-random-big, 100000, 31, 0, 33
directed-random-big, 400000, directed-random-big, 100000, 31, 0, 33
directed-random-big, 400000, directed-random-big, 1000000, 0, 10, 54
directed-random-big, 400000, directed-random-big, 1000000, 0, 6, 58
directed-random-big, 400000, directed-random-big, 1000000, 0, 9, 55
directed-random-big, 400000, directed-random-big, 1100000, 64, 0, 0
directed-random-big, 400000, directed-random-big, 1100000, 64, 0, 0
directed-random-big, 400000, directed-random-big, 1200000, 0, 0, 64
directed-random-big, 400000, directed-random-big, 150000, 19, 0, 45
directed-random-big, 400000, directed-random-big, 150000, 26, 0, 38
directed-random-big, 400000, directed-random-big, 200000, 16, 6, 42
directed-random-big, 400000, directed-random-big, 600000, 0, 9, 55
directed-random-big, 400000, directed-random-big, 700000, 0, 0, 64
directed-random-big, 400000, directed-random-big, 800000, 0, 7, 57
directed-random-big, 400000, undirected-random-big, 0, 64, 0, 0
directed-random-big, 400000, undirected-random-big, 0, 64, 0, 0
directed-random-big, 400000, undirected-random-big, 0, 64, 0, 0
directed-random-big, 400000, undirected-random-big, 250000, 20, 2, 42
directed-random-big, 400000, undirected-random-big, 250000, 29, 3, 32
directed-random-big, 400000, undirected-random-big, 400000, 22, 5, 37
directed-random-big, 400000, undirected-random-big, 50000, 26, 0, 38
directed-random-big, 400000, undirected-random-big, 50000, 27, 0, 37
directed-random-big, 400000, undirected-random-big, 50000, 35, 0, 29
directed-random-big, 400000, undirected-random-big, 500000, 21, 0, 43
directed-random-big, 50000, directed-random-big, 100000, 0, 30, 34
directed-random-big, 50000, directed-random-big, 100000, 0, 33, 31
directed-random-big, 50000, directed-random-big, 1000000, 0, 0, 64
directed-random-big, 50000, directed-random-big, 1000000, 0, 0, 64
directed-random-big, 50000, directed-random-big, 1100000, 64, 0, 0
directed-random-big, 50000, directed-random-big, 1100000, 64, 0, 0
directed-random-big, 50000, directed-random-big, 1100000, 64, 0, 0
directed-random-big, 50000, directed-random-big, 1200000, 0, 13, 51
directed-random-big, 50000, directed-random-big, 1200000, 0, 14, 50
directed-random-big, 50000, directed-random-big, 150000, 0, 34, 30
directed-random-big, 50000, directed-random-big, 150000, 0, 34, 30
directed-random-big, 50000, directed-random-big, 200000, 0, 13, 51
directed-random-big, 50000, directed-random-big, 200000, 0, 14, 50
directed-random-big, 50000, directed-random-big, 200000, 0, 16, 48
directed-random-big, 50000, directed-random-big, 200000, 0, 8, 56
directed-random-big, 50000, directed-random-big, 250000, 0, 11, 53
directed-random-big, 50000, directed-random-big, 250000, 0, 9, 55
directed-random-big, 50000, directed-random-big, 700000, 0, 7, 57
directed-random-big, 50000, undirected-random-big, 0, 64, 0, 0
directed-random-big, 50000, undirected-random-big, 100000, 0, 30, 34
directed-random-big, 50000, undirected-random-big, 150000, 8, 28, 28
directed-random-big, 50000, undirected-random-big, 150000, 9, 29, 26
directed-random-big, 50000, undirected-random-big, 200000, 5, 29, 30
directed-random-big, 50000, undirected-random-big, 200000, 9, 21, 34
directed-random-big, 50000, undirected-random-big, 250000, 0, 29, 35
directed-random-big, 50000, undirected-random-big, 300000, 5, 30, 29
directed-random-big, 50000, undirected-random-big, 300000, 9, 14, 41
directed-random-big, 50000, undirected-random-big, 500000, 0, 11, 53
directed-random-big, 50000, undirected-random-big, 500000, 0, 15, 49
directed-random-big, 500000, directed-random-big, 0, 64, 0, 0
directed-random-big, 500000, directed-random-big, 100000, 41, 11, 12
directed-random-big, 500000, directed-random-big, 100000, 49, 7, 8
directed-random-big, 500000, directed-random-big, 100000, 51, 9, 4
directed-random-big, 500000, directed-random-big, 100000, 55, 6, 3
directed-random-big, 500000, directed-random-big, 1000000, 0, 10, 54
directed-random-big, 500000, directed-random-big, 1000000, 0, 15, 49
directed-random-big, 500000, directed-random-big, 1000000, 0, 7, 57
directed-random-big, 500000, directed-random-big, 300000, 29, 4, 31
directed-random-big, 500000, directed-random-big, 600000, 0, 9, 55
directed-random-big, 500000, directed-random-big, 700000, 11, 0, 53
directed-random-big, 500000, directed-random-big, 800000, 0, 13, 51
directed-random-big, 500000, undirected-random-big, 0, 64, 0, 0
directed-random-big, 500000, undirected-random-big, 100000, 24, 0, 40
directed-random-big, 500000, undirected-random-big, 200000, 20, 5, 39
directed-random-big, 500000, undirected-random-big, 250000, 39, 0, 25
directed-random-big, 500000, undirected-random-big, 300000, 28, 8, 28
directed-random-big, 500000, undirected-random-big, 400000, 21, 7, 36
directed-random-big, 500000, undirected-random-big, 500000, 43, 2, 19
directed-random-big, 600000, directed-random-big, 100000, 50, 9, 5
directed-random-big, 600000, directed-random-big, 1000000, 0, 6, 58
directed-random-big, 600000, directed-random-big, 1100000, 64, 0, 0
directed-random-big, 600000, directed-random-big, 1200000, 0, 0, 64
directed-random-big, 600000, directed-random-big, 1200000, 0, 0, 64
directed-random-big, 600000, directed-random-big, 200000, 26, 4, 34
directed-random-big, 600000, directed-random-big, 300000, 32, 0, 32
directed-random-big, 600000, directed-random-big, 300000, 38, 0, 26
directed-random-big, 600000, directed-random-big, 300000, 39, 0, 25
directed-random-big, 600000, directed-random-big, 400000, 4, 8, 52
directed-random-big, 600000, directed-random-big, 500000, 10, 0, 54
directed-random-big, 600000, directed-random-big, 800000, 0, 6, 58
directed-random-big, 600000, directed-random-big, 900000, 0, 0, 64
directed-random-big, 600000, directed-random-big, 900000, 0, 0, 64
directed-random-big, 600000, undirected-random-big, 0, 64, 0, 0
directed-random-big, 600000, undirected-random-big, 0, 64, 0, 0
directed-random-big, 600000, undirected-random-big, 150000, 29, 0, 35
directed-random-big, 600000, undirected-random-big, 150000, 33, 0, 31
directed-random-big, 600000, undirected-random-big, 150000, 37, 0, 27
directed-random-big, 600000, undirected-random-big, 50000, 55, 0, 9
directed-random-big, 600000, undirected-random-big, 500000, 29, 8, 27
directed-random-big, 700000, directed-random-big, 0, 64, 0, 0
directed-random-big, 700000, directed-random-big, 0, 64, 0, 0
directed-random-big, 700000, directed-random-big, 100000, 46, 0, 18
directed-random-big, 700000, directed-random-big, 100000, 53, 0, 11
directed-random-big, 700000, directed-random-big, 1100000, 64, 0, 0
directed-random-big, 700000, directed-random-big, 150000, 44, 0, 20
directed-random-big, 700000, directed-random-big, 150000, 45, 0, 19
directed-random-big, 700000, directed-random-big, 150000, 47, 0, 17
directed-random-big, 700000, directed-random-big, 200000, 29, 0, 35
directed-random-big, 700000, directed-random-big, 200000, 34, 0, 30
directed-random-big, 700000, directed-random-big, 200000, 38, 0, 26
directed-random-big, 700000, directed-random-big, 400000, 15, 0, 49
directed-random-big, 700000, directed-random-big, 50000, 47, 0, 17
directed-random-big, 700000, directed-random-big, 500000, 18, 0, 46
directed-random-big, 700000, directed-random-big, 800000, 7, 8, 49
directed-random-big, 700000, directed-random-big, 900000, 2, 0, 62
directed-random-big, 700000, undirected-random-big, 100000, 44, 4, 16
directed-random-big, 700000, undirected-random-big, 150000, 32, 0, 32
directed-random-big, 700000, undirected-random-big, 300000, 39, 5, 20
directed-random-big, 700000, undirected-random-big, 400000, 30, 0, 34
directed-random-big, 700000, undirected-random-big, 400000, 30, 0, 34
directed-random-big, 700000, undirected-random-big, 400000, 34, 0, 30
directed-random-big, 700000, undirected-random-big, 50000, 40, 0, 24
directed-random-big, 700000, undirected-random-big, 50000, 44, 0, 20
directed-random-big, 800000, directed-random-big, 0, 64, 0, 0
directed-random-big, 800000, directed-random-big, 0, 64, 0, 0
directed-random-big, 800000, directed-random-big, 100000, 64, 0, 0
directed-random-big, 800000, directed-random-big, 1100000, 53, 0, 11
directed-random-big, 800000, directed-random-big, 1200000, 0, 0, 64
directed-random-big, 800000, directed-random-big, 1200000, 0, 0, 64
directed-random-big, 800000, directed-random-big, 1200000, 0, 0, 64
directed-random-big, 800000, directed-random-big, 1200000, 0, 0, 64
directed-random-big, 800000, directed-random-big, 150000, 34, 0, 30
directed-random-big, 800000, directed-random-big, 150000, 36, 0, 28
directed-random-big, 800000, directed-random-big, 250000, 32, 0, 32
directed-random-big, 800000, directed-random-big, 300000, 38, 4, 22
directed-random-big, 800000, directed-random-big, 300000, 38, 8, 18
directed-random-big, 800000, directed-random-big, 400000, 23, 0, 41
directed-random-big, 800000, directed-random-big, 500000, 29, 0, 35
directed-random-big, 800000, directed-random-big, 600000, 13, 0, 51
directed-random-big, 800000, directed-random-big, 700000, 6, 0, 58
directed-random-big, 800000, directed-random-big, 900000, 6, 0, 58
directed-random-big, 800000, undirected-random-big, 100000, 53, 0, 11
directed-random-big, 800000, undirected-random-big, 100000, 54, 0, 10
directed-random-big, 800000, undirected-random-big, 150000, 18, 9, 37
directed-random-big, 800000, undirected-random-big, 150000, 24, 4, 36
directed-random-big, 800000, undirected-random-big, 150000, 29, 3, 32
directed-random-big, 800000, undirected-random-big, 250000, 31, 0, 33
directed-random-big, 800000, undirected-random-big, 300000, 35, 0, 29
directed-random-big, 800000, undirected-random-big, 300000, 36, 0, 28
directed-random-big, 800000, undirected-random-big, 300000, 36, 0, 28
directed-random-big, 800000, undirected-random-big, 400000, 15, 1, 48
directed-random-big, 800000, undirected-random-big, 50000, 53, 0, 11
directed-random-big, 800000, undirected-random-big, 50000, 54, 0, 10
directed-random-big, 800000, undirected-random-big, 500000, 27, 0, 37
directed-random-big, 800000, undirected-random-big, 500000, 30, 0, 34
directed-random-big, 900000, directed-random-big, 100000, 39, 0, 25
directed-random-big, 900000, directed-random-big, 1000000, 0, 16, 48
directed-random-big, 900000, directed-random-big, 1100000, 58, 0, 6
directed-random-big, 900000, directed-random-big, 300000, 34, 0, 30
directed-random-big, 900000, directed-random-big, 600000, 14, 0, 50
directed-random-big, 900000, directed-random-big, 600000, 21, 0, 43
directed-random-big, 900000, directed-random-big, 700000, 22, 0, 42
directed-random-big, 900000, directed-random-big, 800000, 6, 10, 48
directed-random-big, 900000, undirected-random-big, 100000, 55, 0, 9
directed-random-big, 900000, undirected-random-big, 300000, 29, 0, 35
directed-random-big, 900000, undirected-random-big, 400000, 33, 0, 31
directed-random-big, 900000, undirected-random-big, 50000, 45, 0, 19
directed-random-big, 900000, undirected-random-big, 50000, 49, 0, 15
directed-random-big, 900000, undirected-random-big, 50000, 52, 0, 12
undirected-random-big, 0, directed-random-big, 0, 0, 52, 12
undirected-random-big, 0, directed-random-big, 0, 0, 55, 9
undirected-random-big, 0, directed-random-big, 100000, 0, 64, 0
undirected-random-big, 0, directed-random-big, 100000, 0, 64, 0
undirected-random-big, 0, directed-random-big, 100000, 0, 64, 0
undirected-random-big, 0, directed-random-big, 100000, 0, 64, 0
undirected-random-big, 0, directed-random-big, 1200000, 0, 64, 0
undirected-random-big, 0, directed-random-big, 150000, 0, 64, 0
undirected-random-big, 0, directed-random-big, 200000, 0, 64, 0
undirected-random-big, 0, directed-random-big, 250000, 0, 64, 0
undirected-random-big, 0, directed-random-big, 300000, 0, 64, 0
undirected-random-big, 0, directed-random-big, 300000, 0, 64, 0
undirected-random-big, 0, directed-random-big, 400000, 0, 64, 0
undirected-random-big, 0, directed-random-big, 400000, 0, 64, 0
undirected-random-big, 0, directed-random-big, 400000, 0, 64, 0
undirected-random-big, 0, directed-random-big, 50000, 0, 64, 0
undirected-random-big, 0, directed-random-big, 500000, 0, 64, 0
undirected-random-big, 0, directed-random-big, 600000, 0, 64, 0
undirected-random-big, 0, directed-random-big, 600000, 0, 64, 0
undirected-random-big, 0, undirected-random-big, 150000, 0, 64, 0
undirected-random-big, 0, undirected-random-big, 200000, 0, 64, 0
undirected-random-big, 0, undirected-random-big, 200000, 0, 64, 0
undirected-random-big, 0, undirected-random-big, 200000, 0, 64, 0
undirected-random-big, 0, undirected-random-big, 400000, 0, 64, 0
undirected-random-big, 0, undirected-random-big, 500000, 0, 64, 0
undirected-random-big, 100000, directed-random-big, 0, 64, 0, 0
undirected-random-big, 100000, directed-random-big, 1200000, 0, 13, 51
undirected-random-big, 100000, directed-random-big, 1200000, 0, 14, 50
undirected-random-big, 100000, directed-random-big, 150000, 13, 23, 28
undirected-random-big, 100000, directed-random-big, 200000, 14, 2, 48
undirected-random-big, 100000, directed-random-big, 200000, 17, 4, 43
undirected-random-big, 100000, directed-random-big, 300000, 11, 16, 37
undirected-random-big, 100000, directed-random-big, 300000, 11, 16, 37
undirected-random-big, 100000, directed-random-big, 300000, 13, 13, 38
undirected-random-big, 100000, directed-random-big, 50000, 45, 11, 8
undirected-random-big, 100000, directed-random-big, 500000, 0, 14, 50
undirected-random-big, 100000, directed-random-big, 700000, 0, 14, 50
undirected-random-big, 100000, directed-random-big, 800000, 0, 13, 51
undirected-random-big, 100000, directed-random-big, 800000, 0, 25, 39
undirected-random-big, 100000, directed-random-big, 900000, 0, 34, 30
undirected-random-big, 100000, undirected-random-big, 150000, 0, 28, 36
undirected-random-big, 100000, undirected-random-big, 300000, 2, 17, 45
undirected-random-big, 100000, undirected-random-big, 300000, 4, 16, 44
undirected-random-big, 100000, undirected-random-big, 400000, 10, 9, 45
undirected-random-big, 100000, undirected-random-big, 500000, 3, 24, 37
undirected-random-big, 100000, undirected-random-big, 500000, 5, 17, 42
undirected-random-big, 150000, directed-random-big, 100000, 36, 6, 22
undirected-random-big, 150000, directed-random-big, 1000000, 0, 11, 53
undirected-random-big, 150000, directed-random-big, 150000, 14, 1, 49
undirected-random-big, 150000, directed-random-big, 200000, 14, 2, 48
undirected-random-big, 150000, directed-random-big, 250000, 0, 0, 64
undirected-random-big, 150000, directed-random-big, 300000, 0, 13, 51
undirected-random-big, 150000, directed-random-big, 50000, 48, 5, 11
undirected-random-big, 150000, directed-random-big, 50000, 53, 2, 9
undirected-random-big, 150000, directed-random-big, 600000, 0, 10, 54
undirected-random-big, 150000, directed-random-big, 600000, 0, 4, 60
undirected-random-big, 150000, directed-random-big, 600000, 0, 9, 55
undirected-random-big, 150000, directed-random-big, 700000, 0, 7, 57
undirected-random-big, 150000, directed-random-big, 800000, 0, 13, 51
undirected-random-big, 150000, directed-random-big, 800000, 0, 18, 46
undirected-random-big, 150000, undirected-random-big, 0, 64, 0, 0
undirected-random-big, 150000, undirected-random-big, 100000, 37, 12, 15
undirected-random-big, 150000, undirected-random-big, 300000, 14, 14, 36
undirected-random-big, 150000, undirected-random-big, 50000, 24, 0, 40
undirected-random-big, 150000, undirected-random-big, 50000, 26, 0, 38
undirected-random-big, 150000, undirected-random-big, 500000, 0, 17, 47
undirected-random-big, 150000, undirected-random-big, 500000, 0, 9, 55
undirected-random-big, 200000, directed-random-big, 0, 64, 0, 0
undirected-random-big, 200000, directed-random-big, 1000000, 0, 4, 60
undirected-random-big, 200000, directed-random-big, 1000000, 0, 7, 57
undirected-random-big, 200000, directed-random-big, 1000000, 0, 7, 57
undirected-random-big, 200000, directed-random-big, 1200000, 0, 18, 46
undirected-random-big, 200000, directed-random-big, 1200000, 0, 22, 42
undirected-random-big, 200000, directed-random-big, 200000, 0, 13, 51
undirected-random-big, 200000, directed-random-big, 200000, 0, 17, 47
undirected-random-big, 200000, directed-random-big, 250000, 8, 13, 43
undirected-random-big, 200000, directed-random-big, 50000, 41, 0, 23
undirected-random-big, 200000, directed-random-big, 50000, 45, 0, 19
undirected-random-big, 200000, directed-random-big, 500000, 0, 2, 62
undirected-random-big, 200000, undirected-random-big, 0, 64, 0, 0
undirected-random-big, 200000, undirected-random-big, 0, 64, 0, 0
undirected-random-big, 200000, undirected-random-big, 0, 64, 0, 0
undirected-random-big, 200000, undirected-random-big, 250000, 0, 7, 57
undirected-random-big, 200000, undirected-random-big, 300000, 0, 10, 54
undirected-random-big, 200000, undirected-random-big, 50000, 42, 0, 22
undirected-random-big, 250000, directed-random-big, 250000, 6, 22, 36
undirected-random-big, 250000, directed-random-big, 300000, 0, 10, 54
undirected-random-big, 250000, directed-random-big, 300000, 0, 13, 51
undirected-random-big, 250000, directed-random-big, 300000, 0, 7, 57
undirected-random-big, 250000, directed-random-big, 400000, 0, 6, 58
undirected-random-big, 250000, directed-random-big, 400000, 0, 7, 57
undirected-random-big, 250000, directed-random-big, 50000, 24, 0, 40
undirected-random-big, 250000, directed-random-big, 500000, 0, 8, 56
undirected-random-big, 250000, directed-random-big, 800000, 0, 0, 64
undirected-random-big, 250000, undirected-random-big, 200000, 27, 0, 37
undirected-random-big, 250000, undirected-random-big, 300000, 16, 0, 48
undirected-random-big, 250000, undirected-random-big, 50000, 36, 0, 28
undirected-random-big, 300000, directed-random-big, 100000, 53, 0, 11
undirected-random-big, 300000, directed-random-big, 100000, 55, 0, 9
undirected-random-big, 300000, directed-random-big, 1000000, 4, 0, 60
undirected-random-big, 300000, directed-random-big, 1000000, 4, 0, 60
undirected-random-big, 300000, directed-random-big, 1100000, 64, 0, 0
undirected-random-big, 300000, directed-random-big, 1200000, 0, 0, 64
undirected-random-big, 300000, directed-random-big, 1200000, 0, 0, 64
undirected-random-big, 300000, directed-random-big, 1200000, 0, 0, 64
undirected-random-big, 300000, directed-random-big, 150000, 11, 14, 39
undirected-random-big, 300000, directed-random-big, 250000, 0, 0, 64
undirected-random-big, 300000, directed-random-big, 300000, 0, 0, 64
undirected-random-big, 300000, directed-random-big, 300000, 0, 0, 64
undirected-random-big, 300000, directed-random-big, 300000, 0, 0, 64
undirected-random-big, 300000, directed-random-big, 50000, 42, 0, 22
undirected-random-big, 300000, directed-random-big, 50000, 47, 0, 17
undirected-random-big, 300000, directed-random-big, 500000, 5, 0, 59
undirected-random-big, 300000, directed-random-big, 700000, 0, 0, 64
undirected-random-big, 300000, directed-random-big, 800000, 3, 0, 61
undirected-random-big, 300000, directed-random-big, 800000, 3, 0, 61
undirected-random-big, 300000, directed-random-big, 800000, 4, 0, 60
undirected-random-big, 300000, directed-random-big, 900000, 7, 0, 57
undirected-random-big, 300000, undirected-random-big, 100000, 44, 0, 20
undirected-random-big, 300000, undirected-random-big, 100000, 48, 0, 16
undirected-random-big, 300000, undirected-random-big, 150000, 29, 5, 30
undirected-random-big, 300000, undirected-random-big, 200000, 27, 0, 37
undirected-random-big, 300000, undirected-random-big, 250000, 45, 0, 19
undirected-random-big, 300000, undirected-random-big, 500000, 8, 6, 50
undirected-random-big, 400000, directed-random-big, 100000, 41, 0, 23
undirected-random-big, 400000, directed-random-big, 1000000, 0, 0, 64
undirected-random-big, 400000, directed-random-big, 200000, 10, 0, 54
undirected-random-big, 400000, directed-random-big, 200000, 5, 0, 59
undirected-random-big, 400000, directed-random-big, 250000, 0, 0, 64
undirected-random-big, 400000, directed-random-big, 300000, 0, 1, 63
undirected-random-big, 400000, directed-random-big, 400000, 0, 0, 64
undirected-random-big, 400000, directed-random-big, 500000, 0, 10, 54
undirected-random-big, 400000, directed-random-big, 700000, 0, 13, 51
undirected-random-big, 400000, directed-random-big, 700000, 0, 15, 49
undirected-random-big, 400000, directed-random-big, 700000, 0, 16, 48
undirected-random-big, 400000, directed-random-big, 800000, 0, 11, 53
undirected-random-big, 400000, directed-random-big, 900000, 0, 11, 53
undirected-random-big, 400000, undirected-random-big, 0, 64, 0, 0
undirected-random-big, 400000, undirected-random-big, 100000, 48, 0, 16
undirected-random-big, 400000, undirected-random-big, 500000, 0, 12, 52
undirected-random-big, 400000, undirected-random-big, 500000, 0, 14, 50
undirected-random-big, 400000, undirected-random-big, 500000, 0, 17, 47
undirected-random-big, 50000, directed-random-big, 0, 64, 0, 0
undirected-random-big, 50000, directed-random-big, 0, 64, 0, 0
undirected-random-big, 50000, directed-random-big, 100000, 5, 22, 37
undirected-random-big, 50000, directed-random-big, 1000000, 4, 22, 38
undirected-random-big, 50000, directed-random-big, 1000000, 4, 28, 32
undirected-random-big, 50000, directed-random-big, 1100000, 64, 0, 0
undirected-random-big, 50000, directed-random-big, 1200000, 0, 15, 49
undirected-random-big, 50000, directed-random-big, 200000, 0, 0, 64
undirected-random-big, 50000, directed-random-big, 200000, 0, 0, 64
undirected-random-big, 50000, directed-random-big, 250000, 0, 3, 61
undirected-random-big, 50000, directed-random-big, 300000, 0, 15, 49
undirected-random-big, 50000, directed-random-big, 400000, 0, 7, 57
undirected-random-big, 50000, directed-random-big, 400000, 0, 8, 56
undirected-random-big, 50000, directed-random-big, 400000, 0, 9, 55
undirected-random-big, 50000, directed-random-big, 600000, 0, 8, 56
undirected-random-big, 50000, directed-random-big, 700000, 0, 13, 51
undirected-random-big, 50000, directed-random-big, 700000, 0, 19, 45
undirected-random-big, 50000, directed-random-big, 800000, 0, 17, 47
undirected-random-big, 50000, directed-random-big, 800000, 0, 20, 44
undirected-random-big, 50000, directed-random-big, 900000, 0, 10, 54
undirected-random-big, 50000, directed-random-big, 900000, 0, 12, 52
undirected-random-big, 50000, directed-random-big, 900000, 0, 9, 55
undirected-random-big, 50000, undirected-random-big, 150000, 0, 29, 35
undirected-random-big, 50000, undirected-random-big, 150000, 0, 34, 30
undirected-random-big, 50000, undirected-random-big, 200000, 0, 23, 41
undirected-random-big, 50000, undirected-random-big, 250000, 0, 21, 43
undirected-random-big, 50000, undirected-random-big, 500000, 0, 41, 23
undirected-random-big, 50000, undirected-random-big, 500000, 0, 45, 19
undirected-random-big, 500000, directed-random-big, 0, 64, 0, 0
undirected-random-big, 500000, directed-random-big, 0, 64, 0, 0
undirected-random-big, 500000, directed-random-big, 100000, 47, 0, 17
undirected-random-big, 500000, directed-random-big, 1100000, 64, 0, 0
undirected-random-big, 500000, directed-random-big, 1200000, 0, 9, 55
undirected-random-big, 500000, directed-random-big, 150000, 42, 0, 22
undirected-random-big, 500000, directed-random-big, 200000, 10, 0, 54
undirected-random-big, 500000, directed-random-big, 200000, 13, 0, 51
undirected-random-big, 500000, directed-random-big, 250000, 1, 0, 63
undirected-random-big, 500000, directed-random-big, 250000, 3, 0, 61
undirected-random-big, 500000, directed-random-big, 400000, 0, 9, 55
undirected-random-big, 500000, directed-random-big, 50000, 29, 9, 26
undirected-random-big, 500000, directed-random-big, 50000, 34, 10, 20
undirected-random-big, 500000, directed-random-big, 500000, 10, 0, 54
undirected-random-big, 500000, directed-random-big, 600000, 0, 14, 50
undirected-random-big, 500000, directed-random-big, 800000, 0, 14, 50
undirected-random-big, 500000, directed-random-big, 800000, 0, 17, 47
undirected-random-big, 500000, undirected-random-big, 0, 64, 0, 0
undirected-random-big, 500000, undirected-random-big, 100000, 29, 4, 31
undirected-random-big, 500000, undirected-random-big, 100000, 30, 2, 32
undirected-random-big, 500000, undirected-random-big, 150000, 29, 0, 35
undirected-random-big, 500000, undirected-random-big, 150000, 34, 0, 30
undirected-random-big, 500000, undirected-random-big, 300000, 16, 0, 48
undirected-random-big, 500000, undirected-random-big, 400000, 10, 0, 54
undirected-random-big, 500000, undirected-random-big, 400000, 11, 0, 53
undirected-random-big, 500000, undirected-random-big, 400000, 9, 0, 55
undirected-random-big, 500000, undirected-random-big, 50000, 29, 3, 32
undirected-random-big, 500000, undirected-random-big, 50000, 34, 6, 24
