directed-fixed-reanalyze, 0, directed-fixed-reanalyze, 100000, 0, 64, 0
directed-fixed-reanalyze, 0, directed-fixed-reanalyze, 100000, 0, 64, 0
directed-fixed-reanalyze, 0, directed-fixed-reanalyze, 200000, 0, 64, 0
directed-fixed-reanalyze, 0, directed-fixed-reanalyze, 200000, 0, 64, 0
directed-fixed-reanalyze, 0, directed-fixed-reanalyze, 200000, 0, 64, 0
directed-fixed-reanalyze, 0, directed-fixed-reanalyze, 200000, 0, 64, 0
directed-fixed-reanalyze, 0, directed-fixed-reanalyze, 250000, 0, 64, 0
directed-fixed-reanalyze, 0, directed-fixed-reanalyze, 300000, 0, 64, 0
directed-fixed-reanalyze, 0, directed-fixed-reanalyze, 50000, 0, 64, 0
directed-fixed-reanalyze, 0, directed-fixed-reanalyze, 50000, 0, 64, 0
directed-fixed-reanalyze, 0, directed-opening-only, 100000, 0, 64, 0
directed-fixed-reanalyze, 0, directed-opening-only, 100000, 0, 64, 0
directed-fixed-reanalyze, 0, directed-opening-only, 100000, 0, 64, 0
directed-fixed-reanalyze, 0, directed-opening-only, 150000, 0, 64, 0
directed-fixed-reanalyze, 0, directed-opening-only, 150000, 0, 64, 0
directed-fixed-reanalyze, 0, directed-opening-only, 200000, 0, 64, 0
directed-fixed-reanalyze, 0, directed-opening-only, 250000, 0, 64, 0
directed-fixed-reanalyze, 0, directed-opening-only, 250000, 0, 64, 0
directed-fixed-reanalyze, 0, directed-opening-only, 50000, 0, 64, 0
directed-fixed-reanalyze, 0, directed-scuffed-reanalyze, 0, 64, 0, 0
directed-fixed-reanalyze, 0, directed-scuffed-reanalyze, 0, 64, 0, 0
directed-fixed-reanalyze, 0, directed-scuffed-reanalyze, 150000, 0, 64, 0
directed-fixed-reanalyze, 0, directed-scuffed-reanalyze, 150000, 0, 64, 0
directed-fixed-reanalyze, 0, directed-scuffed-reanalyze, 150000, 0, 64, 0
directed-fixed-reanalyze, 0, directed-scuffed-reanalyze, 250000, 0, 64, 0
directed-fixed-reanalyze, 0, directed-scuffed-reanalyze, 300000, 0, 64, 0
directed-fixed-reanalyze, 0, directed-scuffed-reanalyze, 50000, 0, 64, 0
directed-fixed-reanalyze, 0, undirected, 0, 39, 25, 0
directed-fixed-reanalyze, 0, undirected, 0, 42, 22, 0
directed-fixed-reanalyze, 0, undirected, 100000, 0, 64, 0
directed-fixed-reanalyze, 0, undirected, 100000, 0, 64, 0
directed-fixed-reanalyze, 0, undirected, 100000, 0, 64, 0
directed-fixed-reanalyze, 0, undirected, 100000, 0, 64, 0
directed-fixed-reanalyze, 0, undirected, 150000, 0, 64, 0
directed-fixed-reanalyze, 0, undirected, 200000, 0, 64, 0
directed-fixed-reanalyze, 0, undirected, 250000, 0, 64, 0
directed-fixed-reanalyze, 0, undirected, 250000, 0, 64, 0
directed-fixed-reanalyze, 0, undirected, 300000, 0, 64, 0
directed-fixed-reanalyze, 0, undirected, 50000, 0, 64, 0
directed-fixed-reanalyze, 100000, directed-fixed-reanalyze, 0, 64, 0, 0
directed-fixed-reanalyze, 100000, directed-fixed-reanalyze, 0, 64, 0, 0
directed-fixed-reanalyze, 100000, directed-fixed-reanalyze, 150000, 0, 10, 54
directed-fixed-reanalyze, 100000, directed-fixed-reanalyze, 150000, 0, 14, 50
directed-fixed-reanalyze, 100000, directed-fixed-reanalyze, 150000, 0, 15, 49
directed-fixed-reanalyze, 100000, directed-fixed-reanalyze, 200000, 0, 9, 55
directed-fixed-reanalyze, 100000, directed-fixed-reanalyze, 250000, 11, 9, 44
directed-fixed-reanalyze, 100000, directed-fixed-reanalyze, 300000, 7, 5, 52
directed-fixed-reanalyze, 100000, directed-fixed-reanalyze, 300000, 8, 8, 48
directed-fixed-reanalyze, 100000, directed-fixed-reanalyze, 50000, 53, 0, 11
directed-fixed-reanalyze, 100000, directed-fixed-reanalyze, 50000, 53, 0, 11
directed-fixed-reanalyze, 100000, directed-fixed-reanalyze, 50000, 58, 0, 6
directed-fixed-reanalyze, 100000, directed-opening-only, 0, 64, 0, 0
directed-fixed-reanalyze, 100000, directed-opening-only, 0, 64, 0, 0
directed-fixed-reanalyze, 100000, directed-opening-only, 0, 64, 0, 0
directed-fixed-reanalyze, 100000, directed-opening-only, 100000, 38, 2, 24
directed-fixed-reanalyze, 100000, directed-opening-only, 100000, 43, 2, 19
directed-fixed-reanalyze, 100000, directed-opening-only, 150000, 0, 10, 54
directed-fixed-reanalyze, 100000, directed-opening-only, 150000, 0, 3, 61
directed-fixed-reanalyze, 100000, directed-opening-only, 150000, 0, 4, 60
directed-fixed-reanalyze, 100000, directed-opening-only, 150000, 0, 8, 56
directed-fixed-reanalyze, 100000, directed-opening-only, 200000, 0, 0, 64
directed-fixed-reanalyze, 100000, directed-opening-only, 200000, 0, 0, 64
directed-fixed-reanalyze, 100000, directed-opening-only, 250000, 1, 12, 51
directed-fixed-reanalyze, 100000, directed-opening-only, 250000, 1, 3, 60
directed-fixed-reanalyze, 100000, directed-opening-only, 300000, 0, 0, 64
directed-fixed-reanalyze, 100000, directed-opening-only, 50000, 50, 0, 14
directed-fixed-reanalyze, 100000, directed-opening-only, 50000, 52, 0, 12
directed-fixed-reanalyze, 100000, directed-opening-only, 50000, 54, 0, 10
directed-fixed-reanalyze, 100000, directed-scuffed-reanalyze, 0, 64, 0, 0
directed-fixed-reanalyze, 100000, directed-scuffed-reanalyze, 100000, 0, 0, 64
directed-fixed-reanalyze, 100000, directed-scuffed-reanalyze, 200000, 0, 0, 64
directed-fixed-reanalyze, 100000, directed-scuffed-reanalyze, 200000, 0, 0, 64
directed-fixed-reanalyze, 100000, directed-scuffed-reanalyze, 250000, 0, 0, 64
directed-fixed-reanalyze, 100000, directed-scuffed-reanalyze, 250000, 0, 0, 64
directed-fixed-reanalyze, 100000, directed-scuffed-reanalyze, 300000, 0, 0, 64
directed-fixed-reanalyze, 100000, directed-scuffed-reanalyze, 300000, 0, 0, 64
directed-fixed-reanalyze, 100000, directed-scuffed-reanalyze, 300000, 0, 0, 64
directed-fixed-reanalyze, 100000, undirected, 0, 64, 0, 0
directed-fixed-reanalyze, 100000, undirected, 150000, 7, 0, 57
directed-fixed-reanalyze, 100000, undirected, 200000, 6, 7, 51
directed-fixed-reanalyze, 100000, undirected, 250000, 0, 0, 64
directed-fixed-reanalyze, 100000, undirected, 250000, 0, 0, 64
directed-fixed-reanalyze, 100000, undirected, 300000, 0, 0, 64
directed-fixed-reanalyze, 100000, undirected, 300000, 0, 0, 64
directed-fixed-reanalyze, 100000, undirected, 50000, 32, 0, 32
directed-fixed-reanalyze, 100000, undirected, 50000, 34, 0, 30
directed-fixed-reanalyze, 100000, undirected, 50000, 37, 0, 27
directed-fixed-reanalyze, 150000, directed-fixed-reanalyze, 100000, 29, 0, 35
directed-fixed-reanalyze, 150000, directed-fixed-reanalyze, 100000, 29, 0, 35
directed-fixed-reanalyze, 150000, directed-fixed-reanalyze, 100000, 39, 0, 25
directed-fixed-reanalyze, 150000, directed-fixed-reanalyze, 200000, 5, 0, 59
directed-fixed-reanalyze, 150000, directed-fixed-reanalyze, 250000, 1, 0, 63
directed-fixed-reanalyze, 150000, directed-fixed-reanalyze, 250000, 3, 0, 61
directed-fixed-reanalyze, 150000, directed-fixed-reanalyze, 250000, 3, 0, 61
directed-fixed-reanalyze, 150000, directed-fixed-reanalyze, 300000, 0, 0, 64
directed-fixed-reanalyze, 150000, directed-fixed-reanalyze, 300000, 0, 0, 64
directed-fixed-reanalyze, 150000, directed-fixed-reanalyze, 300000, 0, 0, 64
directed-fixed-reanalyze, 150000, directed-fixed-reanalyze, 50000, 17, 0, 47
directed-fixed-reanalyze, 150000, directed-fixed-reanalyze, 50000, 23, 0, 41
directed-fixed-reanalyze, 150000, directed-opening-only, 0, 64, 0, 0
directed-fixed-reanalyze, 150000, directed-opening-only, 0, 64, 0, 0
directed-fixed-reanalyze, 150000, directed-opening-only, 0, 64, 0, 0
directed-fixed-reanalyze, 150000, directed-opening-only, 0, 64, 0, 0
directed-fixed-reanalyze, 150000, directed-opening-only, 100000, 24, 0, 40
directed-fixed-reanalyze, 150000, directed-opening-only, 100000, 30, 0, 34
directed-fixed-reanalyze, 150000, directed-opening-only, 150000, 8, 0, 56
directed-fixed-reanalyze, 150000, directed-opening-only, 200000, 0, 6, 58
directed-fixed-reanalyze, 150000, directed-opening-only, 200000, 0, 7, 57
directed-fixed-reanalyze, 150000, directed-opening-only, 250000, 0, 0, 64
directed-fixed-reanalyze, 150000, directed-opening-only, 300000, 13, 0, 51
directed-fixed-reanalyze, 150000, directed-opening-only, 300000, 8, 0, 56
directed-fixed-reanalyze, 150000, directed-opening-only, 50000, 19, 0, 45
directed-fixed-reanalyze, 150000, directed-opening-only, 50000, 31, 0, 33
directed-fixed-reanalyze, 150000, directed-scuffed-reanalyze, 0, 64, 0, 0
directed-fixed-reanalyze, 150000, directed-scuffed-reanalyze, 100000, 14, 6, 44
directed-fixed-reanalyze, 150000, directed-scuffed-reanalyze, 100000, 19, 9, 36
directed-fixed-reanalyze, 150000, directed-scuffed-reanalyze, 200000, 0, 6, 58
directed-fixed-reanalyze, 150000, directed-scuffed-reanalyze, 200000, 0, 8, 56
directed-fixed-reanalyze, 150000, directed-scuffed-reanalyze, 250000, 10, 0, 54
directed-fixed-reanalyze, 150000, directed-scuffed-reanalyze, 250000, 6, 0, 58
directed-fixed-reanalyze, 150000, directed-scuffed-reanalyze, 250000, 7, 0, 57
directed-fixed-reanalyze, 150000, directed-scuffed-reanalyze, 300000, 0, 10, 54
directed-fixed-reanalyze, 150000, directed-scuffed-reanalyze, 300000, 0, 7, 57
directed-fixed-reanalyze, 150000, undirected, 0, 64, 0, 0
directed-fixed-reanalyze, 150000, undirected, 100000, 21, 10, 33
directed-fixed-reanalyze, 150000, undirected, 150000, 0, 0, 64
directed-fixed-reanalyze, 150000, undirected, 150000, 0, 0, 64
directed-fixed-reanalyze, 150000, undirected, 150000, 0, 0, 64
directed-fixed-reanalyze, 150000, undirected, 200000, 0, 0, 64
directed-fixed-reanalyze, 150000, undirected, 200000, 0, 0, 64
directed-fixed-reanalyze, 150000, undirected, 250000, 12, 0, 52
directed-fixed-reanalyze, 150000, undirected, 250000, 8, 0, 56
directed-fixed-reanalyze, 150000, undirected, 300000, 0, 0, 64
directed-fixed-reanalyze, 150000, undirected, 300000, 0, 0, 64
directed-fixed-reanalyze, 150000, undirected, 50000, 33, 0, 31
directed-fixed-reanalyze, 200000, directed-fixed-reanalyze, 0, 64, 0, 0
directed-fixed-reanalyze, 200000, directed-fixed-reanalyze, 0, 64, 0, 0
directed-fixed-reanalyze, 200000, directed-fixed-reanalyze, 0, 64, 0, 0
directed-fixed-reanalyze, 200000, directed-fixed-reanalyze, 0, 64, 0, 0
directed-fixed-reanalyze, 200000, directed-fixed-reanalyze, 0, 64, 0, 0
directed-fixed-reanalyze, 200000, directed-fixed-reanalyze, 100000, 52, 0, 12
directed-fixed-reanalyze, 200000, directed-fixed-reanalyze, 150000, 19, 8, 37
directed-fixed-reanalyze, 200000, directed-fixed-reanalyze, 250000, 12, 0, 52
directed-fixed-reanalyze, 200000, directed-fixed-reanalyze, 250000, 15, 0, 49
directed-fixed-reanalyze, 200000, directed-fixed-reanalyze, 250000, 2, 8, 54
directed-fixed-reanalyze, 200000, directed-fixed-reanalyze, 50000, 4, 5, 55
directed-fixed-reanalyze, 200000, directed-opening-only, 0, 64, 0, 0
directed-fixed-reanalyze, 200000, directed-opening-only, 100000, 30, 0, 34
directed-fixed-reanalyze, 200000, directed-opening-only, 150000, 0, 0, 64
directed-fixed-reanalyze, 200000, directed-opening-only, 200000, 13, 14, 37
directed-fixed-reanalyze, 200000, directed-opening-only, 200000, 17, 7, 40
directed-fixed-reanalyze, 200000, directed-opening-only, 200000, 18, 0, 46
directed-fixed-reanalyze, 200000, directed-opening-only, 250000, 19, 13, 32
directed-fixed-reanalyze, 200000, directed-opening-only, 50000, 38, 8, 18
directed-fixed-reanalyze, 200000, directed-scuffed-reanalyze, 0, 64, 0, 0
directed-fixed-reanalyze, 200000, directed-scuffed-reanalyze, 0, 64, 0, 0
directed-fixed-reanalyze, 200000, directed-scuffed-reanalyze, 100000, 0, 0, 64
directed-fixed-reanalyze, 200000, directed-scuffed-reanalyze, 100000, 0, 0, 64
directed-fixed-reanalyze, 200000, directed-scuffed-reanalyze, 100000, 0, 0, 64
directed-fixed-reanalyze, 200000, directed-scuffed-reanalyze, 100000, 0, 0, 64
directed-fixed-reanalyze, 200000, directed-scuffed-reanalyze, 100000, 0, 0, 64
directed-fixed-reanalyze, 200000, directed-scuffed-reanalyze, 100000, 0, 0, 64
directed-fixed-reanalyze, 200000, directed-scuffed-reanalyze, 100000, 0, 0, 64
directed-fixed-reanalyze, 200000, directed-scuffed-reanalyze, 250000, 0, 15, 49
directed-fixed-reanalyze, 200000, directed-scuffed-reanalyze, 300000, 0, 15, 49
directed-fixed-reanalyze, 200000, directed-scuffed-reanalyze, 50000, 44, 3, 17
directed-fixed-reanalyze, 200000, directed-scuffed-reanalyze, 50000, 44, 6, 14
directed-fixed-reanalyze, 200000, directed-scuffed-reanalyze, 50000, 47, 4, 13
directed-fixed-reanalyze, 200000, directed-scuffed-reanalyze, 50000, 47, 5, 12
directed-fixed-reanalyze, 200000, directed-scuffed-reanalyze, 50000, 48, 1, 15
directed-fixed-reanalyze, 200000, directed-scuffed-reanalyze, 50000, 52, 2, 10
directed-fixed-reanalyze, 200000, undirected, 0, 64, 0, 0
directed-fixed-reanalyze, 200000, undirected, 100000, 43, 11, 10
directed-fixed-reanalyze, 200000, undirected, 100000, 44, 9, 11
directed-fixed-reanalyze, 200000, undirected, 200000, 10, 0, 54
directed-fixed-reanalyze, 200000, undirected, 300000, 16, 0, 48
directed-fixed-reanalyze, 200000, undirected, 300000, 19, 0, 45
directed-fixed-reanalyze, 200000, undirected, 300000, 21, 0, 43
directed-fixed-reanalyze, 200000, undirected, 300000, 22, 0, 42
directed-fixed-reanalyze, 200000, undirected, 50000, 27, 0, 37
directed-fixed-reanalyze, 250000, directed-fixed-reanalyze, 0, 64, 0, 0
directed-fixed-reanalyze, 250000, directed-fixed-reanalyze, 100000, 11, 0, 53
directed-fixed-reanalyze, 250000, directed-fixed-reanalyze, 150000, 27, 0, 37
directed-fixed-reanalyze, 250000, directed-fixed-reanalyze, 150000, 28, 0, 36
directed-fixed-reanalyze, 250000, directed-fixed-reanalyze, 150000, 34, 0, 30
directed-fixed-reanalyze, 250000, directed-fixed-reanalyze, 200000, 1, 0, 63
directed-fixed-reanalyze, 250000, directed-fixed-reanalyze, 200000, 2, 0, 62
directed-fixed-reanalyze, 250000, directed-fixed-reanalyze, 200000, 4, 0, 60
directed-fixed-reanalyze, 250000, directed-fixed-reanalyze, 300000, 0, 0, 64
directed-fixed-reanalyze, 250000, directed-fixed-reanalyze, 300000, 0, 0, 64
directed-fixed-reanalyze, 250000, directed-fixed-reanalyze, 50000, 10, 0, 54
directed-fixed-reanalyze, 250000, directed-opening-only, 0, 64, 0, 0
directed-fixed-reanalyze, 250000, directed-opening-only, 0, 64, 0, 0
directed-fixed-reanalyze, 250000, directed-opening-only, 100000, 35, 0, 29
directed-fixed-reanalyze, 250000, directed-opening-only, 100000, 37, 0, 27
directed-fixed-reanalyze, 250000, directed-opening-only, 150000, 9, 0, 55
directed-fixed-reanalyze, 250000, directed-opening-only, 200000, 4, 0, 60
directed-fixed-reanalyze, 250000, directed-opening-only, 250000, 6, 0, 58
directed-fixed-reanalyze, 250000, directed-opening-only, 250000, 9, 0, 55
directed-fixed-reanalyze, 250000, directed-opening-only, 250000, 9, 0, 55
directed-fixed-reanalyze, 250000, directed-opening-only, 250000, 9, 0, 55
directed-fixed-reanalyze, 250000, directed-opening-only, 300000, 0, 11, 53
directed-fixed-reanalyze, 250000, directed-scuffed-reanalyze, 0, 64, 0, 0
directed-fixed-reanalyze, 250000, directed-scuffed-reanalyze, 100000, 0, 0, 64
directed-fixed-reanalyze, 250000, directed-scuffed-reanalyze, 100000, 0, 0, 64
directed-fixed-reanalyze, 250000, directed-scuffed-reanalyze, 150000, 0, 0, 64
directed-fixed-reanalyze, 250000, directed-scuffed-reanalyze, 200000, 0, 0, 64
directed-fixed-reanalyze, 250000, directed-scuffed-reanalyze, 200000, 0, 0, 64
directed-fixed-reanalyze, 250000, directed-scuffed-reanalyze, 200000, 0, 0, 64
directed-fixed-reanalyze, 250000, directed-scuffed-reanalyze, 200000, 0, 0, 64
directed-fixed-reanalyze, 250000, directed-scuffed-reanalyze, 300000, 0, 0, 64
directed-fixed-reanalyze, 250000, directed-scuffed-reanalyze, 300000, 0, 0, 64
directed-fixed-reanalyze, 250000, directed-scuffed-reanalyze, 50000, 36, 0, 28
directed-fixed-reanalyze, 250000, undirected, 0, 64, 0, 0
directed-fixed-reanalyze, 250000, undirected, 100000, 36, 13, 15
directed-fixed-reanalyze, 250000, undirected, 150000, 10, 0, 54
directed-fixed-reanalyze, 250000, undirected, 150000, 7, 0, 57
directed-fixed-reanalyze, 250000, undirected, 200000, 0, 0, 64
directed-fixed-reanalyze, 250000, undirected, 250000, 32, 0, 32
directed-fixed-reanalyze, 250000, undirected, 250000, 33, 0, 31
directed-fixed-reanalyze, 300000, directed-fixed-reanalyze, 0, 64, 0, 0
directed-fixed-reanalyze, 300000, directed-fixed-reanalyze, 100000, 13, 11, 40
directed-fixed-reanalyze, 300000, directed-fixed-reanalyze, 100000, 14, 6, 44
directed-fixed-reanalyze, 300000, directed-fixed-reanalyze, 150000, 46, 0, 18
directed-fixed-reanalyze, 300000, directed-fixed-reanalyze, 150000, 49, 0, 15
directed-fixed-reanalyze, 300000, directed-fixed-reanalyze, 150000, 49, 0, 15
directed-fixed-reanalyze, 300000, directed-fixed-reanalyze, 250000, 29, 4, 31
directed-fixed-reanalyze, 300000, directed-fixed-reanalyze, 250000, 34, 6, 24
directed-fixed-reanalyze, 300000, directed-fixed-reanalyze, 50000, 26, 6, 32
directed-fixed-reanalyze, 300000, directed-fixed-reanalyze, 50000, 30, 7, 27
directed-fixed-reanalyze, 300000, directed-opening-only, 150000, 11, 0, 53
directed-fixed-reanalyze, 300000, directed-opening-only, 150000, 11, 0, 53
directed-fixed-reanalyze, 300000, directed-opening-only, 150000, 12, 0, 52
directed-fixed-reanalyze, 300000, directed-opening-only, 150000, 5, 0, 59
directed-fixed-reanalyze, 300000, directed-opening-only, 150000, 5, 0, 59
directed-fixed-reanalyze, 300000, directed-opening-only, 200000, 25, 0, 39
directed-fixed-reanalyze, 300000, directed-opening-only, 250000, 29, 0, 35
directed-fixed-reanalyze, 300000, directed-opening-only, 250000, 30, 0, 34
directed-fixed-reanalyze, 300000, directed-opening-only, 250000, 33, 0, 31
directed-fixed-reanalyze, 300000, directed-opening-only, 250000, 41, 0, 23
directed-fixed-reanalyze, 300000, directed-opening-only, 50000, 46, 0, 18
directed-fixed-reanalyze, 300000, directed-opening-only, 50000, 50, 0, 14
directed-fixed-reanalyze, 300000, directed-scuffed-reanalyze, 0, 64, 0, 0
directed-fixed-reanalyze, 300000, directed-scuffed-reanalyze, 0, 64, 0, 0
directed-fixed-reanalyze, 300000, directed-scuffed-reanalyze, 150000, 0, 0, 64
directed-fixed-reanalyze, 300000, directed-scuffed-reanalyze, 150000, 0, 0, 64
directed-fixed-reanalyze, 300000, directed-scuffed-reanalyze, 200000, 0, 0, 64
directed-fixed-reanalyze, 300000, directed-scuffed-reanalyze, 200000, 0, 0, 64
directed-fixed-reanalyze, 300000, directed-scuffed-reanalyze, 250000, 0, 0, 64
directed-fixed-reanalyze, 300000, directed-scuffed-reanalyze, 250000, 0, 0, 64
directed-fixed-reanalyze, 300000, directed-scuffed-reanalyze, 250000, 0, 0, 64
directed-fixed-reanalyze, 300000, directed-scuffed-reanalyze, 250000, 0, 0, 64
directed-fixed-reanalyze, 300000, directed-scuffed-reanalyze, 300000, 0, 0, 64
directed-fixed-reanalyze, 300000, directed-scuffed-reanalyze, 50000, 46, 0, 18
directed-fixed-reanalyze, 300000, undirected, 100000, 0, 0, 64
directed-fixed-reanalyze, 300000, undirected, 100000, 0, 0, 64
directed-fixed-reanalyze, 300000, undirected, 150000, 12, 0, 52
directed-fixed-reanalyze, 300000, undirected, 150000, 16, 0, 48
directed-fixed-reanalyze, 300000, undirected, 150000, 23, 0, 41
directed-fixed-reanalyze, 300000, undirected, 200000, 7, 0, 57
directed-fixed-reanalyze, 300000, undirected, 200000, 9, 0, 55
directed-fixed-reanalyze, 300000, undirected, 250000, 0, 0, 64
directed-fixed-reanalyze, 300000, undirected, 250000, 0, 0, 64
directed-fixed-reanalyze, 300000, undirected, 250000, 0, 0, 64
directed-fixed-reanalyze, 300000, undirected, 300000, 0, 0, 64
directed-fixed-reanalyze, 300000, undirected, 300000, 0, 0, 64
directed-fixed-reanalyze, 300000, undirected, 50000, 35, 0, 29
directed-fixed-reanalyze, 50000, directed-fixed-reanalyze, 0, 64, 0, 0
directed-fixed-reanalyze, 50000, directed-fixed-reanalyze, 0, 64, 0, 0
directed-fixed-reanalyze, 50000, directed-fixed-reanalyze, 100000, 0, 15, 49
directed-fixed-reanalyze, 50000, directed-fixed-reanalyze, 100000, 0, 17, 47
directed-fixed-reanalyze, 50000, directed-fixed-reanalyze, 100000, 0, 9, 55
directed-fixed-reanalyze, 50000, directed-fixed-reanalyze, 150000, 0, 9, 55
directed-fixed-reanalyze, 50000, directed-fixed-reanalyze, 150000, 0, 9, 55
directed-fixed-reanalyze, 50000, directed-fixed-reanalyze, 200000, 7, 17, 40
directed-fixed-reanalyze, 50000, directed-fixed-reanalyze, 250000, 0, 10, 54
directed-fixed-reanalyze, 50000, directed-fixed-reanalyze, 300000, 0, 13, 51
directed-fixed-reanalyze, 50000, directed-fixed-reanalyze, 300000, 0, 17, 47
directed-fixed-reanalyze, 50000, directed-opening-only, 0, 64, 0, 0
directed-fixed-reanalyze, 50000, directed-opening-only, 0, 64, 0, 0
directed-fixed-reanalyze, 50000, directed-opening-only, 100000, 30, 0, 34
directed-fixed-reanalyze, 50000, directed-opening-only, 100000, 34, 0, 30
directed-fixed-reanalyze, 50000, directed-opening-only, 100000, 34, 0, 30
directed-fixed-reanalyze, 50000, directed-opening-only, 150000, 7, 0, 57
directed-fixed-reanalyze, 50000, directed-opening-only, 200000, 0, 8, 56
directed-fixed-reanalyze, 50000, directed-opening-only, 50000, 20, 0, 44
directed-fixed-reanalyze, 50000, directed-opening-only, 50000, 23, 0, 41
directed-fixed-reanalyze, 50000, directed-opening-only, 50000, 27, 0, 37
directed-fixed-reanalyze, 50000, directed-scuffed-reanalyze, 0, 64, 0, 0
directed-fixed-reanalyze, 50000, directed-scuffed-reanalyze, 100000, 0, 7, 57
directed-fixed-reanalyze, 50000, directed-scuffed-reanalyze, 150000, 0, 6, 58
directed-fixed-reanalyze, 50000, directed-scuffed-reanalyze, 150000, 0, 8, 56
directed-fixed-reanalyze, 50000, directed-scuffed-reanalyze, 200000, 3, 15, 46
directed-fixed-reanalyze, 50000, directed-scuffed-reanalyze, 250000, 0, 19, 45
directed-fixed-reanalyze, 50000, directed-scuffed-reanalyze, 250000, 0, 20, 44
directed-fixed-reanalyze, 50000, directed-scuffed-reanalyze, 300000, 0, 12, 52
directed-fixed-reanalyze, 50000, directed-scuffed-reanalyze, 50000, 14, 15, 35
directed-fixed-reanalyze, 50000, directed-scuffed-reanalyze, 50000, 19, 7, 38
directed-fixed-reanalyze, 50000, undirected, 0, 64, 0, 0
directed-fixed-reanalyze, 50000, undirected, 150000, 0, 32, 32
directed-fixed-reanalyze, 50000, undirected, 200000, 0, 10, 54
directed-fixed-reanalyze, 50000, undirected, 200000, 0, 16, 48
directed-fixed-reanalyze, 50000, undirected, 200000, 0, 20, 44
directed-fixed-reanalyze, 50000, undirected, 250000, 0, 2, 62
directed-fixed-reanalyze, 50000, undirected, 300000, 0, 4, 60
directed-fixed-reanalyze, 50000, undirected, 300000, 0, 5, 59
directed-fixed-reanalyze, 50000, undirected, 300000, 0, 7, 57
directed-fixed-reanalyze, 50000, undirected, 300000, 0, 9, 55
directed-fixed-reanalyze, 50000, undirected, 50000, 57, 5, 2
directed-fixed-reanalyze, 50000, undirected, 50000, 60, 2, 2
directed-opening-only, 0, directed-fixed-reanalyze, 100000, 0, 64, 0
directed-opening-only, 0, directed-fixed-reanalyze, 100000, 0, 64, 0
directed-opening-only, 0, directed-fixed-reanalyze, 100000, 0, 64, 0
directed-opening-only, 0, directed-fixed-reanalyze, 150000, 0, 64, 0
directed-opening-only, 0, directed-fixed-reanalyze, 150000, 0, 64, 0
directed-opening-only, 0, directed-fixed-reanalyze, 150000, 0, 64, 0
directed-opening-only, 0, directed-fixed-reanalyze, 150000, 0, 64, 0
directed-opening-only, 0, directed-fixed-reanalyze, 200000, 0, 64, 0
directed-opening-only, 0, directed-fixed-reanalyze, 250000, 0, 64, 0
directed-opening-only, 0, directed-fixed-reanalyze, 250000, 0, 64, 0
directed-opening-only, 0, directed-fixed-reanalyze, 50000, 0, 64, 0
directed-opening-only, 0, directed-fixed-reanalyze, 50000, 0, 64, 0
directed-opening-only, 0, directed-opening-only, 200000, 0, 64, 0
directed-opening-only, 0, directed-opening-only, 200000, 0, 64, 0
directed-opening-only, 0, directed-opening-only, 200000, 0, 64, 0
directed-opening-only, 0, directed-opening-only, 200000, 0, 64, 0
directed-opening-only, 0, directed-opening-only, 250000, 0, 64, 0
directed-opening-only, 0, directed-opening-only, 300000, 0, 64, 0
directed-opening-only, 0, directed-opening-only, 300000, 0, 64, 0
directed-opening-only, 0, directed-opening-only, 300000, 0, 64, 0
directed-opening-only, 0, directed-opening-only, 300000, 0, 64, 0
directed-opening-only, 0, directed-opening-only, 50000, 0, 64, 0
directed-opening-only, 0, directed-scuffed-reanalyze, 0, 0, 64, 0
directed-opening-only, 0, directed-scuffed-reanalyze, 0, 0, 64, 0
directed-opening-only, 0, directed-scuffed-reanalyze, 0, 0, 64, 0
directed-opening-only, 0, directed-scuffed-reanalyze, 0, 0, 64, 0
directed-opening-only, 0, directed-scuffed-reanalyze, 100000, 0, 64, 0
directed-opening-only, 0, directed-scuffed-reanalyze, 100000, 0, 64, 0
directed-opening-only, 0, directed-scuffed-reanalyze, 100000, 0, 64, 0
directed-opening-only, 0, directed-scuffed-reanalyze, 150000, 0, 64, 0
directed-opening-only, 0, directed-scuffed-reanalyze, 150000, 0, 64, 0
directed-opening-only, 0, directed-scuffed-reanalyze, 150000, 0, 64, 0
directed-opening-only, 0, directed-scuffed-reanalyze, 250000, 0, 64, 0
directed-opening-only, 0, directed-scuffed-reanalyze, 250000, 0, 64, 0
directed-opening-only, 0, directed-scuffed-reanalyze, 250000, 0, 64, 0
directed-opening-only, 0, directed-scuffed-reanalyze, 250000, 0, 64, 0
directed-opening-only, 0, directed-scuffed-reanalyze, 300000, 0, 64, 0
directed-opening-only, 0, directed-scuffed-reanalyze, 300000, 0, 64, 0
directed-opening-only, 0, directed-scuffed-reanalyze, 300000, 0, 64, 0
directed-opening-only, 0, directed-scuffed-reanalyze, 300000, 0, 64, 0
directed-opening-only, 0, directed-scuffed-reanalyze, 50000, 0, 64, 0
directed-opening-only, 0, directed-scuffed-reanalyze, 50000, 0, 64, 0
directed-opening-only, 0, directed-scuffed-reanalyze, 50000, 0, 64, 0
directed-opening-only, 0, undirected, 0, 0, 64, 0
directed-opening-only, 0, undirected, 0, 0, 64, 0
directed-opening-only, 0, undirected, 0, 0, 64, 0
directed-opening-only, 0, undirected, 0, 0, 64, 0
directed-opening-only, 0, undirected, 100000, 0, 64, 0
directed-opening-only, 0, undirected, 100000, 0, 64, 0
directed-opening-only, 0, undirected, 100000, 0, 64, 0
directed-opening-only, 0, undirected, 150000, 0, 64, 0
directed-opening-only, 0, undirected, 200000, 0, 64, 0
directed-opening-only, 0, undirected, 200000, 0, 64, 0
directed-opening-only, 0, undirected, 200000, 0, 64, 0
directed-opening-only, 0, undirected, 250000, 0, 64, 0
directed-opening-only, 0, undirected, 250000, 0, 64, 0
directed-opening-only, 0, undirected, 250000, 0, 64, 0
directed-opening-only, 0, undirected, 300000, 0, 64, 0
directed-opening-only, 0, undirected, 300000, 0, 64, 0
directed-opening-only, 0, undirected, 50000, 0, 64, 0
directed-opening-only, 0, undirected, 50000, 0, 64, 0
directed-opening-only, 100000, directed-fixed-reanalyze, 0, 64, 0, 0
directed-opening-only, 100000, directed-fixed-reanalyze, 0, 64, 0, 0
directed-opening-only, 100000, directed-fixed-reanalyze, 0, 64, 0, 0
directed-opening-only, 100000, directed-fixed-reanalyze, 100000, 0, 14, 50
directed-opening-only, 100000, directed-fixed-reanalyze, 100000, 0, 16, 48
directed-opening-only, 100000, directed-fixed-reanalyze, 150000, 0, 10, 54
directed-opening-only, 100000, directed-fixed-reanalyze, 150000, 0, 16, 48
directed-opening-only, 100000, directed-fixed-reanalyze, 200000, 3, 12, 49
directed-opening-only, 100000, directed-fixed-reanalyze, 250000, 1, 17, 46
directed-opening-only, 100000, directed-fixed-reanalyze, 250000, 7, 17, 40
directed-opening-only, 100000, directed-fixed-reanalyze, 50000, 30, 0, 34
directed-opening-only, 100000, directed-fixed-reanalyze, 50000, 34, 0, 30
directed-opening-only, 100000, directed-fixed-reanalyze, 50000, 34, 0, 30
directed-opening-only, 100000, directed-opening-only, 150000, 3, 0, 61
directed-opening-only, 100000, directed-opening-only, 150000, 7, 0, 57
directed-opening-only, 100000, directed-opening-only, 200000, 3, 0, 61
directed-opening-only, 100000, directed-opening-only, 200000, 4, 0, 60
directed-opening-only, 100000, directed-opening-only, 250000, 0, 3, 61
directed-opening-only, 100000, directed-opening-only, 250000, 0, 4, 60
directed-opening-only, 100000, directed-opening-only, 250000, 0, 4, 60
directed-opening-only, 100000, directed-opening-only, 300000, 2, 4, 58
directed-opening-only, 100000, directed-opening-only, 300000, 6, 4, 54
directed-opening-only, 100000, directed-opening-only, 300000, 7, 2, 55
directed-opening-only, 100000, directed-scuffed-reanalyze, 0, 64, 0, 0
directed-opening-only, 100000, directed-scuffed-reanalyze, 0, 64, 0, 0
directed-opening-only, 100000, directed-scuffed-reanalyze, 100000, 0, 20, 44
directed-opening-only, 100000, directed-scuffed-reanalyze, 150000, 0, 11, 53
directed-opening-only, 100000, directed-scuffed-reanalyze, 150000, 0, 2, 62
directed-opening-only, 100000, directed-scuffed-reanalyze, 150000, 0, 7, 57
directed-opening-only, 100000, directed-scuffed-reanalyze, 250000, 0, 15, 49
directed-opening-only, 100000, directed-scuffed-reanalyze, 250000, 0, 16, 48
directed-opening-only, 100000, directed-scuffed-reanalyze, 250000, 0, 16, 48
directed-opening-only, 100000, directed-scuffed-reanalyze, 250000, 0, 21, 43
directed-opening-only, 100000, directed-scuffed-reanalyze, 250000, 0, 27, 37
directed-opening-only, 100000, directed-scuffed-reanalyze, 300000, 0, 27, 37
directed-opening-only, 100000, directed-scuffed-reanalyze, 300000, 0, 39, 25
directed-opening-only, 100000, undirected, 0, 64, 0, 0
directed-opening-only, 100000, undirected, 0, 64, 0, 0
directed-opening-only, 100000, undirected, 100000, 0, 0, 64
directed-opening-only, 100000, undirected, 150000, 3, 13, 48
directed-opening-only, 100000, undirected, 150000, 3, 15, 46
directed-opening-only, 100000, undirected, 200000, 4, 3, 57
directed-opening-only, 100000, undirected, 200000, 5, 9, 50
directed-opening-only, 100000, undirected, 300000, 3, 0, 61
directed-opening-only, 100000, undirected, 300000, 4, 0, 60
directed-opening-only, 100000, undirected, 50000, 47, 0, 17
directed-opening-only, 100000, undirected, 50000, 52, 0, 12
directed-opening-only, 100000, undirected, 50000, 52, 0, 12
directed-opening-only, 150000, directed-fixed-reanalyze, 0, 64, 0, 0
directed-opening-only, 150000, directed-fixed-reanalyze, 0, 64, 0, 0
directed-opening-only, 150000, directed-fixed-reanalyze, 100000, 38, 0, 26
directed-opening-only, 150000, directed-fixed-reanalyze, 100000, 41, 0, 23
directed-opening-only, 150000, directed-fixed-reanalyze, 100000, 46, 0, 18
directed-opening-only, 150000, directed-fixed-reanalyze, 100000, 46, 0, 18
directed-opening-only, 150000, directed-fixed-reanalyze, 150000, 19, 12, 33
directed-opening-only, 150000, directed-fixed-reanalyze, 200000, 27, 0, 37
directed-opening-only, 150000, directed-fixed-reanalyze, 200000, 29, 0, 35
directed-opening-only, 150000, directed-fixed-reanalyze, 250000, 0, 0, 64
directed-opening-only, 150000, directed-fixed-reanalyze, 300000, 19, 0, 45
directed-opening-only, 150000, directed-fixed-reanalyze, 300000, 23, 0, 41
directed-opening-only, 150000, directed-fixed-reanalyze, 300000, 27, 0, 37
directed-opening-only, 150000, directed-fixed-reanalyze, 300000, 29, 0, 35
directed-opening-only, 150000, directed-fixed-reanalyze, 300000, 30, 0, 34
directed-opening-only, 150000, directed-fixed-reanalyze, 50000, 34, 11, 19
directed-opening-only, 150000, directed-opening-only, 100000, 45, 0, 19
directed-opening-only, 150000, directed-opening-only, 100000, 52, 0, 12
directed-opening-only, 150000, directed-opening-only, 200000, 0, 10, 54
directed-opening-only, 150000, directed-opening-only, 200000, 0, 12, 52
directed-opening-only, 150000, directed-opening-only, 200000, 0, 8, 56
directed-opening-only, 150000, directed-opening-only, 250000, 0, 0, 64
directed-opening-only, 150000, directed-opening-only, 250000, 0, 0, 64
directed-opening-only, 150000, directed-opening-only, 250000, 0, 0, 64
directed-opening-only, 150000, directed-opening-only, 300000, 0, 1, 63
directed-opening-only, 150000, directed-opening-only, 300000, 0, 4, 60
directed-opening-only, 150000, directed-scuffed-reanalyze, 0, 64, 0, 0
directed-opening-only, 150000, directed-scuffed-reanalyze, 100000, 0, 15, 49
directed-opening-only, 150000, directed-scuffed-reanalyze, 100000, 0, 16, 48
directed-opening-only, 150000, directed-scuffed-reanalyze, 100000, 0, 23, 41
directed-opening-only, 150000, directed-scuffed-reanalyze, 200000, 0, 21, 43
directed-opening-only, 150000, directed-scuffed-reanalyze, 200000, 0, 29, 35
directed-opening-only, 150000, directed-scuffed-reanalyze, 250000, 0, 8, 56
directed-opening-only, 150000, directed-scuffed-reanalyze, 300000, 0, 0, 64
directed-opening-only, 150000, undirected, 150000, 22, 9, 33
directed-opening-only, 150000, undirected, 150000, 32, 6, 26
directed-opening-only, 150000, undirected, 200000, 21, 6, 37
directed-opening-only, 150000, undirected, 200000, 21, 8, 35
directed-opening-only, 150000, undirected, 250000, 29, 20, 15
directed-opening-only, 150000, undirected, 300000, 15, 13, 36
directed-opening-only, 150000, undirected, 300000, 22, 20, 22
directed-opening-only, 150000, undirected, 300000, 23, 12, 29
directed-opening-only, 150000, undirected, 50000, 26, 0, 38
directed-opening-only, 150000, undirected, 50000, 27, 0, 37
directed-opening-only, 200000, directed-fixed-reanalyze, 0, 64, 0, 0
directed-opening-only, 200000, directed-fixed-reanalyze, 100000, 39, 2, 23
directed-opening-only, 200000, directed-fixed-reanalyze, 100000, 39, 5, 20
directed-opening-only, 200000, directed-fixed-reanalyze, 150000, 12, 13, 39
directed-opening-only, 200000, directed-fixed-reanalyze, 150000, 18, 10, 36
directed-opening-only, 200000, directed-fixed-reanalyze, 200000, 11, 29, 24
directed-opening-only, 200000, directed-fixed-reanalyze, 200000, 13, 20, 31
directed-opening-only, 200000, directed-fixed-reanalyze, 200000, 6, 23, 35
directed-opening-only, 200000, directed-fixed-reanalyze, 250000, 7, 9, 48
directed-opening-only, 200000, directed-fixed-reanalyze, 300000, 16, 3, 45
directed-opening-only, 200000, directed-fixed-reanalyze, 50000, 35, 0, 29
directed-opening-only, 200000, directed-opening-only, 0, 64, 0, 0
directed-opening-only, 200000, directed-opening-only, 0, 64, 0, 0
directed-opening-only, 200000, directed-opening-only, 0, 64, 0, 0
directed-opening-only, 200000, directed-opening-only, 0, 64, 0, 0
directed-opening-only, 200000, directed-opening-only, 100000, 37, 0, 27
directed-opening-only, 200000, directed-opening-only, 100000, 38, 0, 26
directed-opening-only, 200000, directed-opening-only, 150000, 25, 0, 39
directed-opening-only, 200000, directed-opening-only, 150000, 29, 0, 35
directed-opening-only, 200000, directed-opening-only, 150000, 30, 0, 34
directed-opening-only, 200000, directed-opening-only, 300000, 0, 10, 54
directed-opening-only, 200000, directed-scuffed-reanalyze, 0, 64, 0, 0
directed-opening-only, 200000, directed-scuffed-reanalyze, 0, 64, 0, 0
directed-opening-only, 200000, directed-scuffed-reanalyze, 0, 64, 0, 0
directed-opening-only, 200000, directed-scuffed-reanalyze, 0, 64, 0, 0
directed-opening-only, 200000, directed-scuffed-reanalyze, 0, 64, 0, 0
directed-opening-only, 200000, directed-scuffed-reanalyze, 100000, 0, 17, 47
directed-opening-only, 200000, directed-scuffed-reanalyze, 100000, 0, 18, 46
directed-opening-only, 200000, directed-scuffed-reanalyze, 200000, 27, 0, 37
directed-opening-only, 200000, undirected, 0, 64, 0, 0
directed-opening-only, 200000, undirected, 100000, 0, 0, 64
directed-opening-only, 200000, undirected, 100000, 0, 0, 64
directed-opening-only, 200000, undirected, 100000, 0, 0, 64
directed-opening-only, 200000, undirected, 100000, 0, 0, 64
directed-opening-only, 200000, undirected, 150000, 3, 9, 52
directed-opening-only, 200000, undirected, 150000, 4, 10, 50
directed-opening-only, 200000, undirected, 150000, 7, 6, 51
directed-opening-only, 200000, undirected, 250000, 6, 10, 48
directed-opening-only, 200000, undirected, 250000, 8, 12, 44
directed-opening-only, 200000, undirected, 300000, 0, 17, 47
directed-opening-only, 250000, directed-fixed-reanalyze, 0, 64, 0, 0
directed-opening-only, 250000, directed-fixed-reanalyze, 0, 64, 0, 0
directed-opening-only, 250000, directed-fixed-reanalyze, 100000, 10, 9, 45
directed-opening-only, 250000, directed-fixed-reanalyze, 100000, 12, 5, 47
directed-opening-only, 250000, directed-fixed-reanalyze, 150000, 21, 5, 38
directed-opening-only, 250000, directed-fixed-reanalyze, 200000, 0, 2, 62
directed-opening-only, 250000, directed-fixed-reanalyze, 250000, 0, 12, 52
directed-opening-only, 250000, directed-fixed-reanalyze, 250000, 0, 15, 49
directed-opening-only, 250000, directed-fixed-reanalyze, 250000, 0, 16, 48
directed-opening-only, 250000, directed-fixed-reanalyze, 250000, 0, 16, 48
directed-opening-only, 250000, directed-fixed-reanalyze, 300000, 0, 15, 49
directed-opening-only, 250000, directed-fixed-reanalyze, 300000, 0, 2, 62
directed-opening-only, 250000, directed-fixed-reanalyze, 300000, 0, 5, 59
directed-opening-only, 250000, directed-fixed-reanalyze, 300000, 0, 7, 57
directed-opening-only, 250000, directed-opening-only, 0, 64, 0, 0
directed-opening-only, 250000, directed-opening-only, 100000, 29, 0, 35
directed-opening-only, 250000, directed-opening-only, 100000, 29, 0, 35
directed-opening-only, 250000, directed-opening-only, 100000, 30, 0, 34
directed-opening-only, 250000, directed-opening-only, 150000, 25, 0, 39
directed-opening-only, 250000, directed-opening-only, 150000, 25, 0, 39
directed-opening-only, 250000, directed-opening-only, 150000, 26, 0, 38
directed-opening-only, 250000, directed-opening-only, 300000, 0, 13, 51
directed-opening-only, 250000, directed-opening-only, 300000, 0, 18, 46
directed-opening-only, 250000, directed-opening-only, 50000, 36, 0, 28
directed-opening-only, 250000, directed-scuffed-reanalyze, 100000, 31, 0, 33
directed-opening-only, 250000, directed-scuffed-reanalyze, 100000, 35, 0, 29
directed-opening-only, 250000, directed-scuffed-reanalyze, 100000, 38, 0, 26
directed-opening-only, 250000, directed-scuffed-reanalyze, 200000, 25, 0, 39
directed-opening-only, 250000, directed-scuffed-reanalyze, 200000, 31, 0, 33
directed-opening-only, 250000, directed-scuffed-reanalyze, 200000, 32, 0, 32
directed-opening-only, 250000, directed-scuffed-reanalyze, 200000, 33, 0, 31
directed-opening-only, 250000, directed-scuffed-reanalyze, 200000, 34, 0, 30
directed-opening-only, 250000, directed-scuffed-reanalyze, 250000, 0, 0, 64
directed-opening-only, 250000, directed-scuffed-reanalyze, 250000, 0, 0, 64
directed-opening-only, 250000, directed-scuffed-reanalyze, 250000, 0, 0, 64
directed-opening-only, 250000, directed-scuffed-reanalyze, 300000, 0, 0, 64
directed-opening-only, 250000, directed-scuffed-reanalyze, 300000, 0, 0, 64
directed-opening-only, 250000, directed-scuffed-reanalyze, 300000, 0, 0, 64
directed-opening-only, 250000, directed-scuffed-reanalyze, 300000, 0, 0, 64
directed-opening-only, 250000, directed-scuffed-reanalyze, 300000, 0, 0, 64
directed-opening-only, 250000, directed-scuffed-reanalyze, 50000, 20, 13, 31
directed-opening-only, 250000, undirected, 0, 64, 0, 0
directed-opening-only, 250000, undirected, 100000, 14, 0, 50
directed-opening-only, 250000, undirected, 100000, 19, 0, 45
directed-opening-only, 250000, undirected, 150000, 0, 0, 64
directed-opening-only, 250000, undirected, 200000, 0, 0, 64
directed-opening-only, 250000, undirected, 200000, 0, 0, 64
directed-opening-only, 250000, undirected, 200000, 0, 0, 64
directed-opening-only, 250000, undirected, 200000, 0, 0, 64
directed-opening-only, 250000, undirected, 200000, 0, 0, 64
directed-opening-only, 250000, undirected, 300000, 0, 0, 64
directed-opening-only, 250000, undirected, 300000, 0, 0, 64
directed-opening-only, 300000, directed-fixed-reanalyze, 100000, 34, 3, 27
directed-opening-only, 300000, directed-fixed-reanalyze, 150000, 12, 0, 52
directed-opening-only, 300000, directed-fixed-reanalyze, 150000, 15, 0, 49
directed-opening-only, 300000, directed-fixed-reanalyze, 250000, 10, 26, 28
directed-opening-only, 300000, directed-opening-only, 0, 64, 0, 0
directed-opening-only, 300000, directed-opening-only, 0, 64, 0, 0
directed-opening-only, 300000, directed-opening-only, 0, 64, 0, 0
directed-opening-only, 300000, directed-opening-only, 0, 64, 0, 0
directed-opening-only, 300000, directed-opening-only, 100000, 52, 0, 12
directed-opening-only, 300000, directed-opening-only, 100000, 56, 0, 8
directed-opening-only, 300000, directed-opening-only, 100000, 57, 0, 7
directed-opening-only, 300000, directed-opening-only, 150000, 32, 0, 32
directed-opening-only, 300000, directed-opening-only, 150000, 34, 0, 30
directed-opening-only, 300000, directed-opening-only, 200000, 45, 0, 19
directed-opening-only, 300000, directed-opening-only, 250000, 56, 0, 8
directed-opening-only, 300000, directed-opening-only, 50000, 35, 9, 20
directed-opening-only, 300000, directed-opening-only, 50000, 37, 13, 14
directed-opening-only, 300000, directed-scuffed-reanalyze, 0, 64, 0, 0
directed-opening-only, 300000, directed-scuffed-reanalyze, 100000, 15, 0, 49
directed-opening-only, 300000, directed-scuffed-reanalyze, 100000, 6, 0, 58
directed-opening-only, 300000, directed-scuffed-reanalyze, 150000, 0, 0, 64
directed-opening-only, 300000, directed-scuffed-reanalyze, 150000, 0, 0, 64
directed-opening-only, 300000, directed-scuffed-reanalyze, 200000, 14, 0, 50
directed-opening-only, 300000, directed-scuffed-reanalyze, 200000, 22, 0, 42
directed-opening-only, 300000, directed-scuffed-reanalyze, 250000, 4, 0, 60
directed-opening-only, 300000, directed-scuffed-reanalyze, 250000, 5, 0, 59
directed-opening-only, 300000, directed-scuffed-reanalyze, 300000, 20, 6, 38
directed-opening-only, 300000, directed-scuffed-reanalyze, 300000, 24, 5, 35
directed-opening-only, 300000, directed-scuffed-reanalyze, 300000, 27, 2, 35
directed-opening-only, 300000, directed-scuffed-reanalyze, 50000, 45, 0, 19
directed-opening-only, 300000, directed-scuffed-reanalyze, 50000, 45, 0, 19
directed-opening-only, 300000, directed-scuffed-reanalyze, 50000, 45, 0, 19
directed-opening-only, 300000, directed-scuffed-reanalyze, 50000, 51, 0, 13
directed-opening-only, 300000, directed-scuffed-reanalyze, 50000, 53, 0, 11
directed-opening-only, 300000, undirected, 100000, 43, 6, 15
directed-opening-only, 300000, undirected, 200000, 17, 0, 47
directed-opening-only, 300000, undirected, 250000, 17, 3, 44
directed-opening-only, 300000, undirected, 300000, 5, 8, 51
directed-opening-only, 300000, undirected, 50000, 45, 0, 19
directed-opening-only, 50000, directed-fixed-reanalyze, 0, 64, 0, 0
directed-opening-only, 50000, directed-fixed-reanalyze, 100000, 0, 20, 44
directed-opening-only, 50000, directed-fixed-reanalyze, 100000, 0, 26, 38
directed-opening-only, 50000, directed-fixed-reanalyze, 100000, 0, 28, 36
directed-opening-only, 50000, directed-fixed-reanalyze, 150000, 0, 21, 43
directed-opening-only, 50000, directed-fixed-reanalyze, 150000, 0, 9, 55
directed-opening-only, 50000, directed-fixed-reanalyze, 200000, 8, 23, 33
directed-opening-only, 50000, directed-fixed-reanalyze, 300000, 3, 21, 40
directed-opening-only, 50000, directed-fixed-reanalyze, 300000, 4, 17, 43
directed-opening-only, 50000, directed-fixed-reanalyze, 50000, 0, 4, 60
directed-opening-only, 50000, directed-fixed-reanalyze, 50000, 0, 7, 57
directed-opening-only, 50000, directed-fixed-reanalyze, 50000, 0, 9, 55
directed-opening-only, 50000, directed-opening-only, 0, 64, 0, 0
directed-opening-only, 50000, directed-opening-only, 250000, 7, 0, 57
directed-opening-only, 50000, directed-opening-only, 300000, 0, 0, 64
directed-opening-only, 50000, directed-opening-only, 300000, 0, 0, 64
directed-opening-only, 50000, directed-scuffed-reanalyze, 100000, 11, 0, 53
directed-opening-only, 50000, directed-scuffed-reanalyze, 150000, 0, 0, 64
directed-opening-only, 50000, directed-scuffed-reanalyze, 150000, 0, 0, 64
directed-opening-only, 50000, directed-scuffed-reanalyze, 150000, 0, 0, 64
directed-opening-only, 50000, directed-scuffed-reanalyze, 150000, 0, 0, 64
directed-opening-only, 50000, directed-scuffed-reanalyze, 150000, 0, 0, 64
directed-opening-only, 50000, directed-scuffed-reanalyze, 200000, 10, 0, 54
directed-opening-only, 50000, directed-scuffed-reanalyze, 250000, 0, 0, 64
directed-opening-only, 50000, directed-scuffed-reanalyze, 300000, 0, 8, 56
directed-opening-only, 50000, directed-scuffed-reanalyze, 50000, 11, 0, 53
directed-opening-only, 50000, undirected, 0, 64, 0, 0
directed-opening-only, 50000, undirected, 100000, 0, 11, 53
directed-opening-only, 50000, undirected, 100000, 0, 6, 58
directed-opening-only, 50000, undirected, 150000, 1, 22, 41
directed-opening-only, 50000, undirected, 200000, 0, 26, 38
directed-opening-only, 50000, undirected, 250000, 0, 12, 52
directed-opening-only, 50000, undirected, 250000, 0, 9, 55
directed-opening-only, 50000, undirected, 250000, 0, 9, 55
directed-opening-only, 50000, undirected, 300000, 0, 14, 50
directed-opening-only, 50000, undirected, 300000, 0, 7, 57
directed-opening-only, 50000, undirected, 50000, 30, 11, 23
directed-scuffed-reanalyze, 0, directed-fixed-reanalyze, 0, 18, 46, 0
directed-scuffed-reanalyze, 0, directed-fixed-reanalyze, 0, 20, 44, 0
directed-scuffed-reanalyze, 0, directed-fixed-reanalyze, 100000, 0, 64, 0
directed-scuffed-reanalyze, 0, directed-fixed-reanalyze, 150000, 0, 64, 0
directed-scuffed-reanalyze, 0, directed-fixed-reanalyze, 200000, 0, 64, 0
directed-scuffed-reanalyze, 0, directed-fixed-reanalyze, 200000, 0, 64, 0
directed-scuffed-reanalyze, 0, directed-fixed-reanalyze, 250000, 0, 64, 0
directed-scuffed-reanalyze, 0, directed-fixed-reanalyze, 300000, 0, 64, 0
directed-scuffed-reanalyze, 0, directed-fixed-reanalyze, 300000, 0, 64, 0
directed-scuffed-reanalyze, 0, directed-fixed-reanalyze, 50000, 0, 64, 0
directed-scuffed-reanalyze, 0, directed-opening-only, 0, 48, 6, 10
directed-scuffed-reanalyze, 0, directed-opening-only, 0, 50, 4, 10
directed-scuffed-reanalyze, 0, directed-opening-only, 0, 52, 5, 7
directed-scuffed-reanalyze, 0, directed-opening-only, 0, 57, 7, 0
directed-scuffed-reanalyze, 0, directed-opening-only, 100000, 0, 64, 0
directed-scuffed-reanalyze, 0, directed-opening-only, 100000, 0, 64, 0
directed-scuffed-reanalyze, 0, directed-opening-only, 150000, 0, 64, 0
directed-scuffed-reanalyze, 0, directed-opening-only, 200000, 0, 64, 0
directed-scuffed-reanalyze, 0, directed-opening-only, 200000, 0, 64, 0
directed-scuffed-reanalyze, 0, directed-opening-only, 200000, 0, 64, 0
directed-scuffed-reanalyze, 0, directed-opening-only, 200000, 0, 64, 0
directed-scuffed-reanalyze, 0, directed-opening-only, 200000, 0, 64, 0
directed-scuffed-reanalyze, 0, directed-opening-only, 300000, 0, 64, 0
directed-scuffed-reanalyze, 0, directed-scuffed-reanalyze, 100000, 0, 64, 0
directed-scuffed-reanalyze, 0, directed-scuffed-reanalyze, 100000, 0, 64, 0
directed-scuffed-reanalyze, 0, directed-scuffed-reanalyze, 100000, 0, 64, 0
directed-scuffed-reanalyze, 0, directed-scuffed-reanalyze, 150000, 0, 64, 0
directed-scuffed-reanalyze, 0, directed-scuffed-reanalyze, 150000, 0, 64, 0
directed-scuffed-reanalyze, 0, directed-scuffed-reanalyze, 150000, 0, 64, 0
directed-scuffed-reanalyze, 0, directed-scuffed-reanalyze, 200000, 0, 64, 0
directed-scuffed-reanalyze, 0, directed-scuffed-reanalyze, 250000, 0, 64, 0
directed-scuffed-reanalyze, 0, directed-scuffed-reanalyze, 300000, 0, 64, 0
directed-scuffed-reanalyze, 0, directed-scuffed-reanalyze, 300000, 0, 64, 0
directed-scuffed-reanalyze, 0, directed-scuffed-reanalyze, 50000, 0, 64, 0
directed-scuffed-reanalyze, 0, directed-scuffed-reanalyze, 50000, 0, 64, 0
directed-scuffed-reanalyze, 0, directed-scuffed-reanalyze, 50000, 0, 64, 0
directed-scuffed-reanalyze, 0, directed-scuffed-reanalyze, 50000, 0, 64, 0
directed-scuffed-reanalyze, 0, directed-scuffed-reanalyze, 50000, 0, 64, 0
directed-scuffed-reanalyze, 0, undirected, 150000, 0, 64, 0
directed-scuffed-reanalyze, 0, undirected, 150000, 0, 64, 0
directed-scuffed-reanalyze, 0, undirected, 200000, 0, 64, 0
directed-scuffed-reanalyze, 0, undirected, 250000, 0, 64, 0
directed-scuffed-reanalyze, 0, undirected, 250000, 0, 64, 0
directed-scuffed-reanalyze, 0, undirected, 250000, 0, 64, 0
directed-scuffed-reanalyze, 0, undirected, 250000, 0, 64, 0
directed-scuffed-reanalyze, 0, undirected, 300000, 0, 64, 0
directed-scuffed-reanalyze, 0, undirected, 300000, 0, 64, 0
directed-scuffed-reanalyze, 0, undirected, 50000, 0, 64, 0
directed-scuffed-reanalyze, 100000, directed-fixed-reanalyze, 100000, 7, 0, 57
directed-scuffed-reanalyze, 100000, directed-fixed-reanalyze, 150000, 0, 10, 54
directed-scuffed-reanalyze, 100000, directed-fixed-reanalyze, 150000, 0, 9, 55
directed-scuffed-reanalyze, 100000, directed-fixed-reanalyze, 200000, 0, 10, 54
directed-scuffed-reanalyze, 100000, directed-fixed-reanalyze, 200000, 0, 10, 54
directed-scuffed-reanalyze, 100000, directed-fixed-reanalyze, 200000, 0, 12, 52
directed-scuffed-reanalyze, 100000, directed-fixed-reanalyze, 200000, 0, 6, 58
directed-scuffed-reanalyze, 100000, directed-fixed-reanalyze, 200000, 0, 7, 57
directed-scuffed-reanalyze, 100000, directed-fixed-reanalyze, 200000, 0, 8, 56
directed-scuffed-reanalyze, 100000, directed-fixed-reanalyze, 200000, 0, 8, 56
directed-scuffed-reanalyze, 100000, directed-fixed-reanalyze, 250000, 0, 7, 57
directed-scuffed-reanalyze, 100000, directed-fixed-reanalyze, 250000, 0, 7, 57
directed-scuffed-reanalyze, 100000, directed-fixed-reanalyze, 50000, 20, 0, 44
directed-scuffed-reanalyze, 100000, directed-opening-only, 0, 64, 0, 0
directed-scuffed-reanalyze, 100000, directed-opening-only, 0, 64, 0, 0
directed-scuffed-reanalyze, 100000, directed-opening-only, 0, 64, 0, 0
directed-scuffed-reanalyze, 100000, directed-opening-only, 100000, 18, 8, 38
directed-scuffed-reanalyze, 100000, directed-opening-only, 150000, 0, 11, 53
directed-scuffed-reanalyze, 100000, directed-opening-only, 150000, 0, 17, 47
directed-scuffed-reanalyze, 100000, directed-opening-only, 150000, 0, 5, 59
directed-scuffed-reanalyze, 100000, directed-opening-only, 200000, 0, 10, 54
directed-scuffed-reanalyze, 100000, directed-opening-only, 200000, 0, 16, 48
directed-scuffed-reanalyze, 100000, directed-opening-only, 250000, 0, 1, 63
directed-scuffed-reanalyze, 100000, directed-opening-only, 250000, 0, 3, 61
directed-scuffed-reanalyze, 100000, directed-opening-only, 250000, 0, 7, 57
directed-scuffed-reanalyze, 100000, directed-opening-only, 300000, 0, 14, 50
directed-scuffed-reanalyze, 100000, directed-opening-only, 300000, 0, 17, 47
directed-scuffed-reanalyze, 100000, directed-opening-only, 50000, 20, 4, 40
directed-scuffed-reanalyze, 100000, directed-scuffed-reanalyze, 0, 64, 0, 0
directed-scuffed-reanalyze, 100000, directed-scuffed-reanalyze, 0, 64, 0, 0
directed-scuffed-reanalyze, 100000, directed-scuffed-reanalyze, 0, 64, 0, 0
directed-scuffed-reanalyze, 100000, directed-scuffed-reanalyze, 150000, 6, 7, 51
directed-scuffed-reanalyze, 100000, directed-scuffed-reanalyze, 200000, 6, 12, 46
directed-scuffed-reanalyze, 100000, directed-scuffed-reanalyze, 250000, 2, 7, 55
directed-scuffed-reanalyze, 100000, directed-scuffed-reanalyze, 300000, 12, 21, 31
directed-scuffed-reanalyze, 100000, directed-scuffed-reanalyze, 300000, 5, 15, 44
directed-scuffed-reanalyze, 100000, directed-scuffed-reanalyze, 300000, 5, 23, 36
directed-scuffed-reanalyze, 100000, directed-scuffed-reanalyze, 50000, 42, 0, 22
directed-scuffed-reanalyze, 100000, directed-scuffed-reanalyze, 50000, 42, 0, 22
directed-scuffed-reanalyze, 100000, undirected, 0, 64, 0, 0
directed-scuffed-reanalyze, 100000, undirected, 0, 64, 0, 0
directed-scuffed-reanalyze, 100000, undirected, 100000, 12, 8, 44
directed-scuffed-reanalyze, 100000, undirected, 100000, 7, 8, 49
directed-scuffed-reanalyze, 100000, undirected, 150000, 0, 8, 56
directed-scuffed-reanalyze, 100000, undirected, 150000, 0, 9, 55
directed-scuffed-reanalyze, 100000, undirected, 200000, 6, 6, 52
directed-scuffed-reanalyze, 100000, undirected, 250000, 0, 11, 53
directed-scuffed-reanalyze, 100000, undirected, 300000, 0, 4, 60
directed-scuffed-reanalyze, 100000, undirected, 50000, 46, 8, 10
directed-scuffed-reanalyze, 150000, directed-fixed-reanalyze, 0, 64, 0, 0
directed-scuffed-reanalyze, 150000, directed-fixed-reanalyze, 0, 64, 0, 0
directed-scuffed-reanalyze, 150000, directed-fixed-reanalyze, 0, 64, 0, 0
directed-scuffed-reanalyze, 150000, directed-fixed-reanalyze, 250000, 21, 13, 30
directed-scuffed-reanalyze, 150000, directed-fixed-reanalyze, 300000, 0, 15, 49
directed-scuffed-reanalyze, 150000, directed-fixed-reanalyze, 300000, 0, 21, 43
directed-scuffed-reanalyze, 150000, directed-fixed-reanalyze, 50000, 26, 0, 38
directed-scuffed-reanalyze, 150000, directed-fixed-reanalyze, 50000, 27, 0, 37
directed-scuffed-reanalyze, 150000, directed-opening-only, 0, 64, 0, 0
directed-scuffed-reanalyze, 150000, directed-opening-only, 0, 64, 0, 0
directed-scuffed-reanalyze, 150000, directed-opening-only, 0, 64, 0, 0
directed-scuffed-reanalyze, 150000, directed-opening-only, 100000, 0, 21, 43
directed-scuffed-reanalyze, 150000, directed-opening-only, 100000, 0, 25, 39
directed-scuffed-reanalyze, 150000, directed-opening-only, 100000, 0, 28, 36
directed-scuffed-reanalyze, 150000, directed-opening-only, 300000, 0, 14, 50
directed-scuffed-reanalyze, 150000, directed-opening-only, 300000, 0, 8, 56
directed-scuffed-reanalyze, 150000, directed-opening-only, 50000, 32, 0, 32
directed-scuffed-reanalyze, 150000, directed-opening-only, 50000, 36, 0, 28
directed-scuffed-reanalyze, 150000, directed-opening-only, 50000, 39, 0, 25
directed-scuffed-reanalyze, 150000, directed-opening-only, 50000, 40, 0, 24
directed-scuffed-reanalyze, 150000, directed-opening-only, 50000, 43, 0, 21
directed-scuffed-reanalyze, 150000, directed-scuffed-reanalyze, 0, 64, 0, 0
directed-scuffed-reanalyze, 150000, directed-scuffed-reanalyze, 0, 64, 0, 0
directed-scuffed-reanalyze, 150000, directed-scuffed-reanalyze, 0, 64, 0, 0
directed-scuffed-reanalyze, 150000, directed-scuffed-reanalyze, 100000, 23, 0, 41
directed-scuffed-reanalyze, 150000, directed-scuffed-reanalyze, 200000, 3, 6, 55
directed-scuffed-reanalyze, 150000, directed-scuffed-reanalyze, 200000, 6, 6, 52
directed-scuffed-reanalyze, 150000, directed-scuffed-reanalyze, 200000, 7, 9, 48
directed-scuffed-reanalyze, 150000, directed-scuffed-reanalyze, 200000, 8, 5, 51
directed-scuffed-reanalyze, 150000, directed-scuffed-reanalyze, 300000, 0, 13, 51
directed-scuffed-reanalyze, 150000, directed-scuffed-reanalyze, 300000, 0, 18, 46
directed-scuffed-reanalyze, 150000, directed-scuffed-reanalyze, 300000, 0, 21, 43
directed-scuffed-reanalyze, 150000, directed-scuffed-reanalyze, 50000, 59, 0, 5
directed-scuffed-reanalyze, 150000, directed-scuffed-reanalyze, 50000, 60, 0, 4
directed-scuffed-reanalyze, 150000, undirected, 0, 64, 0, 0
directed-scuffed-reanalyze, 150000, undirected, 100000, 0, 6, 58
directed-scuffed-reanalyze, 150000, undirected, 150000, 0, 0, 64
directed-scuffed-reanalyze, 150000, undirected, 150000, 0, 0, 64
directed-scuffed-reanalyze, 150000, undirected, 150000, 0, 0, 64
directed-scuffed-reanalyze, 150000, undirected, 200000, 0, 13, 51
directed-scuffed-reanalyze, 150000, undirected, 200000, 0, 7, 57
directed-scuffed-reanalyze, 150000, undirected, 200000, 0, 8, 56
directed-scuffed-reanalyze, 150000, undirected, 250000, 0, 7, 57
directed-scuffed-reanalyze, 150000, undirected, 300000, 0, 0, 64
directed-scuffed-reanalyze, 150000, undirected, 300000, 0, 0, 64
directed-scuffed-reanalyze, 150000, undirected, 50000, 32, 9, 23
directed-scuffed-reanalyze, 200000, directed-fixed-reanalyze, 100000, 30, 0, 34
directed-scuffed-reanalyze, 200000, directed-fixed-reanalyze, 100000, 33, 0, 31
directed-scuffed-reanalyze, 200000, directed-fixed-reanalyze, 150000, 23, 0, 41
directed-scuffed-reanalyze, 200000, directed-fixed-reanalyze, 150000, 29, 0, 35
directed-scuffed-reanalyze, 200000, directed-fixed-reanalyze, 250000, 10, 7, 47
directed-scuffed-reanalyze, 200000, directed-fixed-reanalyze, 250000, 6, 6, 52
directed-scuffed-reanalyze, 200000, directed-fixed-reanalyze, 250000, 6, 8, 50
directed-scuffed-reanalyze, 200000, directed-fixed-reanalyze, 250000, 8, 5, 51
directed-scuffed-reanalyze, 200000, directed-fixed-reanalyze, 300000, 27, 0, 37
directed-scuffed-reanalyze, 200000, directed-fixed-reanalyze, 300000, 31, 0, 33
directed-scuffed-reanalyze, 200000, directed-fixed-reanalyze, 50000, 12, 0, 52
directed-scuffed-reanalyze, 200000, directed-opening-only, 150000, 0, 0, 64
directed-scuffed-reanalyze, 200000, directed-opening-only, 150000, 0, 0, 64
directed-scuffed-reanalyze, 200000, directed-opening-only, 200000, 0, 0, 64
directed-scuffed-reanalyze, 200000, directed-opening-only, 250000, 16, 0, 48
directed-scuffed-reanalyze, 200000, directed-opening-only, 250000, 24, 0, 40
directed-scuffed-reanalyze, 200000, directed-opening-only, 250000, 24, 0, 40
directed-scuffed-reanalyze, 200000, directed-opening-only, 250000, 25, 0, 39
directed-scuffed-reanalyze, 200000, directed-opening-only, 250000, 26, 0, 38
directed-scuffed-reanalyze, 200000, directed-opening-only, 300000, 0, 0, 64
directed-scuffed-reanalyze, 200000, directed-opening-only, 300000, 0, 0, 64
directed-scuffed-reanalyze, 200000, directed-opening-only, 50000, 0, 0, 64
directed-scuffed-reanalyze, 200000, directed-scuffed-reanalyze, 0, 64, 0, 0
directed-scuffed-reanalyze, 200000, directed-scuffed-reanalyze, 100000, 11, 0, 53
directed-scuffed-reanalyze, 200000, directed-scuffed-reanalyze, 150000, 12, 0, 52
directed-scuffed-reanalyze, 200000, directed-scuffed-reanalyze, 150000, 5, 0, 59
directed-scuffed-reanalyze, 200000, directed-scuffed-reanalyze, 150000, 5, 0, 59
directed-scuffed-reanalyze, 200000, directed-scuffed-reanalyze, 150000, 8, 0, 56
directed-scuffed-reanalyze, 200000, directed-scuffed-reanalyze, 250000, 5, 0, 59
directed-scuffed-reanalyze, 200000, directed-scuffed-reanalyze, 300000, 2, 0, 62
directed-scuffed-reanalyze, 200000, directed-scuffed-reanalyze, 300000, 6, 0, 58
directed-scuffed-reanalyze, 200000, directed-scuffed-reanalyze, 50000, 50, 0, 14
directed-scuffed-reanalyze, 200000, undirected, 0, 64, 0, 0
directed-scuffed-reanalyze, 200000, undirected, 150000, 0, 0, 64
directed-scuffed-reanalyze, 200000, undirected, 150000, 0, 0, 64
directed-scuffed-reanalyze, 200000, undirected, 150000, 0, 0, 64
directed-scuffed-reanalyze, 200000, undirected, 200000, 0, 0, 64
directed-scuffed-reanalyze, 200000, undirected, 200000, 0, 0, 64
directed-scuffed-reanalyze, 200000, undirected, 250000, 4, 0, 60
directed-scuffed-reanalyze, 200000, undirected, 300000, 0, 0, 64
directed-scuffed-reanalyze, 200000, undirected, 50000, 19, 21, 24
directed-scuffed-reanalyze, 200000, undirected, 50000, 21, 20, 23
directed-scuffed-reanalyze, 250000, directed-fixed-reanalyze, 0, 64, 0, 0
directed-scuffed-reanalyze, 250000, directed-fixed-reanalyze, 100000, 47, 0, 17
directed-scuffed-reanalyze, 250000, directed-fixed-reanalyze, 100000, 47, 0, 17
directed-scuffed-reanalyze, 250000, directed-fixed-reanalyze, 150000, 15, 0, 49
directed-scuffed-reanalyze, 250000, directed-fixed-reanalyze, 150000, 16, 0, 48
directed-scuffed-reanalyze, 250000, directed-fixed-reanalyze, 150000, 16, 0, 48
directed-scuffed-reanalyze, 250000, directed-fixed-reanalyze, 200000, 0, 0, 64
directed-scuffed-reanalyze, 250000, directed-fixed-reanalyze, 300000, 0, 0, 64
directed-scuffed-reanalyze, 250000, directed-fixed-reanalyze, 300000, 0, 0, 64
directed-scuffed-reanalyze, 250000, directed-fixed-reanalyze, 300000, 0, 0, 64
directed-scuffed-reanalyze, 250000, directed-fixed-reanalyze, 50000, 54, 0, 10
directed-scuffed-reanalyze, 250000, directed-fixed-reanalyze, 50000, 55, 0, 9
directed-scuffed-reanalyze, 250000, directed-opening-only, 0, 64, 0, 0
directed-scuffed-reanalyze, 250000, directed-opening-only, 0, 64, 0, 0
directed-scuffed-reanalyze, 250000, directed-opening-only, 0, 64, 0, 0
directed-scuffed-reanalyze, 250000, directed-opening-only, 0, 64, 0, 0
directed-scuffed-reanalyze, 250000, directed-opening-only, 100000, 14, 23, 27
directed-scuffed-reanalyze, 250000, directed-opening-only, 100000, 5, 30, 29
directed-scuffed-reanalyze, 250000, directed-opening-only, 100000, 6, 26, 32
directed-scuffed-reanalyze, 250000, directed-opening-only, 100000, 8, 24, 32
directed-scuffed-reanalyze, 250000, directed-opening-only, 100000, 8, 25, 31
directed-scuffed-reanalyze, 250000, directed-opening-only, 150000, 24, 9, 31
directed-scuffed-reanalyze, 250000, directed-opening-only, 250000, 13, 4, 47
directed-scuffed-reanalyze, 250000, directed-opening-only, 250000, 13, 6, 45
directed-scuffed-reanalyze, 250000, directed-opening-only, 250000, 18, 6, 40
directed-scuffed-reanalyze, 250000, directed-opening-only, 300000, 0, 3, 61
directed-scuffed-reanalyze, 250000, directed-opening-only, 300000, 0, 5, 59
directed-scuffed-reanalyze, 250000, directed-opening-only, 50000, 35, 0, 29
directed-scuffed-reanalyze, 250000, directed-scuffed-reanalyze, 0, 64, 0, 0
directed-scuffed-reanalyze, 250000, directed-scuffed-reanalyze, 100000, 30, 0, 34
directed-scuffed-reanalyze, 250000, directed-scuffed-reanalyze, 200000, 21, 3, 40
directed-scuffed-reanalyze, 250000, directed-scuffed-reanalyze, 300000, 3, 0, 61
directed-scuffed-reanalyze, 250000, directed-scuffed-reanalyze, 300000, 5, 0, 59
directed-scuffed-reanalyze, 250000, undirected, 0, 64, 0, 0
directed-scuffed-reanalyze, 250000, undirected, 100000, 42, 0, 22
directed-scuffed-reanalyze, 250000, undirected, 100000, 43, 0, 21
directed-scuffed-reanalyze, 250000, undirected, 150000, 0, 0, 64
directed-scuffed-reanalyze, 250000, undirected, 150000, 0, 0, 64
directed-scuffed-reanalyze, 250000, undirected, 250000, 0, 0, 64
directed-scuffed-reanalyze, 250000, undirected, 250000, 0, 0, 64
directed-scuffed-reanalyze, 250000, undirected, 250000, 0, 0, 64
directed-scuffed-reanalyze, 250000, undirected, 250000, 0, 0, 64
directed-scuffed-reanalyze, 250000, undirected, 250000, 0, 0, 64
directed-scuffed-reanalyze, 250000, undirected, 300000, 0, 10, 54
directed-scuffed-reanalyze, 250000, undirected, 50000, 42, 0, 22
directed-scuffed-reanalyze, 250000, undirected, 50000, 46, 0, 18
directed-scuffed-reanalyze, 300000, directed-fixed-reanalyze, 0, 64, 0, 0
directed-scuffed-reanalyze, 300000, directed-fixed-reanalyze, 100000, 33, 0, 31
directed-scuffed-reanalyze, 300000, directed-fixed-reanalyze, 100000, 35, 0, 29
directed-scuffed-reanalyze, 300000, directed-fixed-reanalyze, 100000, 38, 0, 26
directed-scuffed-reanalyze, 300000, directed-fixed-reanalyze, 150000, 15, 0, 49
directed-scuffed-reanalyze, 300000, directed-fixed-reanalyze, 150000, 8, 0, 56
directed-scuffed-reanalyze, 300000, directed-fixed-reanalyze, 200000, 6, 0, 58
directed-scuffed-reanalyze, 300000, directed-fixed-reanalyze, 250000, 0, 0, 64
directed-scuffed-reanalyze, 300000, directed-fixed-reanalyze, 250000, 0, 0, 64
directed-scuffed-reanalyze, 300000, directed-fixed-reanalyze, 300000, 23, 0, 41
directed-scuffed-reanalyze, 300000, directed-fixed-reanalyze, 50000, 64, 0, 0
directed-scuffed-reanalyze, 300000, directed-opening-only, 0, 64, 0, 0
directed-scuffed-reanalyze, 300000, directed-opening-only, 0, 64, 0, 0
directed-scuffed-reanalyze, 300000, directed-opening-only, 0, 64, 0, 0
directed-scuffed-reanalyze, 300000, directed-opening-only, 0, 64, 0, 0
directed-scuffed-reanalyze, 300000, directed-opening-only, 100000, 10, 30, 24
directed-scuffed-reanalyze, 300000, directed-opening-only, 100000, 5, 37, 22
directed-scuffed-reanalyze, 300000, directed-opening-only, 150000, 26, 0, 38
directed-scuffed-reanalyze, 300000, directed-opening-only, 250000, 0, 0, 64
directed-scuffed-reanalyze, 300000, directed-opening-only, 250000, 0, 0, 64
directed-scuffed-reanalyze, 300000, directed-opening-only, 250000, 0, 0, 64
directed-scuffed-reanalyze, 300000, directed-opening-only, 250000, 0, 0, 64
directed-scuffed-reanalyze, 300000, directed-opening-only, 250000, 0, 0, 64
directed-scuffed-reanalyze, 300000, directed-opening-only, 300000, 0, 0, 64
directed-scuffed-reanalyze, 300000, directed-opening-only, 300000, 0, 0, 64
directed-scuffed-reanalyze, 300000, directed-opening-only, 300000, 0, 0, 64
directed-scuffed-reanalyze, 300000, directed-opening-only, 50000, 39, 0, 25
directed-scuffed-reanalyze, 300000, directed-scuffed-reanalyze, 0, 64, 0, 0
directed-scuffed-reanalyze, 300000, directed-scuffed-reanalyze, 0, 64, 0, 0
directed-scuffed-reanalyze, 300000, directed-scuffed-reanalyze, 100000, 22, 0, 42
directed-scuffed-reanalyze, 300000, directed-scuffed-reanalyze, 100000, 23, 0, 41
directed-scuffed-reanalyze, 300000, directed-scuffed-reanalyze, 100000, 25, 0, 39
directed-scuffed-reanalyze, 300000, directed-scuffed-reanalyze, 150000, 29, 0, 35
directed-scuffed-reanalyze, 300000, directed-scuffed-reanalyze, 150000, 33, 0, 31
directed-scuffed-reanalyze, 300000, directed-scuffed-reanalyze, 150000, 42, 0, 22
directed-scuffed-reanalyze, 300000, directed-scuffed-reanalyze, 200000, 53, 0, 11
directed-scuffed-reanalyze, 300000, directed-scuffed-reanalyze, 200000, 59, 0, 5
directed-scuffed-reanalyze, 300000, directed-scuffed-reanalyze, 250000, 12, 0, 52
directed-scuffed-reanalyze, 300000, directed-scuffed-reanalyze, 250000, 21, 0, 43
directed-scuffed-reanalyze, 300000, undirected, 100000, 11, 4, 49
directed-scuffed-reanalyze, 300000, undirected, 100000, 14, 3, 47
directed-scuffed-reanalyze, 300000, undirected, 100000, 18, 3, 43
directed-scuffed-reanalyze, 300000, undirected, 150000, 37, 0, 27
directed-scuffed-reanalyze, 300000, undirected, 200000, 15, 0, 49
directed-scuffed-reanalyze, 300000, undirected, 200000, 15, 0, 49
directed-scuffed-reanalyze, 300000, undirected, 200000, 17, 0, 47
directed-scuffed-reanalyze, 300000, undirected, 200000, 25, 0, 39
directed-scuffed-reanalyze, 300000, undirected, 250000, 0, 0, 64
directed-scuffed-reanalyze, 300000, undirected, 250000, 0, 0, 64
directed-scuffed-reanalyze, 300000, undirected, 250000, 0, 0, 64
directed-scuffed-reanalyze, 300000, undirected, 50000, 49, 0, 15
directed-scuffed-reanalyze, 50000, directed-fixed-reanalyze, 0, 64, 0, 0
directed-scuffed-reanalyze, 50000, directed-fixed-reanalyze, 200000, 0, 29, 35
directed-scuffed-reanalyze, 50000, directed-fixed-reanalyze, 200000, 0, 31, 33
directed-scuffed-reanalyze, 50000, directed-fixed-reanalyze, 200000, 0, 32, 32
directed-scuffed-reanalyze, 50000, directed-fixed-reanalyze, 200000, 0, 37, 27
directed-scuffed-reanalyze, 50000, directed-fixed-reanalyze, 200000, 0, 37, 27
directed-scuffed-reanalyze, 50000, directed-fixed-reanalyze, 200000, 0, 37, 27
directed-scuffed-reanalyze, 50000, directed-fixed-reanalyze, 250000, 3, 41, 20
directed-scuffed-reanalyze, 50000, directed-fixed-reanalyze, 300000, 4, 33, 27
directed-scuffed-reanalyze, 50000, directed-fixed-reanalyze, 50000, 15, 12, 37
directed-scuffed-reanalyze, 50000, directed-fixed-reanalyze, 50000, 17, 16, 31
directed-scuffed-reanalyze, 50000, directed-opening-only, 0, 64, 0, 0
directed-scuffed-reanalyze, 50000, directed-opening-only, 0, 64, 0, 0
directed-scuffed-reanalyze, 50000, directed-opening-only, 0, 64, 0, 0
directed-scuffed-reanalyze, 50000, directed-opening-only, 250000, 13, 6, 45
directed-scuffed-reanalyze, 50000, directed-opening-only, 300000, 10, 16, 38
directed-scuffed-reanalyze, 50000, directed-opening-only, 300000, 7, 19, 38
directed-scuffed-reanalyze, 50000, directed-opening-only, 300000, 8, 15, 41
directed-scuffed-reanalyze, 50000, directed-opening-only, 300000, 8, 19, 37
directed-scuffed-reanalyze, 50000, directed-opening-only, 300000, 8, 22, 34
directed-scuffed-reanalyze, 50000, directed-opening-only, 50000, 9, 9, 46
directed-scuffed-reanalyze, 50000, directed-scuffed-reanalyze, 0, 64, 0, 0
directed-scuffed-reanalyze, 50000, directed-scuffed-reanalyze, 0, 64, 0, 0
directed-scuffed-reanalyze, 50000, directed-scuffed-reanalyze, 0, 64, 0, 0
directed-scuffed-reanalyze, 50000, directed-scuffed-reanalyze, 0, 64, 0, 0
directed-scuffed-reanalyze, 50000, directed-scuffed-reanalyze, 0, 64, 0, 0
directed-scuffed-reanalyze, 50000, directed-scuffed-reanalyze, 100000, 0, 0, 64
directed-scuffed-reanalyze, 50000, directed-scuffed-reanalyze, 100000, 0, 0, 64
directed-scuffed-reanalyze, 50000, directed-scuffed-reanalyze, 150000, 8, 0, 56
directed-scuffed-reanalyze, 50000, directed-scuffed-reanalyze, 150000, 9, 0, 55
directed-scuffed-reanalyze, 50000, directed-scuffed-reanalyze, 200000, 7, 0, 57
directed-scuffed-reanalyze, 50000, undirected, 0, 64, 0, 0
directed-scuffed-reanalyze, 50000, undirected, 0, 64, 0, 0
directed-scuffed-reanalyze, 50000, undirected, 100000, 0, 2, 62
directed-scuffed-reanalyze, 50000, undirected, 100000, 0, 3, 61
directed-scuffed-reanalyze, 50000, undirected, 100000, 0, 5, 59
directed-scuffed-reanalyze, 50000, undirected, 100000, 0, 7, 57
directed-scuffed-reanalyze, 50000, undirected, 150000, 2, 14, 48
directed-scuffed-reanalyze, 50000, undirected, 200000, 0, 17, 47
directed-scuffed-reanalyze, 50000, undirected, 250000, 5, 12, 47
directed-scuffed-reanalyze, 50000, undirected, 300000, 0, 16, 48
directed-scuffed-reanalyze, 50000, undirected, 300000, 0, 20, 44
undirected, 0, directed-fixed-reanalyze, 0, 44, 20, 0
undirected, 0, directed-fixed-reanalyze, 0, 49, 15, 0
undirected, 0, directed-fixed-reanalyze, 100000, 0, 64, 0
undirected, 0, directed-fixed-reanalyze, 150000, 0, 64, 0
undirected, 0, directed-fixed-reanalyze, 200000, 0, 64, 0
undirected, 0, directed-fixed-reanalyze, 250000, 0, 64, 0
undirected, 0, directed-fixed-reanalyze, 50000, 0, 64, 0
undirected, 0, directed-opening-only, 0, 64, 0, 0
undirected, 0, directed-opening-only, 0, 64, 0, 0
undirected, 0, directed-opening-only, 0, 64, 0, 0
undirected, 0, directed-opening-only, 0, 64, 0, 0
undirected, 0, directed-opening-only, 100000, 0, 64, 0
undirected, 0, directed-opening-only, 100000, 0, 64, 0
undirected, 0, directed-opening-only, 200000, 0, 64, 0
undirected, 0, directed-opening-only, 250000, 0, 64, 0
undirected, 0, directed-opening-only, 50000, 0, 55, 9
undirected, 0, directed-scuffed-reanalyze, 100000, 0, 64, 0
undirected, 0, directed-scuffed-reanalyze, 100000, 0, 64, 0
undirected, 0, directed-scuffed-reanalyze, 150000, 0, 64, 0
undirected, 0, directed-scuffed-reanalyze, 200000, 0, 64, 0
undirected, 0, directed-scuffed-reanalyze, 250000, 0, 64, 0
undirected, 0, directed-scuffed-reanalyze, 50000, 0, 58, 6
undirected, 0, directed-scuffed-reanalyze, 50000, 0, 58, 6
undirected, 0, undirected, 100000, 0, 58, 6
undirected, 0, undirected, 100000, 0, 59, 5
undirected, 0, undirected, 150000, 0, 64, 0
undirected, 0, undirected, 250000, 0, 64, 0
undirected, 0, undirected, 250000, 0, 64, 0
undirected, 0, undirected, 250000, 0, 64, 0
undirected, 0, undirected, 250000, 0, 64, 0
undirected, 0, undirected, 250000, 0, 64, 0
undirected, 100000, directed-fixed-reanalyze, 0, 64, 0, 0
undirected, 100000, directed-fixed-reanalyze, 0, 64, 0, 0
undirected, 100000, directed-fixed-reanalyze, 0, 64, 0, 0
undirected, 100000, directed-fixed-reanalyze, 0, 64, 0, 0
undirected, 100000, directed-fixed-reanalyze, 150000, 7, 3, 54
undirected, 100000, directed-fixed-reanalyze, 200000, 13, 18, 33
undirected, 100000, directed-fixed-reanalyze, 200000, 14, 14, 36
undirected, 100000, directed-fixed-reanalyze, 250000, 22, 4, 38
undirected, 100000, directed-fixed-reanalyze, 300000, 11, 24, 29
undirected, 100000, directed-fixed-reanalyze, 300000, 13, 21, 30
undirected, 100000, directed-opening-only, 0, 64, 0, 0
undirected, 100000, directed-opening-only, 0, 64, 0, 0
undirected, 100000, directed-opening-only, 0, 64, 0, 0
undirected, 100000, directed-opening-only, 100000, 13, 28, 23
undirected, 100000, directed-opening-only, 200000, 10, 14, 40
undirected, 100000, directed-opening-only, 200000, 14, 18, 32
undirected, 100000, directed-opening-only, 200000, 15, 22, 27
undirected, 100000, directed-opening-only, 200000, 17, 8, 39
undirected, 100000, directed-opening-only, 250000, 0, 32, 32
undirected, 100000, directed-opening-only, 250000, 0, 33, 31
undirected, 100000, directed-opening-only, 300000, 0, 34, 30
undirected, 100000, directed-opening-only, 50000, 46, 0, 18
undirected, 100000, directed-opening-only, 50000, 47, 0, 17
undirected, 100000, directed-scuffed-reanalyze, 100000, 0, 0, 64
undirected, 100000, directed-scuffed-reanalyze, 100000, 0, 0, 64
undirected, 100000, directed-scuffed-reanalyze, 150000, 0, 0, 64
undirected, 100000, directed-scuffed-reanalyze, 250000, 0, 4, 60
undirected, 100000, directed-scuffed-reanalyze, 250000, 0, 9, 55
undirected, 100000, directed-scuffed-reanalyze, 300000, 0, 0, 64
undirected, 100000, directed-scuffed-reanalyze, 300000, 0, 0, 64
undirected, 100000, directed-scuffed-reanalyze, 300000, 0, 0, 64
undirected, 100000, directed-scuffed-reanalyze, 50000, 41, 0, 23
undirected, 100000, directed-scuffed-reanalyze, 50000, 43, 0, 21
undirected, 100000, directed-scuffed-reanalyze, 50000, 44, 0, 20
undirected, 100000, directed-scuffed-reanalyze, 50000, 45, 0, 19
undirected, 100000, undirected, 0, 64, 0, 0
undirected, 100000, undirected, 0, 64, 0, 0
undirected, 100000, undirected, 150000, 15, 12, 37
undirected, 100000, undirected, 200000, 32, 12, 20
undirected, 100000, undirected, 300000, 3, 4, 57
undirected, 100000, undirected, 50000, 57, 0, 7
undirected, 150000, directed-fixed-reanalyze, 0, 64, 0, 0
undirected, 150000, directed-fixed-reanalyze, 100000, 41, 16, 7
undirected, 150000, directed-fixed-reanalyze, 150000, 25, 18, 21
undirected, 150000, directed-fixed-reanalyze, 150000, 28, 15, 21
undirected, 150000, directed-fixed-reanalyze, 150000, 31, 23, 10
undirected, 150000, directed-fixed-reanalyze, 250000, 13, 20, 31
undirected, 150000, directed-fixed-reanalyze, 250000, 2, 10, 52
undirected, 150000, directed-fixed-reanalyze, 300000, 1, 21, 42
undirected, 150000, directed-fixed-reanalyze, 300000, 2, 22, 40
undirected, 150000, directed-fixed-reanalyze, 300000, 3, 19, 42
undirected, 150000, directed-fixed-reanalyze, 50000, 0, 0, 64
undirected, 150000, directed-opening-only, 0, 64, 0, 0
undirected, 150000, directed-opening-only, 100000, 0, 37, 27
undirected, 150000, directed-opening-only, 100000, 0, 40, 24
undirected, 150000, directed-opening-only, 150000, 0, 12, 52
undirected, 150000, directed-opening-only, 150000, 0, 13, 51
undirected, 150000, directed-opening-only, 200000, 0, 11, 53
undirected, 150000, directed-opening-only, 200000, 0, 15, 49
undirected, 150000, directed-opening-only, 250000, 0, 11, 53
undirected, 150000, directed-opening-only, 50000, 54, 0, 10
undirected, 150000, directed-scuffed-reanalyze, 0, 64, 0, 0
undirected, 150000, directed-scuffed-reanalyze, 0, 64, 0, 0
undirected, 150000, directed-scuffed-reanalyze, 100000, 0, 0, 64
undirected, 150000, directed-scuffed-reanalyze, 100000, 0, 0, 64
undirected, 150000, directed-scuffed-reanalyze, 150000, 0, 0, 64
undirected, 150000, directed-scuffed-reanalyze, 150000, 0, 0, 64
undirected, 150000, directed-scuffed-reanalyze, 150000, 0, 0, 64
undirected, 150000, directed-scuffed-reanalyze, 200000, 0, 0, 64
undirected, 150000, directed-scuffed-reanalyze, 200000, 0, 0, 64
undirected, 150000, directed-scuffed-reanalyze, 200000, 0, 0, 64
undirected, 150000, directed-scuffed-reanalyze, 250000, 0, 0, 64
undirected, 150000, directed-scuffed-reanalyze, 250000, 0, 0, 64
undirected, 150000, directed-scuffed-reanalyze, 300000, 0, 0, 64
undirected, 150000, directed-scuffed-reanalyze, 50000, 60, 0, 4
undirected, 150000, undirected, 0, 64, 0, 0
undirected, 150000, undirected, 100000, 51, 0, 13
undirected, 150000, undirected, 200000, 0, 9, 55
undirected, 150000, undirected, 250000, 0, 8, 56
undirected, 150000, undirected, 300000, 2, 0, 62
undirected, 150000, undirected, 300000, 2, 0, 62
undirected, 150000, undirected, 300000, 7, 0, 57
undirected, 150000, undirected, 50000, 64, 0, 0
undirected, 150000, undirected, 50000, 64, 0, 0
undirected, 200000, directed-fixed-reanalyze, 0, 64, 0, 0
undirected, 200000, directed-fixed-reanalyze, 100000, 36, 0, 28
undirected, 200000, directed-fixed-reanalyze, 150000, 38, 0, 26
undirected, 200000, directed-fixed-reanalyze, 150000, 39, 0, 25
undirected, 200000, directed-fixed-reanalyze, 200000, 11, 7, 46
undirected, 200000, directed-fixed-reanalyze, 250000, 0, 14, 50
undirected, 200000, directed-fixed-reanalyze, 300000, 12, 4, 48
undirected, 200000, directed-fixed-reanalyze, 300000, 13, 7, 44
undirected, 200000, directed-fixed-reanalyze, 50000, 21, 0, 43
undirected, 200000, directed-fixed-reanalyze, 50000, 24, 0, 40
undirected, 200000, directed-fixed-reanalyze, 50000, 26, 0, 38
undirected, 200000, directed-opening-only, 0, 64, 0, 0
undirected, 200000, directed-opening-only, 0, 64, 0, 0
undirected, 200000, directed-opening-only, 0, 64, 0, 0
undirected, 200000, directed-opening-only, 100000, 12, 22, 30
undirected, 200000, directed-opening-only, 100000, 17, 19, 28
undirected, 200000, directed-opening-only, 150000, 24, 0, 40
undirected, 200000, directed-opening-only, 150000, 26, 0, 38
undirected, 200000, directed-opening-only, 250000, 10, 0, 54
undirected, 200000, directed-opening-only, 250000, 11, 0, 53
undirected, 200000, directed-opening-only, 250000, 7, 0, 57
undirected, 200000, directed-opening-only, 250000, 8, 0, 56
undirected, 200000, directed-opening-only, 250000, 8, 0, 56
undirected, 200000, directed-opening-only, 300000, 0, 7, 57
undirected, 200000, directed-opening-only, 50000, 49, 0, 15
undirected, 200000, directed-scuffed-reanalyze, 0, 64, 0, 0
undirected, 200000, directed-scuffed-reanalyze, 100000, 6, 0, 58
undirected, 200000, directed-scuffed-reanalyze, 150000, 13, 0, 51
undirected, 200000, directed-scuffed-reanalyze, 150000, 14, 0, 50
undirected, 200000, directed-scuffed-reanalyze, 150000, 17, 0, 47
undirected, 200000, directed-scuffed-reanalyze, 200000, 10, 0, 54
undirected, 200000, directed-scuffed-reanalyze, 200000, 11, 0, 53
undirected, 200000, directed-scuffed-reanalyze, 300000, 10, 0, 54
undirected, 200000, directed-scuffed-reanalyze, 300000, 4, 0, 60
undirected, 200000, directed-scuffed-reanalyze, 300000, 5, 0, 59
undirected, 200000, directed-scuffed-reanalyze, 300000, 7, 0, 57
undirected, 200000, directed-scuffed-reanalyze, 50000, 55, 0, 9
undirected, 200000, undirected, 100000, 6, 3, 55
undirected, 200000, undirected, 150000, 11, 0, 53
undirected, 200000, undirected, 250000, 0, 13, 51
undirected, 200000, undirected, 250000, 0, 9, 55
undirected, 250000, directed-fixed-reanalyze, 0, 64, 0, 0
undirected, 250000, directed-fixed-reanalyze, 0, 64, 0, 0
undirected, 250000, directed-fixed-reanalyze, 100000, 13, 0, 51
undirected, 250000, directed-fixed-reanalyze, 100000, 14, 0, 50
undirected, 250000, directed-fixed-reanalyze, 150000, 23, 0, 41
undirected, 250000, directed-fixed-reanalyze, 150000, 28, 0, 36
undirected, 250000, directed-fixed-reanalyze, 250000, 14, 6, 44
undirected, 250000, directed-fixed-reanalyze, 250000, 17, 7, 40
undirected, 250000, directed-fixed-reanalyze, 300000, 37, 0, 27
undirected, 250000, directed-fixed-reanalyze, 300000, 38, 0, 26
undirected, 250000, directed-fixed-reanalyze, 300000, 41, 0, 23
undirected, 250000, directed-fixed-reanalyze, 50000, 27, 0, 37
undirected, 250000, directed-opening-only, 0, 64, 0, 0
undirected, 250000, directed-opening-only, 0, 64, 0, 0
undirected, 250000, directed-opening-only, 0, 64, 0, 0
undirected, 250000, directed-opening-only, 150000, 22, 0, 42
undirected, 250000, directed-opening-only, 200000, 0, 0, 64
undirected, 250000, directed-opening-only, 200000, 0, 0, 64
undirected, 250000, directed-opening-only, 300000, 0, 0, 64
undirected, 250000, directed-opening-only, 50000, 44, 0, 20
undirected, 250000, directed-opening-only, 50000, 45, 0, 19
undirected, 250000, directed-opening-only, 50000, 50, 0, 14
undirected, 250000, directed-scuffed-reanalyze, 0, 64, 0, 0
undirected, 250000, directed-scuffed-reanalyze, 0, 64, 0, 0
undirected, 250000, directed-scuffed-reanalyze, 0, 64, 0, 0
undirected, 250000, directed-scuffed-reanalyze, 0, 64, 0, 0
undirected, 250000, directed-scuffed-reanalyze, 100000, 0, 0, 64
undirected, 250000, directed-scuffed-reanalyze, 150000, 0, 0, 64
undirected, 250000, directed-scuffed-reanalyze, 200000, 0, 0, 64
undirected, 250000, directed-scuffed-reanalyze, 250000, 0, 0, 64
undirected, 250000, directed-scuffed-reanalyze, 250000, 0, 0, 64
undirected, 250000, directed-scuffed-reanalyze, 250000, 0, 0, 64
undirected, 250000, directed-scuffed-reanalyze, 250000, 0, 0, 64
undirected, 250000, directed-scuffed-reanalyze, 250000, 0, 0, 64
undirected, 250000, directed-scuffed-reanalyze, 300000, 12, 10, 42
undirected, 250000, directed-scuffed-reanalyze, 300000, 2, 13, 49
undirected, 250000, directed-scuffed-reanalyze, 300000, 7, 13, 44
undirected, 250000, directed-scuffed-reanalyze, 50000, 38, 3, 23
undirected, 250000, undirected, 0, 64, 0, 0
undirected, 250000, undirected, 0, 64, 0, 0
undirected, 250000, undirected, 0, 64, 0, 0
undirected, 250000, undirected, 0, 64, 0, 0
undirected, 250000, undirected, 0, 64, 0, 0
undirected, 250000, undirected, 150000, 21, 6, 37
undirected, 250000, undirected, 200000, 27, 0, 37
undirected, 250000, undirected, 200000, 29, 0, 35
undirected, 250000, undirected, 300000, 0, 0, 64
undirected, 250000, undirected, 300000, 0, 0, 64
undirected, 250000, undirected, 300000, 0, 0, 64
undirected, 250000, undirected, 300000, 0, 0, 64
undirected, 250000, undirected, 50000, 57, 0, 7
undirected, 300000, directed-fixed-reanalyze, 0, 64, 0, 0
undirected, 300000, directed-fixed-reanalyze, 100000, 13, 0, 51
undirected, 300000, directed-fixed-reanalyze, 100000, 14, 0, 50
undirected, 300000, directed-fixed-reanalyze, 100000, 17, 0, 47
undirected, 300000, directed-fixed-reanalyze, 150000, 27, 0, 37
undirected, 300000, directed-fixed-reanalyze, 150000, 29, 0, 35
undirected, 300000, directed-fixed-reanalyze, 200000, 11, 0, 53
undirected, 300000, directed-fixed-reanalyze, 200000, 7, 6, 51
undirected, 300000, directed-fixed-reanalyze, 200000, 7, 7, 50
undirected, 300000, directed-fixed-reanalyze, 200000, 8, 4, 52
undirected, 300000, directed-fixed-reanalyze, 300000, 21, 7, 36
undirected, 300000, directed-fixed-reanalyze, 300000, 22, 4, 38
undirected, 300000, directed-fixed-reanalyze, 50000, 28, 0, 36
undirected, 300000, directed-fixed-reanalyze, 50000, 32, 0, 32
undirected, 300000, directed-fixed-reanalyze, 50000, 32, 0, 32
undirected, 300000, directed-fixed-reanalyze, 50000, 35, 0, 29
undirected, 300000, directed-opening-only, 0, 64, 0, 0
undirected, 300000, directed-opening-only, 0, 64, 0, 0
undirected, 300000, directed-opening-only, 100000, 13, 29, 22
undirected, 300000, directed-opening-only, 100000, 14, 18, 32
undirected, 300000, directed-opening-only, 150000, 3, 0, 61
undirected, 300000, directed-opening-only, 150000, 6, 0, 58
undirected, 300000, directed-opening-only, 150000, 8, 0, 56
undirected, 300000, directed-opening-only, 200000, 3, 0, 61
undirected, 300000, directed-opening-only, 250000, 4, 0, 60
undirected, 300000, directed-opening-only, 250000, 6, 0, 58
undirected, 300000, directed-opening-only, 300000, 7, 6, 51
undirected, 300000, directed-opening-only, 50000, 49, 0, 15
undirected, 300000, directed-opening-only, 50000, 52, 0, 12
undirected, 300000, directed-scuffed-reanalyze, 0, 64, 0, 0
undirected, 300000, directed-scuffed-reanalyze, 0, 64, 0, 0
undirected, 300000, directed-scuffed-reanalyze, 100000, 0, 0, 64
undirected, 300000, directed-scuffed-reanalyze, 150000, 0, 13, 51
undirected, 300000, directed-scuffed-reanalyze, 150000, 0, 7, 57
undirected, 300000, directed-scuffed-reanalyze, 200000, 0, 10, 54
undirected, 300000, directed-scuffed-reanalyze, 250000, 7, 0, 57
undirected, 300000, directed-scuffed-reanalyze, 50000, 46, 0, 18
undirected, 300000, directed-scuffed-reanalyze, 50000, 50, 0, 14
undirected, 300000, undirected, 100000, 35, 0, 29
undirected, 300000, undirected, 150000, 26, 0, 38
undirected, 300000, undirected, 150000, 27, 0, 37
undirected, 300000, undirected, 150000, 37, 0, 27
undirected, 300000, undirected, 250000, 0, 11, 53
undirected, 300000, undirected, 250000, 0, 13, 51
undirected, 300000, undirected, 250000, 0, 18, 46
undirected, 300000, undirected, 250000, 0, 9, 55
undirected, 300000, undirected, 50000, 52, 0, 12
undirected, 300000, undirected, 50000, 54, 0, 10
undirected, 50000, directed-fixed-reanalyze, 0, 64, 0, 0
undirected, 50000, directed-fixed-reanalyze, 100000, 4, 31, 29
undirected, 50000, directed-fixed-reanalyze, 100000, 5, 25, 34
undirected, 50000, directed-fixed-reanalyze, 100000, 5, 29, 30
undirected, 50000, directed-fixed-reanalyze, 150000, 12, 11, 41
undirected, 50000, directed-fixed-reanalyze, 200000, 6, 14, 44
undirected, 50000, directed-fixed-reanalyze, 300000, 0, 21, 43
undirected, 50000, directed-fixed-reanalyze, 50000, 11, 5, 48
undirected, 50000, directed-fixed-reanalyze, 50000, 7, 2, 55
undirected, 50000, directed-opening-only, 0, 64, 0, 0
undirected, 50000, directed-opening-only, 0, 64, 0, 0
undirected, 50000, directed-opening-only, 100000, 11, 20, 33
undirected, 50000, directed-opening-only, 100000, 8, 30, 26
undirected, 50000, directed-opening-only, 100000, 8, 32, 24
undirected, 50000, directed-opening-only, 150000, 11, 4, 49
undirected, 50000, directed-opening-only, 150000, 15, 4, 45
undirected, 50000, directed-opening-only, 300000, 0, 31, 33
undirected, 50000, directed-opening-only, 50000, 22, 6, 36
undirected, 50000, directed-scuffed-reanalyze, 0, 64, 0, 0
undirected, 50000, directed-scuffed-reanalyze, 100000, 5, 8, 51
undirected, 50000, directed-scuffed-reanalyze, 150000, 4, 39, 21
undirected, 50000, directed-scuffed-reanalyze, 200000, 0, 24, 40
undirected, 50000, directed-scuffed-reanalyze, 200000, 0, 32, 32
undirected, 50000, directed-scuffed-reanalyze, 250000, 0, 28, 36
undirected, 50000, directed-scuffed-reanalyze, 250000, 4, 17, 43
undirected, 50000, directed-scuffed-reanalyze, 300000, 0, 23, 41
undirected, 50000, undirected, 100000, 7, 7, 50
undirected, 50000, undirected, 150000, 0, 25, 39
undirected, 50000, undirected, 150000, 0, 34, 30
undirected, 50000, undirected, 250000, 0, 32, 32
undirected, 50000, undirected, 300000, 0, 37, 27
undirected, 50000, undirected, 300000, 0, 42, 22
