undirected-random-small, 0, undirected-random-small, 10000, 0, 64, 0
undirected-random-small, 0, undirected-random-small, 10000, 0, 64, 0
undirected-random-small, 0, undirected-random-small, 10000, 0, 64, 0
undirected-random-small, 0, undirected-random-small, 10000, 0, 64, 0
undirected-random-small, 0, undirected-random-small, 10000, 1, 63, 0
undirected-random-small, 0, undirected-random-small, 10000, 1, 63, 0
undirected-random-small, 0, undirected-random-small, 10000, 1, 63, 0
undirected-random-small, 0, undirected-random-small, 100000, 0, 64, 0
undirected-random-small, 0, undirected-random-small, 100000, 0, 64, 0
undirected-random-small, 0, undirected-random-small, 100000, 0, 64, 0
undirected-random-small, 0, undirected-random-small, 100000, 0, 64, 0
undirected-random-small, 0, undirected-random-small, 100000, 0, 64, 0
undirected-random-small, 0, undirected-random-small, 100000, 0, 64, 0
undirected-random-small, 0, undirected-random-small, 100000, 0, 64, 0
undirected-random-small, 0, undirected-random-small, 110000, 0, 64, 0
undirected-random-small, 0, undirected-random-small, 110000, 0, 64, 0
undirected-random-small, 0, undirected-random-small, 110000, 0, 64, 0
undirected-random-small, 0, undirected-random-small, 110000, 0, 64, 0
undirected-random-small, 0, undirected-random-small, 120000, 0, 64, 0
undirected-random-small, 0, undirected-random-small, 130000, 0, 64, 0
undirected-random-small, 0, undirected-random-small, 130000, 0, 64, 0
undirected-random-small, 0, undirected-random-small, 130000, 0, 64, 0
undirected-random-small, 0, undirected-random-small, 140000, 0, 64, 0
undirected-random-small, 0, undirected-random-small, 150000, 0, 64, 0
undirected-random-small, 0, undirected-random-small, 150000, 0, 64, 0
undirected-random-small, 0, undirected-random-small, 150000, 0, 64, 0
undirected-random-small, 0, undirected-random-small, 170000, 0, 64, 0
undirected-random-small, 0, undirected-random-small, 180000, 0, 64, 0
undirected-random-small, 0, undirected-random-small, 180000, 0, 64, 0
undirected-random-small, 0, undirected-random-small, 180000, 0, 64, 0
undirected-random-small, 0, undirected-random-small, 20000, 0, 64, 0
undirected-random-small, 0, undirected-random-small, 20000, 0, 64, 0
undirected-random-small, 0, undirected-random-small, 20000, 2, 62, 0
undirected-random-small, 0, undirected-random-small, 20000, 4, 60, 0
undirected-random-small, 0, undirected-random-small, 200000, 0, 64, 0
undirected-random-small, 0, undirected-random-small, 200000, 0, 64, 0
undirected-random-small, 0, undirected-random-small, 210000, 0, 64, 0
undirected-random-small, 0, undirected-random-small, 250000, 0, 64, 0
undirected-random-small, 0, undirected-random-small, 290000, 0, 64, 0
undirected-random-small, 0, undirected-random-small, 290000, 0, 64, 0
undirected-random-small, 0, undirected-random-small, 30000, 0, 64, 0
undirected-random-small, 0, undirected-random-small, 30000, 0, 64, 0
undirected-random-small, 0, undirected-random-small, 30000, 0, 64, 0
undirected-random-small, 0, undirected-random-small, 30000, 0, 64, 0
undirected-random-small, 0, undirected-random-small, 30000, 0, 64, 0
undirected-random-small, 0, undirected-random-small, 30000, 0, 64, 0
undirected-random-small, 0, undirected-random-small, 40000, 0, 64, 0
undirected-random-small, 0, undirected-random-small, 40000, 0, 64, 0
undirected-random-small, 0, undirected-random-small, 50000, 0, 64, 0
undirected-random-small, 0, undirected-random-small, 50000, 0, 64, 0
undirected-random-small, 0, undirected-random-small, 50000, 0, 64, 0
undirected-random-small, 0, undirected-random-small, 50000, 0, 64, 0
undirected-random-small, 0, undirected-random-small, 50000, 0, 64, 0
undirected-random-small, 0, undirected-random-small, 60000, 0, 64, 0
undirected-random-small, 0, undirected-random-small, 60000, 0, 64, 0
undirected-random-small, 0, undirected-random-small, 60000, 0, 64, 0
undirected-random-small, 0, undirected-random-small, 60000, 0, 64, 0
undirected-random-small, 0, undirected-random-small, 70000, 0, 64, 0
undirected-random-small, 0, undirected-random-small, 70000, 0, 64, 0
undirected-random-small, 0, undirected-random-small, 70000, 0, 64, 0
undirected-random-small, 0, undirected-random-small, 70000, 0, 64, 0
undirected-random-small, 0, undirected-random-small, 70000, 0, 64, 0
undirected-random-small, 0, undirected-random-small, 70000, 0, 64, 0
undirected-random-small, 0, undirected-random-small, 80000, 0, 64, 0
undirected-random-small, 0, undirected-random-small, 80000, 0, 64, 0
undirected-random-small, 0, undirected-random-small, 80000, 0, 64, 0
undirected-random-small, 0, undirected-random-small, 80000, 0, 64, 0
undirected-random-small, 0, undirected-random-small, 80000, 0, 64, 0
undirected-random-small, 0, undirected-random-small, 90000, 0, 64, 0
undirected-random-small, 0, undirected-random-small, 90000, 0, 64, 0
undirected-random-small, 0, undirected-random-small, 90000, 0, 64, 0
undirected-random-small, 10000, undirected-random-small, 0, 64, 0, 0
undirected-random-small, 10000, undirected-random-small, 0, 64, 0, 0
undirected-random-small, 10000, undirected-random-small, 0, 64, 0, 0
undirected-random-small, 10000, undirected-random-small, 0, 64, 0, 0
undirected-random-small, 10000, undirected-random-small, 0, 64, 0, 0
undirected-random-small, 10000, undirected-random-small, 0, 64, 0, 0
undirected-random-small, 10000, undirected-random-small, 0, 64, 0, 0
undirected-random-small, 10000, undirected-random-small, 100000, 1, 47, 16
undirected-random-small, 10000, undirected-random-small, 100000, 3, 42, 19
undirected-random-small, 10000, undirected-random-small, 100000, 4, 45, 15
undirected-random-small, 10000, undirected-random-small, 100000, 4, 45, 15
undirected-random-small, 10000, undirected-random-small, 110000, 0, 45, 19
undirected-random-small, 10000, undirected-random-small, 110000, 0, 47, 17
undirected-random-small, 10000, undirected-random-small, 110000, 1, 41, 22
undirected-random-small, 10000, undirected-random-small, 110000, 2, 42, 20
undirected-random-small, 10000, undirected-random-small, 120000, 5, 41, 18
undirected-random-small, 10000, undirected-random-small, 130000, 2, 37, 25
undirected-random-small, 10000, undirected-random-small, 140000, 0, 43, 21
undirected-random-small, 10000, undirected-random-small, 140000, 0, 48, 16
undirected-random-small, 10000, undirected-random-small, 150000, 0, 52, 12
undirected-random-small, 10000, undirected-random-small, 160000, 0, 43, 21
undirected-random-small, 10000, undirected-random-small, 160000, 1, 45, 18
undirected-random-small, 10000, undirected-random-small, 160000, 2, 37, 25
undirected-random-small, 10000, undirected-random-small, 170000, 0, 49, 15
undirected-random-small, 10000, undirected-random-small, 190000, 2, 41, 21
undirected-random-small, 10000, undirected-random-small, 20000, 11, 42, 11
undirected-random-small, 10000, undirected-random-small, 20000, 17, 30, 17
undirected-random-small, 10000, undirected-random-small, 20000, 17, 35, 12
undirected-random-small, 10000, undirected-random-small, 20000, 18, 32, 14
undirected-random-small, 10000, undirected-random-small, 20000, 21, 33, 10
undirected-random-small, 10000, undirected-random-small, 200000, 1, 47, 16
undirected-random-small, 10000, undirected-random-small, 200000, 2, 36, 26
undirected-random-small, 10000, undirected-random-small, 200000, 3, 43, 18
undirected-random-small, 10000, undirected-random-small, 220000, 0, 43, 21
undirected-random-small, 10000, undirected-random-small, 240000, 1, 41, 22
undirected-random-small, 10000, undirected-random-small, 260000, 1, 37, 26
undirected-random-small, 10000, undirected-random-small, 280000, 2, 47, 15
undirected-random-small, 10000, undirected-random-small, 30000, 12, 42, 10
undirected-random-small, 10000, undirected-random-small, 30000, 15, 38, 11
undirected-random-small, 10000, undirected-random-small, 40000, 11, 34, 19
undirected-random-small, 10000, undirected-random-small, 40000, 5, 38, 21
undirected-random-small, 10000, undirected-random-small, 40000, 5, 39, 20
undirected-random-small, 10000, undirected-random-small, 40000, 7, 40, 17
undirected-random-small, 10000, undirected-random-small, 40000, 7, 44, 13
undirected-random-small, 10000, undirected-random-small, 40000, 9, 39, 16
undirected-random-small, 10000, undirected-random-small, 50000, 0, 41, 23
undirected-random-small, 10000, undirected-random-small, 50000, 0, 43, 21
undirected-random-small, 10000, undirected-random-small, 50000, 2, 40, 22
undirected-random-small, 10000, undirected-random-small, 50000, 3, 35, 26
undirected-random-small, 10000, undirected-random-small, 50000, 4, 40, 20
undirected-random-small, 10000, undirected-random-small, 60000, 1, 42, 21
undirected-random-small, 10000, undirected-random-small, 60000, 3, 41, 20
undirected-random-small, 10000, undirected-random-small, 60000, 3, 42, 19
undirected-random-small, 10000, undirected-random-small, 60000, 4, 43, 17
undirected-random-small, 10000, undirected-random-small, 70000, 0, 47, 17
undirected-random-small, 10000, undirected-random-small, 70000, 0, 50, 14
undirected-random-small, 10000, undirected-random-small, 70000, 1, 45, 18
undirected-random-small, 10000, undirected-random-small, 70000, 2, 44, 18
undirected-random-small, 10000, undirected-random-small, 70000, 3, 39, 22
undirected-random-small, 10000, undirected-random-small, 70000, 4, 45, 15
undirected-random-small, 10000, undirected-random-small, 70000, 5, 42, 17
undirected-random-small, 10000, undirected-random-small, 80000, 2, 44, 18
undirected-random-small, 10000, undirected-random-small, 80000, 2, 47, 15
undirected-random-small, 10000, undirected-random-small, 90000, 0, 48, 16
undirected-random-small, 10000, undirected-random-small, 90000, 1, 39, 24
undirected-random-small, 100000, undirected-random-small, 0, 64, 0, 0
undirected-random-small, 100000, undirected-random-small, 0, 64, 0, 0
undirected-random-small, 100000, undirected-random-small, 0, 64, 0, 0
undirected-random-small, 100000, undirected-random-small, 0, 64, 0, 0
undirected-random-small, 100000, undirected-random-small, 0, 64, 0, 0
undirected-random-small, 100000, undirected-random-small, 0, 64, 0, 0
undirected-random-small, 100000, undirected-random-small, 0, 64, 0, 0
undirected-random-small, 100000, undirected-random-small, 10000, 62, 0, 2
undirected-random-small, 100000, undirected-random-small, 10000, 62, 1, 1
undirected-random-small, 100000, undirected-random-small, 10000, 64, 0, 0
undirected-random-small, 100000, undirected-random-small, 10000, 64, 0, 0
undirected-random-small, 100000, undirected-random-small, 110000, 13, 14, 37
undirected-random-small, 100000, undirected-random-small, 110000, 15, 6, 43
undirected-random-small, 100000, undirected-random-small, 110000, 16, 14, 34
undirected-random-small, 100000, undirected-random-small, 110000, 16, 14, 34
undirected-random-small, 100000, undirected-random-small, 110000, 16, 7, 41
undirected-random-small, 100000, undirected-random-small, 110000, 22, 12, 30
undirected-random-small, 100000, undirected-random-small, 120000, 15, 10, 39
undirected-random-small, 100000, undirected-random-small, 120000, 21, 8, 35
undirected-random-small, 100000, undirected-random-small, 130000, 9, 13, 42
undirected-random-small, 100000, undirected-random-small, 170000, 18, 9, 37
undirected-random-small, 100000, undirected-random-small, 20000, 52, 0, 12
undirected-random-small, 100000, undirected-random-small, 20000, 52, 1, 11
undirected-random-small, 100000, undirected-random-small, 20000, 56, 1, 7
undirected-random-small, 100000, undirected-random-small, 210000, 12, 16, 36
undirected-random-small, 100000, undirected-random-small, 270000, 5, 20, 39
undirected-random-small, 100000, undirected-random-small, 30000, 49, 1, 14
undirected-random-small, 100000, undirected-random-small, 30000, 50, 3, 11
undirected-random-small, 100000, undirected-random-small, 30000, 51, 1, 12
undirected-random-small, 100000, undirected-random-small, 30000, 52, 3, 9
undirected-random-small, 100000, undirected-random-small, 30000, 53, 1, 10
undirected-random-small, 100000, undirected-random-small, 40000, 43, 4, 17
undirected-random-small, 100000, undirected-random-small, 40000, 44, 3, 17
undirected-random-small, 100000, undirected-random-small, 40000, 47, 1, 16
undirected-random-small, 100000, undirected-random-small, 50000, 44, 1, 19
undirected-random-small, 100000, undirected-random-small, 50000, 45, 4, 15
undirected-random-small, 100000, undirected-random-small, 50000, 47, 4, 13
undirected-random-small, 100000, undirected-random-small, 50000, 48, 4, 12
undirected-random-small, 100000, undirected-random-small, 60000, 42, 3, 19
undirected-random-small, 100000, undirected-random-small, 60000, 42, 6, 16
undirected-random-small, 100000, undirected-random-small, 60000, 47, 3, 14
undirected-random-small, 100000, undirected-random-small, 60000, 50, 3, 11
undirected-random-small, 100000, undirected-random-small, 60000, 54, 1, 9
undirected-random-small, 100000, undirected-random-small, 70000, 34, 6, 24
undirected-random-small, 100000, undirected-random-small, 70000, 34, 7, 23
undirected-random-small, 100000, undirected-random-small, 70000, 41, 2, 21
undirected-random-small, 100000, undirected-random-small, 80000, 31, 7, 26
undirected-random-small, 100000, undirected-random-small, 80000, 36, 2, 26
undirected-random-small, 100000, undirected-random-small, 80000, 36, 4, 24
undirected-random-small, 100000, undirected-random-small, 80000, 37, 3, 24
undirected-random-small, 100000, undirected-random-small, 90000, 31, 2, 31
undirected-random-small, 100000, undirected-random-small, 90000, 35, 5, 24
undirected-random-small, 110000, undirected-random-small, 0, 64, 0, 0
undirected-random-small, 110000, undirected-random-small, 0, 64, 0, 0
undirected-random-small, 110000, undirected-random-small, 0, 64, 0, 0
undirected-random-small, 110000, undirected-random-small, 0, 64, 0, 0
undirected-random-small, 110000, undirected-random-small, 10000, 63, 0, 1
undirected-random-small, 110000, undirected-random-small, 10000, 63, 0, 1
undirected-random-small, 110000, undirected-random-small, 10000, 63, 0, 1
undirected-random-small, 110000, undirected-random-small, 10000, 63, 0, 1
undirected-random-small, 110000, undirected-random-small, 100000, 31, 12, 21
undirected-random-small, 110000, undirected-random-small, 100000, 32, 10, 22
undirected-random-small, 110000, undirected-random-small, 100000, 32, 11, 21
undirected-random-small, 110000, undirected-random-small, 100000, 34, 11, 19
undirected-random-small, 110000, undirected-random-small, 100000, 41, 3, 20
undirected-random-small, 110000, undirected-random-small, 100000, 41, 5, 18
undirected-random-small, 110000, undirected-random-small, 120000, 12, 9, 43
undirected-random-small, 110000, undirected-random-small, 120000, 20, 14, 30
undirected-random-small, 110000, undirected-random-small, 130000, 8, 19, 37
undirected-random-small, 110000, undirected-random-small, 140000, 9, 20, 35
undirected-random-small, 110000, undirected-random-small, 150000, 11, 15, 38
undirected-random-small, 110000, undirected-random-small, 150000, 13, 15, 36
undirected-random-small, 110000, undirected-random-small, 150000, 17, 19, 28
undirected-random-small, 110000, undirected-random-small, 170000, 6, 15, 43
undirected-random-small, 110000, undirected-random-small, 180000, 8, 26, 30
undirected-random-small, 110000, undirected-random-small, 180000, 9, 17, 38
undirected-random-small, 110000, undirected-random-small, 190000, 11, 20, 33
undirected-random-small, 110000, undirected-random-small, 190000, 15, 20, 29
undirected-random-small, 110000, undirected-random-small, 20000, 58, 2, 4
undirected-random-small, 110000, undirected-random-small, 20000, 59, 1, 4
undirected-random-small, 110000, undirected-random-small, 210000, 4, 15, 45
undirected-random-small, 110000, undirected-random-small, 250000, 4, 25, 35
undirected-random-small, 110000, undirected-random-small, 260000, 12, 22, 30
undirected-random-small, 110000, undirected-random-small, 260000, 13, 22, 29
undirected-random-small, 110000, undirected-random-small, 290000, 5, 22, 37
undirected-random-small, 110000, undirected-random-small, 30000, 53, 2, 9
undirected-random-small, 110000, undirected-random-small, 30000, 55, 1, 8
undirected-random-small, 110000, undirected-random-small, 30000, 55, 2, 7
undirected-random-small, 110000, undirected-random-small, 30000, 57, 2, 5
undirected-random-small, 110000, undirected-random-small, 40000, 53, 1, 10
undirected-random-small, 110000, undirected-random-small, 40000, 57, 2, 5
undirected-random-small, 110000, undirected-random-small, 50000, 46, 5, 13
undirected-random-small, 110000, undirected-random-small, 50000, 50, 1, 13
undirected-random-small, 110000, undirected-random-small, 50000, 53, 1, 10
undirected-random-small, 110000, undirected-random-small, 60000, 44, 2, 18
undirected-random-small, 110000, undirected-random-small, 60000, 46, 1, 17
undirected-random-small, 110000, undirected-random-small, 60000, 46, 4, 14
undirected-random-small, 110000, undirected-random-small, 60000, 47, 0, 17
undirected-random-small, 110000, undirected-random-small, 60000, 53, 1, 10
undirected-random-small, 110000, undirected-random-small, 70000, 39, 3, 22
undirected-random-small, 110000, undirected-random-small, 70000, 49, 5, 10
undirected-random-small, 110000, undirected-random-small, 80000, 33, 4, 27
undirected-random-small, 110000, undirected-random-small, 80000, 34, 5, 25
undirected-random-small, 110000, undirected-random-small, 80000, 34, 6, 24
undirected-random-small, 110000, undirected-random-small, 80000, 35, 5, 24
undirected-random-small, 110000, undirected-random-small, 80000, 46, 6, 12
undirected-random-small, 110000, undirected-random-small, 90000, 30, 4, 30
undirected-random-small, 110000, undirected-random-small, 90000, 32, 6, 26
undirected-random-small, 120000, undirected-random-small, 0, 64, 0, 0
undirected-random-small, 120000, undirected-random-small, 10000, 58, 0, 6
undirected-random-small, 120000, undirected-random-small, 100000, 30, 6, 28
undirected-random-small, 120000, undirected-random-small, 100000, 31, 4, 29
undirected-random-small, 120000, undirected-random-small, 110000, 25, 4, 35
undirected-random-small, 120000, undirected-random-small, 110000, 37, 5, 22
undirected-random-small, 120000, undirected-random-small, 130000, 18, 12, 34
undirected-random-small, 120000, undirected-random-small, 150000, 11, 18, 35
undirected-random-small, 120000, undirected-random-small, 150000, 14, 11, 39
undirected-random-small, 120000, undirected-random-small, 170000, 9, 9, 46
undirected-random-small, 120000, undirected-random-small, 180000, 13, 14, 37
undirected-random-small, 120000, undirected-random-small, 180000, 14, 11, 39
undirected-random-small, 120000, undirected-random-small, 190000, 13, 13, 38
undirected-random-small, 120000, undirected-random-small, 190000, 7, 12, 45
undirected-random-small, 120000, undirected-random-small, 20000, 55, 3, 6
undirected-random-small, 120000, undirected-random-small, 20000, 56, 2, 6
undirected-random-small, 120000, undirected-random-small, 20000, 61, 1, 2
undirected-random-small, 120000, undirected-random-small, 200000, 11, 13, 40
undirected-random-small, 120000, undirected-random-small, 200000, 12, 9, 43
undirected-random-small, 120000, undirected-random-small, 200000, 9, 12, 43
undirected-random-small, 120000, undirected-random-small, 200000, 9, 19, 36
undirected-random-small, 120000, undirected-random-small, 210000, 6, 13, 45
undirected-random-small, 120000, undirected-random-small, 210000, 8, 12, 44
undirected-random-small, 120000, undirected-random-small, 220000, 10, 20, 34
undirected-random-small, 120000, undirected-random-small, 220000, 9, 17, 38
undirected-random-small, 120000, undirected-random-small, 220000, 9, 19, 36
undirected-random-small, 120000, undirected-random-small, 30000, 53, 2, 9
undirected-random-small, 120000, undirected-random-small, 30000, 55, 0, 9
undirected-random-small, 120000, undirected-random-small, 30000, 57, 0, 7
undirected-random-small, 120000, undirected-random-small, 30000, 57, 0, 7
undirected-random-small, 120000, undirected-random-small, 40000, 46, 4, 14
undirected-random-small, 120000, undirected-random-small, 40000, 48, 3, 13
undirected-random-small, 120000, undirected-random-small, 40000, 49, 3, 12
undirected-random-small, 120000, undirected-random-small, 50000, 39, 4, 21
undirected-random-small, 120000, undirected-random-small, 50000, 48, 2, 14
undirected-random-small, 120000, undirected-random-small, 60000, 43, 2, 19
undirected-random-small, 120000, undirected-random-small, 60000, 44, 4, 16
undirected-random-small, 120000, undirected-random-small, 60000, 49, 1, 14
undirected-random-small, 120000, undirected-random-small, 60000, 50, 2, 12
undirected-random-small, 120000, undirected-random-small, 60000, 51, 2, 11
undirected-random-small, 120000, undirected-random-small, 70000, 40, 9, 15
undirected-random-small, 120000, undirected-random-small, 70000, 42, 7, 15
undirected-random-small, 120000, undirected-random-small, 80000, 38, 3, 23
undirected-random-small, 120000, undirected-random-small, 80000, 38, 3, 23
undirected-random-small, 120000, undirected-random-small, 80000, 39, 1, 24
undirected-random-small, 120000, undirected-random-small, 80000, 39, 2, 23
undirected-random-small, 120000, undirected-random-small, 80000, 40, 3, 21
undirected-random-small, 120000, undirected-random-small, 90000, 33, 7, 24
undirected-random-small, 130000, undirected-random-small, 0, 64, 0, 0
undirected-random-small, 130000, undirected-random-small, 0, 64, 0, 0
undirected-random-small, 130000, undirected-random-small, 0, 64, 0, 0
undirected-random-small, 130000, undirected-random-small, 10000, 63, 0, 1
undirected-random-small, 130000, undirected-random-small, 100000, 33, 3, 28
undirected-random-small, 130000, undirected-random-small, 110000, 35, 8, 21
undirected-random-small, 130000, undirected-random-small, 120000, 34, 12, 18
undirected-random-small, 130000, undirected-random-small, 140000, 21, 10, 33
undirected-random-small, 130000, undirected-random-small, 140000, 8, 12, 44
undirected-random-small, 130000, undirected-random-small, 140000, 9, 12, 43
undirected-random-small, 130000, undirected-random-small, 150000, 16, 11, 37
undirected-random-small, 130000, undirected-random-small, 160000, 13, 12, 39
undirected-random-small, 130000, undirected-random-small, 160000, 8, 19, 37
undirected-random-small, 130000, undirected-random-small, 170000, 11, 14, 39
undirected-random-small, 130000, undirected-random-small, 170000, 12, 16, 36
undirected-random-small, 130000, undirected-random-small, 170000, 15, 14, 35
undirected-random-small, 130000, undirected-random-small, 170000, 21, 17, 26
undirected-random-small, 130000, undirected-random-small, 180000, 9, 17, 38
undirected-random-small, 130000, undirected-random-small, 190000, 9, 21, 34
undirected-random-small, 130000, undirected-random-small, 20000, 56, 0, 8
undirected-random-small, 130000, undirected-random-small, 240000, 12, 16, 36
undirected-random-small, 130000, undirected-random-small, 270000, 3, 22, 39
undirected-random-small, 130000, undirected-random-small, 270000, 8, 19, 37
undirected-random-small, 130000, undirected-random-small, 40000, 52, 2, 10
undirected-random-small, 130000, undirected-random-small, 50000, 40, 7, 17
undirected-random-small, 130000, undirected-random-small, 50000, 44, 2, 18
undirected-random-small, 130000, undirected-random-small, 60000, 39, 3, 22
undirected-random-small, 130000, undirected-random-small, 60000, 39, 5, 20
undirected-random-small, 130000, undirected-random-small, 70000, 36, 7, 21
undirected-random-small, 130000, undirected-random-small, 70000, 40, 4, 20
undirected-random-small, 130000, undirected-random-small, 80000, 29, 1, 34
undirected-random-small, 130000, undirected-random-small, 80000, 38, 3, 23
undirected-random-small, 130000, undirected-random-small, 80000, 38, 4, 22
undirected-random-small, 130000, undirected-random-small, 90000, 41, 4, 19
undirected-random-small, 140000, undirected-random-small, 0, 64, 0, 0
undirected-random-small, 140000, undirected-random-small, 10000, 56, 3, 5
undirected-random-small, 140000, undirected-random-small, 10000, 59, 1, 4
undirected-random-small, 140000, undirected-random-small, 110000, 45, 6, 13
undirected-random-small, 140000, undirected-random-small, 130000, 29, 4, 31
undirected-random-small, 140000, undirected-random-small, 130000, 33, 6, 25
undirected-random-small, 140000, undirected-random-small, 130000, 39, 7, 18
undirected-random-small, 140000, undirected-random-small, 160000, 20, 15, 29
undirected-random-small, 140000, undirected-random-small, 180000, 18, 11, 35
undirected-random-small, 140000, undirected-random-small, 180000, 7, 18, 39
undirected-random-small, 140000, undirected-random-small, 20000, 54, 2, 8
undirected-random-small, 140000, undirected-random-small, 200000, 13, 12, 39
undirected-random-small, 140000, undirected-random-small, 220000, 15, 18, 31
undirected-random-small, 140000, undirected-random-small, 250000, 11, 20, 33
undirected-random-small, 140000, undirected-random-small, 30000, 58, 2, 4
undirected-random-small, 140000, undirected-random-small, 300000, 6, 22, 36
undirected-random-small, 140000, undirected-random-small, 40000, 47, 0, 17
undirected-random-small, 140000, undirected-random-small, 40000, 49, 0, 15
undirected-random-small, 140000, undirected-random-small, 50000, 53, 2, 9
undirected-random-small, 140000, undirected-random-small, 60000, 50, 2, 12
undirected-random-small, 140000, undirected-random-small, 70000, 40, 1, 23
undirected-random-small, 140000, undirected-random-small, 70000, 47, 4, 13
undirected-random-small, 140000, undirected-random-small, 90000, 44, 4, 16
undirected-random-small, 150000, undirected-random-small, 0, 64, 0, 0
undirected-random-small, 150000, undirected-random-small, 0, 64, 0, 0
undirected-random-small, 150000, undirected-random-small, 0, 64, 0, 0
undirected-random-small, 150000, undirected-random-small, 10000, 62, 0, 2
undirected-random-small, 150000, undirected-random-small, 110000, 40, 3, 21
undirected-random-small, 150000, undirected-random-small, 110000, 41, 1, 22
undirected-random-small, 150000, undirected-random-small, 110000, 43, 6, 15
undirected-random-small, 150000, undirected-random-small, 120000, 30, 3, 31
undirected-random-small, 150000, undirected-random-small, 120000, 33, 2, 29
undirected-random-small, 150000, undirected-random-small, 160000, 18, 15, 31
undirected-random-small, 150000, undirected-random-small, 180000, 9, 10, 45
undirected-random-small, 150000, undirected-random-small, 20000, 53, 1, 10
undirected-random-small, 150000, undirected-random-small, 20000, 57, 3, 4
undirected-random-small, 150000, undirected-random-small, 210000, 8, 16, 40
undirected-random-small, 150000, undirected-random-small, 230000, 16, 25, 23
undirected-random-small, 150000, undirected-random-small, 240000, 8, 19, 37
undirected-random-small, 150000, undirected-random-small, 250000, 5, 25, 34
undirected-random-small, 150000, undirected-random-small, 280000, 11, 17, 36
undirected-random-small, 150000, undirected-random-small, 30000, 60, 1, 3
undirected-random-small, 150000, undirected-random-small, 300000, 9, 18, 37
undirected-random-small, 150000, undirected-random-small, 50000, 50, 6, 8
undirected-random-small, 150000, undirected-random-small, 50000, 54, 1, 9
undirected-random-small, 150000, undirected-random-small, 50000, 57, 1, 6
undirected-random-small, 150000, undirected-random-small, 60000, 46, 1, 17
undirected-random-small, 150000, undirected-random-small, 60000, 53, 0, 11
undirected-random-small, 150000, undirected-random-small, 80000, 44, 2, 18
undirected-random-small, 150000, undirected-random-small, 80000, 46, 4, 14
undirected-random-small, 150000, undirected-random-small, 90000, 38, 6, 20
undirected-random-small, 160000, undirected-random-small, 10000, 58, 4, 2
undirected-random-small, 160000, undirected-random-small, 10000, 62, 0, 2
undirected-random-small, 160000, undirected-random-small, 10000, 64, 0, 0
undirected-random-small, 160000, undirected-random-small, 130000, 35, 3, 26
undirected-random-small, 160000, undirected-random-small, 130000, 37, 1, 26
undirected-random-small, 160000, undirected-random-small, 140000, 25, 9, 30
undirected-random-small, 160000, undirected-random-small, 150000, 27, 8, 29
undirected-random-small, 160000, undirected-random-small, 170000, 15, 10, 39
undirected-random-small, 160000, undirected-random-small, 180000, 15, 8, 41
undirected-random-small, 160000, undirected-random-small, 180000, 18, 8, 38
undirected-random-small, 160000, undirected-random-small, 180000, 20, 9, 35
undirected-random-small, 160000, undirected-random-small, 190000, 14, 9, 41
undirected-random-small, 160000, undirected-random-small, 20000, 54, 3, 7
undirected-random-small, 160000, undirected-random-small, 20000, 56, 2, 6
undirected-random-small, 160000, undirected-random-small, 220000, 11, 14, 39
undirected-random-small, 160000, undirected-random-small, 240000, 7, 25, 32
undirected-random-small, 160000, undirected-random-small, 240000, 9, 16, 39
undirected-random-small, 160000, undirected-random-small, 280000, 4, 15, 45
undirected-random-small, 160000, undirected-random-small, 30000, 57, 2, 5
undirected-random-small, 160000, undirected-random-small, 30000, 60, 0, 4
undirected-random-small, 160000, undirected-random-small, 300000, 7, 19, 38
undirected-random-small, 160000, undirected-random-small, 40000, 49, 0, 15
undirected-random-small, 160000, undirected-random-small, 40000, 51, 1, 12
undirected-random-small, 160000, undirected-random-small, 50000, 46, 2, 16
undirected-random-small, 160000, undirected-random-small, 50000, 53, 3, 8
undirected-random-small, 160000, undirected-random-small, 60000, 35, 5, 24
undirected-random-small, 160000, undirected-random-small, 60000, 43, 4, 17
undirected-random-small, 160000, undirected-random-small, 70000, 49, 2, 13
undirected-random-small, 160000, undirected-random-small, 70000, 49, 2, 13
undirected-random-small, 160000, undirected-random-small, 70000, 52, 0, 12
undirected-random-small, 160000, undirected-random-small, 90000, 43, 3, 18
undirected-random-small, 160000, undirected-random-small, 90000, 48, 3, 13
undirected-random-small, 170000, undirected-random-small, 0, 64, 0, 0
undirected-random-small, 170000, undirected-random-small, 10000, 57, 0, 7
undirected-random-small, 170000, undirected-random-small, 100000, 31, 4, 29
undirected-random-small, 170000, undirected-random-small, 110000, 45, 6, 13
undirected-random-small, 170000, undirected-random-small, 120000, 30, 2, 32
undirected-random-small, 170000, undirected-random-small, 130000, 24, 7, 33
undirected-random-small, 170000, undirected-random-small, 130000, 25, 6, 33
undirected-random-small, 170000, undirected-random-small, 130000, 31, 6, 27
undirected-random-small, 170000, undirected-random-small, 130000, 33, 7, 24
undirected-random-small, 170000, undirected-random-small, 160000, 32, 3, 29
undirected-random-small, 170000, undirected-random-small, 180000, 11, 10, 43
undirected-random-small, 170000, undirected-random-small, 180000, 11, 9, 44
undirected-random-small, 170000, undirected-random-small, 190000, 12, 7, 45
undirected-random-small, 170000, undirected-random-small, 20000, 55, 0, 9
undirected-random-small, 170000, undirected-random-small, 20000, 55, 1, 8
undirected-random-small, 170000, undirected-random-small, 20000, 57, 0, 7
undirected-random-small, 170000, undirected-random-small, 20000, 60, 1, 3
undirected-random-small, 170000, undirected-random-small, 200000, 11, 10, 43
undirected-random-small, 170000, undirected-random-small, 200000, 12, 15, 37
undirected-random-small, 170000, undirected-random-small, 210000, 11, 13, 40
undirected-random-small, 170000, undirected-random-small, 290000, 8, 14, 42
undirected-random-small, 170000, undirected-random-small, 50000, 55, 2, 7
undirected-random-small, 170000, undirected-random-small, 60000, 49, 2, 13
undirected-random-small, 170000, undirected-random-small, 70000, 50, 2, 12
undirected-random-small, 170000, undirected-random-small, 70000, 53, 1, 10
undirected-random-small, 170000, undirected-random-small, 80000, 41, 6, 17
undirected-random-small, 170000, undirected-random-small, 90000, 41, 3, 20
undirected-random-small, 170000, undirected-random-small, 90000, 45, 2, 17
undirected-random-small, 170000, undirected-random-small, 90000, 45, 3, 16
undirected-random-small, 180000, undirected-random-small, 0, 64, 0, 0
undirected-random-small, 180000, undirected-random-small, 0, 64, 0, 0
undirected-random-small, 180000, undirected-random-small, 0, 64, 0, 0
undirected-random-small, 180000, undirected-random-small, 110000, 42, 1, 21
undirected-random-small, 180000, undirected-random-small, 110000, 47, 1, 16
undirected-random-small, 180000, undirected-random-small, 120000, 33, 4, 27
undirected-random-small, 180000, undirected-random-small, 120000, 36, 3, 25
undirected-random-small, 180000, undirected-random-small, 130000, 29, 7, 28
undirected-random-small, 180000, undirected-random-small, 140000, 35, 6, 23
undirected-random-small, 180000, undirected-random-small, 140000, 38, 2, 24
undirected-random-small, 180000, undirected-random-small, 150000, 40, 2, 22
undirected-random-small, 180000, undirected-random-small, 160000, 34, 4, 26
undirected-random-small, 180000, undirected-random-small, 160000, 36, 4, 24
undirected-random-small, 180000, undirected-random-small, 160000, 38, 5, 21
undirected-random-small, 180000, undirected-random-small, 170000, 24, 7, 33
undirected-random-small, 180000, undirected-random-small, 170000, 27, 9, 28
undirected-random-small, 180000, undirected-random-small, 190000, 17, 7, 40
undirected-random-small, 180000, undirected-random-small, 20000, 53, 1, 10
undirected-random-small, 180000, undirected-random-small, 20000, 57, 1, 6
undirected-random-small, 180000, undirected-random-small, 200000, 12, 16, 36
undirected-random-small, 180000, undirected-random-small, 230000, 14, 19, 31
undirected-random-small, 180000, undirected-random-small, 230000, 15, 21, 28
undirected-random-small, 180000, undirected-random-small, 280000, 7, 14, 43
undirected-random-small, 180000, undirected-random-small, 290000, 10, 17, 37
undirected-random-small, 180000, undirected-random-small, 290000, 9, 8, 47
undirected-random-small, 180000, undirected-random-small, 30000, 52, 1, 11
undirected-random-small, 180000, undirected-random-small, 30000, 58, 1, 5
undirected-random-small, 180000, undirected-random-small, 40000, 48, 0, 16
undirected-random-small, 180000, undirected-random-small, 40000, 52, 2, 10
undirected-random-small, 180000, undirected-random-small, 40000, 53, 2, 9
undirected-random-small, 180000, undirected-random-small, 70000, 42, 2, 20
undirected-random-small, 180000, undirected-random-small, 70000, 42, 3, 19
undirected-random-small, 180000, undirected-random-small, 70000, 47, 1, 16
undirected-random-small, 180000, undirected-random-small, 80000, 43, 1, 20
undirected-random-small, 180000, undirected-random-small, 80000, 45, 2, 17
undirected-random-small, 180000, undirected-random-small, 80000, 47, 1, 16
undirected-random-small, 180000, undirected-random-small, 80000, 49, 0, 15
undirected-random-small, 180000, undirected-random-small, 90000, 47, 1, 16
undirected-random-small, 190000, undirected-random-small, 10000, 62, 1, 1
undirected-random-small, 190000, undirected-random-small, 110000, 36, 2, 26
undirected-random-small, 190000, undirected-random-small, 110000, 50, 0, 14
undirected-random-small, 190000, undirected-random-small, 120000, 44, 0, 20
undirected-random-small, 190000, undirected-random-small, 120000, 44, 2, 18
undirected-random-small, 190000, undirected-random-small, 130000, 41, 5, 18
undirected-random-small, 190000, undirected-random-small, 160000, 32, 7, 25
undirected-random-small, 190000, undirected-random-small, 170000, 28, 4, 32
undirected-random-small, 190000, undirected-random-small, 180000, 32, 11, 21
undirected-random-small, 190000, undirected-random-small, 20000, 59, 0, 5
undirected-random-small, 190000, undirected-random-small, 200000, 24, 2, 38
undirected-random-small, 190000, undirected-random-small, 220000, 13, 11, 40
undirected-random-small, 190000, undirected-random-small, 240000, 7, 4, 53
undirected-random-small, 190000, undirected-random-small, 280000, 5, 11, 48
undirected-random-small, 190000, undirected-random-small, 70000, 51, 1, 12
undirected-random-small, 190000, undirected-random-small, 80000, 48, 2, 14
undirected-random-small, 190000, undirected-random-small, 90000, 48, 0, 16
undirected-random-small, 20000, undirected-random-small, 0, 64, 0, 0
undirected-random-small, 20000, undirected-random-small, 0, 64, 0, 0
undirected-random-small, 20000, undirected-random-small, 0, 64, 0, 0
undirected-random-small, 20000, undirected-random-small, 0, 64, 0, 0
undirected-random-small, 20000, undirected-random-small, 10000, 49, 6, 9
undirected-random-small, 20000, undirected-random-small, 10000, 50, 7, 7
undirected-random-small, 20000, undirected-random-small, 10000, 52, 3, 9
undirected-random-small, 20000, undirected-random-small, 10000, 53, 5, 6
undirected-random-small, 20000, undirected-random-small, 10000, 55, 1, 8
undirected-random-small, 20000, undirected-random-small, 100000, 0, 41, 23
undirected-random-small, 20000, undirected-random-small, 100000, 1, 44, 19
undirected-random-small, 20000, undirected-random-small, 100000, 2, 42, 20
undirected-random-small, 20000, undirected-random-small, 110000, 0, 43, 21
undirected-random-small, 20000, undirected-random-small, 110000, 2, 43, 19
undirected-random-small, 20000, undirected-random-small, 120000, 0, 45, 19
undirected-random-small, 20000, undirected-random-small, 120000, 1, 40, 23
undirected-random-small, 20000, undirected-random-small, 120000, 3, 50, 11
undirected-random-small, 20000, undirected-random-small, 130000, 1, 39, 24
undirected-random-small, 20000, undirected-random-small, 140000, 2, 38, 24
undirected-random-small, 20000, undirected-random-small, 150000, 1, 36, 27
undirected-random-small, 20000, undirected-random-small, 150000, 1, 38, 25
undirected-random-small, 20000, undirected-random-small, 160000, 0, 43, 21
undirected-random-small, 20000, undirected-random-small, 160000, 0, 46, 18
undirected-random-small, 20000, undirected-random-small, 170000, 0, 43, 21
undirected-random-small, 20000, undirected-random-small, 170000, 0, 46, 18
undirected-random-small, 20000, undirected-random-small, 170000, 1, 41, 22
undirected-random-small, 20000, undirected-random-small, 170000, 1, 42, 21
undirected-random-small, 20000, undirected-random-small, 180000, 1, 39, 24
undirected-random-small, 20000, undirected-random-small, 180000, 2, 38, 24
undirected-random-small, 20000, undirected-random-small, 190000, 2, 42, 20
undirected-random-small, 20000, undirected-random-small, 200000, 0, 52, 12
undirected-random-small, 20000, undirected-random-small, 210000, 2, 46, 16
undirected-random-small, 20000, undirected-random-small, 220000, 4, 38, 22
undirected-random-small, 20000, undirected-random-small, 30000, 11, 30, 23
undirected-random-small, 20000, undirected-random-small, 30000, 19, 24, 21
undirected-random-small, 20000, undirected-random-small, 40000, 10, 32, 22
undirected-random-small, 20000, undirected-random-small, 40000, 13, 26, 25
undirected-random-small, 20000, undirected-random-small, 40000, 5, 32, 27
undirected-random-small, 20000, undirected-random-small, 40000, 7, 26, 31
undirected-random-small, 20000, undirected-random-small, 40000, 8, 26, 30
undirected-random-small, 20000, undirected-random-small, 40000, 8, 28, 28
undirected-random-small, 20000, undirected-random-small, 50000, 6, 30, 28
undirected-random-small, 20000, undirected-random-small, 60000, 2, 32, 30
undirected-random-small, 20000, undirected-random-small, 60000, 2, 40, 22
undirected-random-small, 20000, undirected-random-small, 60000, 4, 36, 24
undirected-random-small, 20000, undirected-random-small, 60000, 4, 38, 22
undirected-random-small, 20000, undirected-random-small, 60000, 5, 34, 25
undirected-random-small, 20000, undirected-random-small, 60000, 5, 35, 24
undirected-random-small, 20000, undirected-random-small, 60000, 6, 34, 24
undirected-random-small, 20000, undirected-random-small, 60000, 7, 28, 29
undirected-random-small, 20000, undirected-random-small, 60000, 9, 26, 29
undirected-random-small, 20000, undirected-random-small, 70000, 2, 32, 30
undirected-random-small, 20000, undirected-random-small, 70000, 4, 33, 27
undirected-random-small, 20000, undirected-random-small, 70000, 4, 34, 26
undirected-random-small, 20000, undirected-random-small, 70000, 5, 37, 22
undirected-random-small, 20000, undirected-random-small, 70000, 5, 39, 20
undirected-random-small, 20000, undirected-random-small, 70000, 6, 34, 24
undirected-random-small, 20000, undirected-random-small, 80000, 2, 41, 21
undirected-random-small, 20000, undirected-random-small, 80000, 5, 40, 19
undirected-random-small, 20000, undirected-random-small, 80000, 5, 44, 15
undirected-random-small, 20000, undirected-random-small, 80000, 5, 47, 12
undirected-random-small, 20000, undirected-random-small, 80000, 6, 30, 28
undirected-random-small, 20000, undirected-random-small, 80000, 8, 38, 18
undirected-random-small, 20000, undirected-random-small, 90000, 2, 38, 24
undirected-random-small, 20000, undirected-random-small, 90000, 2, 42, 20
undirected-random-small, 20000, undirected-random-small, 90000, 3, 34, 27
undirected-random-small, 20000, undirected-random-small, 90000, 3, 46, 15
undirected-random-small, 20000, undirected-random-small, 90000, 5, 47, 12
undirected-random-small, 200000, undirected-random-small, 0, 64, 0, 0
undirected-random-small, 200000, undirected-random-small, 0, 64, 0, 0
undirected-random-small, 200000, undirected-random-small, 10000, 61, 2, 1
undirected-random-small, 200000, undirected-random-small, 10000, 61, 2, 1
undirected-random-small, 200000, undirected-random-small, 10000, 62, 1, 1
undirected-random-small, 200000, undirected-random-small, 120000, 32, 8, 24
undirected-random-small, 200000, undirected-random-small, 120000, 39, 2, 23
undirected-random-small, 200000, undirected-random-small, 120000, 41, 3, 20
undirected-random-small, 200000, undirected-random-small, 120000, 44, 4, 16
undirected-random-small, 200000, undirected-random-small, 140000, 42, 0, 22
undirected-random-small, 200000, undirected-random-small, 170000, 29, 6, 29
undirected-random-small, 200000, undirected-random-small, 170000, 38, 6, 20
undirected-random-small, 200000, undirected-random-small, 180000, 39, 7, 18
undirected-random-small, 200000, undirected-random-small, 190000, 31, 5, 28
undirected-random-small, 200000, undirected-random-small, 20000, 54, 0, 10
undirected-random-small, 200000, undirected-random-small, 210000, 13, 8, 43
undirected-random-small, 200000, undirected-random-small, 210000, 17, 10, 37
undirected-random-small, 200000, undirected-random-small, 230000, 9, 12, 43
undirected-random-small, 200000, undirected-random-small, 280000, 13, 15, 36
undirected-random-small, 200000, undirected-random-small, 290000, 13, 19, 32
undirected-random-small, 200000, undirected-random-small, 290000, 8, 17, 39
undirected-random-small, 200000, undirected-random-small, 30000, 57, 1, 6
undirected-random-small, 200000, undirected-random-small, 30000, 60, 2, 2
undirected-random-small, 200000, undirected-random-small, 300000, 18, 16, 30
undirected-random-small, 200000, undirected-random-small, 40000, 58, 4, 2
undirected-random-small, 200000, undirected-random-small, 70000, 49, 0, 15
undirected-random-small, 200000, undirected-random-small, 70000, 53, 2, 9
undirected-random-small, 200000, undirected-random-small, 70000, 54, 0, 10
undirected-random-small, 200000, undirected-random-small, 80000, 43, 3, 18
undirected-random-small, 200000, undirected-random-small, 80000, 51, 3, 10
undirected-random-small, 200000, undirected-random-small, 90000, 45, 3, 16
undirected-random-small, 210000, undirected-random-small, 0, 64, 0, 0
undirected-random-small, 210000, undirected-random-small, 100000, 49, 1, 14
undirected-random-small, 210000, undirected-random-small, 110000, 41, 1, 22
undirected-random-small, 210000, undirected-random-small, 120000, 39, 4, 21
undirected-random-small, 210000, undirected-random-small, 120000, 46, 1, 17
undirected-random-small, 210000, undirected-random-small, 150000, 36, 4, 24
undirected-random-small, 210000, undirected-random-small, 170000, 41, 4, 19
undirected-random-small, 210000, undirected-random-small, 20000, 59, 1, 4
undirected-random-small, 210000, undirected-random-small, 200000, 30, 4, 30
undirected-random-small, 210000, undirected-random-small, 200000, 33, 6, 25
undirected-random-small, 210000, undirected-random-small, 240000, 11, 10, 43
undirected-random-small, 210000, undirected-random-small, 240000, 15, 11, 38
undirected-random-small, 210000, undirected-random-small, 250000, 7, 13, 44
undirected-random-small, 210000, undirected-random-small, 260000, 11, 6, 47
undirected-random-small, 210000, undirected-random-small, 260000, 9, 10, 45
undirected-random-small, 210000, undirected-random-small, 290000, 14, 9, 41
undirected-random-small, 210000, undirected-random-small, 30000, 60, 1, 3
undirected-random-small, 220000, undirected-random-small, 10000, 60, 2, 2
undirected-random-small, 220000, undirected-random-small, 120000, 41, 4, 19
undirected-random-small, 220000, undirected-random-small, 120000, 44, 1, 19
undirected-random-small, 220000, undirected-random-small, 120000, 46, 3, 15
undirected-random-small, 220000, undirected-random-small, 140000, 41, 1, 22
undirected-random-small, 220000, undirected-random-small, 160000, 38, 2, 24
undirected-random-small, 220000, undirected-random-small, 190000, 25, 6, 33
undirected-random-small, 220000, undirected-random-small, 20000, 58, 0, 6
undirected-random-small, 220000, undirected-random-small, 250000, 12, 12, 40
undirected-random-small, 220000, undirected-random-small, 260000, 12, 12, 40
undirected-random-small, 220000, undirected-random-small, 260000, 13, 14, 37
undirected-random-small, 220000, undirected-random-small, 280000, 16, 12, 36
undirected-random-small, 220000, undirected-random-small, 290000, 12, 12, 40
undirected-random-small, 220000, undirected-random-small, 30000, 60, 0, 4
undirected-random-small, 220000, undirected-random-small, 300000, 5, 13, 46
undirected-random-small, 220000, undirected-random-small, 40000, 48, 0, 16
undirected-random-small, 220000, undirected-random-small, 50000, 42, 3, 19
undirected-random-small, 220000, undirected-random-small, 50000, 48, 2, 14
undirected-random-small, 220000, undirected-random-small, 70000, 47, 0, 17
undirected-random-small, 220000, undirected-random-small, 80000, 40, 4, 20
undirected-random-small, 220000, undirected-random-small, 90000, 53, 1, 10
undirected-random-small, 230000, undirected-random-small, 150000, 47, 1, 16
undirected-random-small, 230000, undirected-random-small, 180000, 36, 4, 24
undirected-random-small, 230000, undirected-random-small, 180000, 40, 4, 20
undirected-random-small, 230000, undirected-random-small, 200000, 36, 4, 24
undirected-random-small, 230000, undirected-random-small, 240000, 19, 11, 34
undirected-random-small, 230000, undirected-random-small, 260000, 19, 11, 34
undirected-random-small, 230000, undirected-random-small, 30000, 55, 2, 7
undirected-random-small, 230000, undirected-random-small, 30000, 57, 1, 6
undirected-random-small, 230000, undirected-random-small, 40000, 55, 1, 8
undirected-random-small, 230000, undirected-random-small, 40000, 57, 3, 4
undirected-random-small, 230000, undirected-random-small, 50000, 50, 3, 11
undirected-random-small, 230000, undirected-random-small, 90000, 42, 7, 15
undirected-random-small, 240000, undirected-random-small, 10000, 59, 3, 2
undirected-random-small, 240000, undirected-random-small, 130000, 45, 0, 19
undirected-random-small, 240000, undirected-random-small, 150000, 41, 2, 21
undirected-random-small, 240000, undirected-random-small, 160000, 44, 0, 20
undirected-random-small, 240000, undirected-random-small, 160000, 49, 1, 14
undirected-random-small, 240000, undirected-random-small, 190000, 29, 3, 32
undirected-random-small, 240000, undirected-random-small, 210000, 29, 3, 32
undirected-random-small, 240000, undirected-random-small, 210000, 34, 5, 25
undirected-random-small, 240000, undirected-random-small, 230000, 32, 3, 29
undirected-random-small, 240000, undirected-random-small, 260000, 11, 6, 47
undirected-random-small, 240000, undirected-random-small, 260000, 11, 8, 45
undirected-random-small, 240000, undirected-random-small, 260000, 12, 8, 44
undirected-random-small, 240000, undirected-random-small, 270000, 9, 8, 47
undirected-random-small, 250000, undirected-random-small, 0, 64, 0, 0
undirected-random-small, 250000, undirected-random-small, 110000, 43, 0, 21
undirected-random-small, 250000, undirected-random-small, 140000, 48, 5, 11
undirected-random-small, 250000, undirected-random-small, 150000, 36, 2, 26
undirected-random-small, 250000, undirected-random-small, 210000, 24, 3, 37
undirected-random-small, 250000, undirected-random-small, 220000, 33, 6, 25
undirected-random-small, 250000, undirected-random-small, 260000, 18, 11, 35
undirected-random-small, 250000, undirected-random-small, 290000, 14, 7, 43
undirected-random-small, 250000, undirected-random-small, 40000, 59, 0, 5
undirected-random-small, 250000, undirected-random-small, 90000, 52, 1, 11
undirected-random-small, 260000, undirected-random-small, 10000, 60, 4, 0
undirected-random-small, 260000, undirected-random-small, 110000, 42, 2, 20
undirected-random-small, 260000, undirected-random-small, 110000, 47, 3, 14
undirected-random-small, 260000, undirected-random-small, 210000, 27, 8, 29
undirected-random-small, 260000, undirected-random-small, 210000, 41, 3, 20
undirected-random-small, 260000, undirected-random-small, 220000, 32, 2, 30
undirected-random-small, 260000, undirected-random-small, 220000, 33, 3, 28
undirected-random-small, 260000, undirected-random-small, 230000, 38, 3, 23
undirected-random-small, 260000, undirected-random-small, 240000, 24, 2, 38
undirected-random-small, 260000, undirected-random-small, 240000, 30, 1, 33
undirected-random-small, 260000, undirected-random-small, 240000, 31, 1, 32
undirected-random-small, 260000, undirected-random-small, 250000, 34, 3, 27
undirected-random-small, 260000, undirected-random-small, 290000, 9, 8, 47
undirected-random-small, 260000, undirected-random-small, 50000, 54, 1, 9
undirected-random-small, 270000, undirected-random-small, 100000, 46, 1, 17
undirected-random-small, 270000, undirected-random-small, 130000, 50, 2, 12
undirected-random-small, 270000, undirected-random-small, 130000, 55, 0, 9
undirected-random-small, 270000, undirected-random-small, 240000, 29, 4, 31
undirected-random-small, 270000, undirected-random-small, 30000, 54, 0, 10
undirected-random-small, 270000, undirected-random-small, 40000, 51, 3, 10
undirected-random-small, 270000, undirected-random-small, 50000, 49, 4, 11
undirected-random-small, 270000, undirected-random-small, 60000, 39, 2, 23
undirected-random-small, 270000, undirected-random-small, 70000, 45, 3, 16
undirected-random-small, 280000, undirected-random-small, 10000, 57, 2, 5
undirected-random-small, 280000, undirected-random-small, 150000, 48, 0, 16
undirected-random-small, 280000, undirected-random-small, 160000, 42, 1, 21
undirected-random-small, 280000, undirected-random-small, 180000, 40, 0, 24
undirected-random-small, 280000, undirected-random-small, 190000, 24, 3, 37
undirected-random-small, 280000, undirected-random-small, 200000, 34, 0, 30
undirected-random-small, 280000, undirected-random-small, 220000, 36, 4, 24
undirected-random-small, 280000, undirected-random-small, 30000, 57, 2, 5
undirected-random-small, 280000, undirected-random-small, 300000, 13, 8, 43
undirected-random-small, 280000, undirected-random-small, 70000, 54, 1, 9
undirected-random-small, 290000, undirected-random-small, 0, 64, 0, 0
undirected-random-small, 290000, undirected-random-small, 0, 64, 0, 0
undirected-random-small, 290000, undirected-random-small, 110000, 45, 1, 18
undirected-random-small, 290000, undirected-random-small, 170000, 34, 3, 27
undirected-random-small, 290000, undirected-random-small, 180000, 36, 8, 20
undirected-random-small, 290000, undirected-random-small, 180000, 38, 2, 24
undirected-random-small, 290000, undirected-random-small, 200000, 31, 8, 25
undirected-random-small, 290000, undirected-random-small, 200000, 33, 2, 29
undirected-random-small, 290000, undirected-random-small, 210000, 33, 1, 30
undirected-random-small, 290000, undirected-random-small, 220000, 29, 1, 34
undirected-random-small, 290000, undirected-random-small, 250000, 31, 2, 31
undirected-random-small, 290000, undirected-random-small, 260000, 31, 3, 30
undirected-random-small, 290000, undirected-random-small, 40000, 57, 0, 7
undirected-random-small, 290000, undirected-random-small, 40000, 59, 0, 5
undirected-random-small, 290000, undirected-random-small, 80000, 42, 1, 21
undirected-random-small, 290000, undirected-random-small, 80000, 46, 1, 17
undirected-random-small, 290000, undirected-random-small, 90000, 46, 2, 16
undirected-random-small, 30000, undirected-random-small, 0, 64, 0, 0
undirected-random-small, 30000, undirected-random-small, 0, 64, 0, 0
undirected-random-small, 30000, undirected-random-small, 0, 64, 0, 0
undirected-random-small, 30000, undirected-random-small, 0, 64, 0, 0
undirected-random-small, 30000, undirected-random-small, 0, 64, 0, 0
undirected-random-small, 30000, undirected-random-small, 0, 64, 0, 0
undirected-random-small, 30000, undirected-random-small, 10000, 52, 3, 9
undirected-random-small, 30000, undirected-random-small, 10000, 54, 0, 10
undirected-random-small, 30000, undirected-random-small, 100000, 1, 28, 35
undirected-random-small, 30000, undirected-random-small, 100000, 1, 37, 26
undirected-random-small, 30000, undirected-random-small, 100000, 6, 21, 37
undirected-random-small, 30000, undirected-random-small, 100000, 6, 29, 29
undirected-random-small, 30000, undirected-random-small, 100000, 8, 27, 29
undirected-random-small, 30000, undirected-random-small, 110000, 3, 24, 37
undirected-random-small, 30000, undirected-random-small, 110000, 5, 28, 31
undirected-random-small, 30000, undirected-random-small, 110000, 6, 28, 30
undirected-random-small, 30000, undirected-random-small, 110000, 6, 28, 30
undirected-random-small, 30000, undirected-random-small, 120000, 1, 31, 32
undirected-random-small, 30000, undirected-random-small, 120000, 1, 37, 26
undirected-random-small, 30000, undirected-random-small, 120000, 4, 21, 39
undirected-random-small, 30000, undirected-random-small, 120000, 6, 26, 32
undirected-random-small, 30000, undirected-random-small, 140000, 3, 32, 29
undirected-random-small, 30000, undirected-random-small, 150000, 3, 34, 27
undirected-random-small, 30000, undirected-random-small, 160000, 1, 29, 34
undirected-random-small, 30000, undirected-random-small, 160000, 1, 36, 27
undirected-random-small, 30000, undirected-random-small, 180000, 1, 35, 28
undirected-random-small, 30000, undirected-random-small, 180000, 3, 36, 25
undirected-random-small, 30000, undirected-random-small, 20000, 45, 3, 16
undirected-random-small, 30000, undirected-random-small, 20000, 54, 2, 8
undirected-random-small, 30000, undirected-random-small, 200000, 1, 35, 28
undirected-random-small, 30000, undirected-random-small, 200000, 4, 39, 21
undirected-random-small, 30000, undirected-random-small, 210000, 2, 29, 33
undirected-random-small, 30000, undirected-random-small, 220000, 0, 34, 30
undirected-random-small, 30000, undirected-random-small, 230000, 0, 36, 28
undirected-random-small, 30000, undirected-random-small, 230000, 2, 32, 30
undirected-random-small, 30000, undirected-random-small, 270000, 2, 34, 28
undirected-random-small, 30000, undirected-random-small, 280000, 0, 31, 33
undirected-random-small, 30000, undirected-random-small, 300000, 1, 33, 30
undirected-random-small, 30000, undirected-random-small, 40000, 10, 26, 28
undirected-random-small, 30000, undirected-random-small, 40000, 12, 14, 38
undirected-random-small, 30000, undirected-random-small, 40000, 12, 16, 36
undirected-random-small, 30000, undirected-random-small, 40000, 12, 21, 31
undirected-random-small, 30000, undirected-random-small, 40000, 13, 22, 29
undirected-random-small, 30000, undirected-random-small, 40000, 14, 21, 29
undirected-random-small, 30000, undirected-random-small, 40000, 6, 19, 39
undirected-random-small, 30000, undirected-random-small, 40000, 9, 20, 35
undirected-random-small, 30000, undirected-random-small, 40000, 9, 21, 34
undirected-random-small, 30000, undirected-random-small, 40000, 9, 21, 34
undirected-random-small, 30000, undirected-random-small, 50000, 10, 29, 25
undirected-random-small, 30000, undirected-random-small, 50000, 12, 21, 31
undirected-random-small, 30000, undirected-random-small, 50000, 5, 21, 38
undirected-random-small, 30000, undirected-random-small, 50000, 8, 20, 36
undirected-random-small, 30000, undirected-random-small, 50000, 8, 29, 27
undirected-random-small, 30000, undirected-random-small, 50000, 9, 25, 30
undirected-random-small, 30000, undirected-random-small, 50000, 9, 25, 30
undirected-random-small, 30000, undirected-random-small, 70000, 10, 25, 29
undirected-random-small, 30000, undirected-random-small, 70000, 15, 23, 26
undirected-random-small, 30000, undirected-random-small, 70000, 9, 27, 28
undirected-random-small, 30000, undirected-random-small, 80000, 2, 35, 27
undirected-random-small, 30000, undirected-random-small, 80000, 3, 36, 25
undirected-random-small, 30000, undirected-random-small, 80000, 5, 34, 25
undirected-random-small, 30000, undirected-random-small, 80000, 9, 40, 15
undirected-random-small, 30000, undirected-random-small, 90000, 5, 39, 20
undirected-random-small, 30000, undirected-random-small, 90000, 6, 27, 31
undirected-random-small, 30000, undirected-random-small, 90000, 6, 36, 22
undirected-random-small, 30000, undirected-random-small, 90000, 8, 30, 26
undirected-random-small, 300000, undirected-random-small, 140000, 43, 2, 19
undirected-random-small, 300000, undirected-random-small, 150000, 35, 0, 29
undirected-random-small, 300000, undirected-random-small, 160000, 41, 4, 19
undirected-random-small, 300000, undirected-random-small, 200000, 38, 1, 25
undirected-random-small, 300000, undirected-random-small, 220000, 38, 2, 24
undirected-random-small, 300000, undirected-random-small, 280000, 27, 10, 27
undirected-random-small, 300000, undirected-random-small, 30000, 56, 0, 8
undirected-random-small, 40000, undirected-random-small, 0, 64, 0, 0
undirected-random-small, 40000, undirected-random-small, 0, 64, 0, 0
undirected-random-small, 40000, undirected-random-small, 10000, 52, 0, 12
undirected-random-small, 40000, undirected-random-small, 10000, 55, 4, 5
undirected-random-small, 40000, undirected-random-small, 10000, 56, 2, 6
undirected-random-small, 40000, undirected-random-small, 10000, 56, 3, 5
undirected-random-small, 40000, undirected-random-small, 10000, 56, 4, 4
undirected-random-small, 40000, undirected-random-small, 10000, 58, 1, 5
undirected-random-small, 40000, undirected-random-small, 100000, 15, 29, 20
undirected-random-small, 40000, undirected-random-small, 100000, 4, 24, 36
undirected-random-small, 40000, undirected-random-small, 100000, 6, 26, 32
undirected-random-small, 40000, undirected-random-small, 110000, 12, 26, 26
undirected-random-small, 40000, undirected-random-small, 110000, 7, 23, 34
undirected-random-small, 40000, undirected-random-small, 120000, 3, 37, 24
undirected-random-small, 40000, undirected-random-small, 120000, 4, 27, 33
undirected-random-small, 40000, undirected-random-small, 120000, 5, 32, 27
undirected-random-small, 40000, undirected-random-small, 130000, 1, 23, 40
undirected-random-small, 40000, undirected-random-small, 140000, 5, 36, 23
undirected-random-small, 40000, undirected-random-small, 140000, 6, 34, 24
undirected-random-small, 40000, undirected-random-small, 160000, 5, 26, 33
undirected-random-small, 40000, undirected-random-small, 160000, 7, 25, 32
undirected-random-small, 40000, undirected-random-small, 180000, 3, 28, 33
undirected-random-small, 40000, undirected-random-small, 180000, 4, 33, 27
undirected-random-small, 40000, undirected-random-small, 180000, 5, 39, 20
undirected-random-small, 40000, undirected-random-small, 20000, 42, 6, 16
undirected-random-small, 40000, undirected-random-small, 20000, 48, 2, 14
undirected-random-small, 40000, undirected-random-small, 20000, 51, 1, 12
undirected-random-small, 40000, undirected-random-small, 20000, 52, 2, 10
undirected-random-small, 40000, undirected-random-small, 20000, 52, 5, 7
undirected-random-small, 40000, undirected-random-small, 20000, 55, 3, 6
undirected-random-small, 40000, undirected-random-small, 200000, 7, 32, 25
undirected-random-small, 40000, undirected-random-small, 220000, 6, 41, 17
undirected-random-small, 40000, undirected-random-small, 230000, 2, 30, 32
undirected-random-small, 40000, undirected-random-small, 230000, 3, 27, 34
undirected-random-small, 40000, undirected-random-small, 250000, 1, 25, 38
undirected-random-small, 40000, undirected-random-small, 270000, 3, 38, 23
undirected-random-small, 40000, undirected-random-small, 290000, 2, 35, 27
undirected-random-small, 40000, undirected-random-small, 290000, 2, 40, 22
undirected-random-small, 40000, undirected-random-small, 30000, 32, 8, 24
undirected-random-small, 40000, undirected-random-small, 30000, 36, 8, 20
undirected-random-small, 40000, undirected-random-small, 30000, 37, 11, 16
undirected-random-small, 40000, undirected-random-small, 30000, 37, 3, 24
undirected-random-small, 40000, undirected-random-small, 30000, 37, 5, 22
undirected-random-small, 40000, undirected-random-small, 30000, 38, 6, 20
undirected-random-small, 40000, undirected-random-small, 30000, 39, 7, 18
undirected-random-small, 40000, undirected-random-small, 30000, 40, 10, 14
undirected-random-small, 40000, undirected-random-small, 30000, 41, 4, 19
undirected-random-small, 40000, undirected-random-small, 30000, 41, 4, 19
undirected-random-small, 40000, undirected-random-small, 50000, 13, 12, 39
undirected-random-small, 40000, undirected-random-small, 50000, 14, 18, 32
undirected-random-small, 40000, undirected-random-small, 50000, 15, 17, 32
undirected-random-small, 40000, undirected-random-small, 50000, 16, 20, 28
undirected-random-small, 40000, undirected-random-small, 50000, 19, 19, 26
undirected-random-small, 40000, undirected-random-small, 60000, 12, 24, 28
undirected-random-small, 40000, undirected-random-small, 60000, 14, 20, 30
undirected-random-small, 40000, undirected-random-small, 60000, 15, 15, 34
undirected-random-small, 40000, undirected-random-small, 60000, 15, 22, 27
undirected-random-small, 40000, undirected-random-small, 60000, 17, 22, 25
undirected-random-small, 40000, undirected-random-small, 70000, 10, 25, 29
undirected-random-small, 40000, undirected-random-small, 70000, 11, 26, 27
undirected-random-small, 40000, undirected-random-small, 70000, 12, 23, 29
undirected-random-small, 40000, undirected-random-small, 70000, 14, 17, 33
undirected-random-small, 40000, undirected-random-small, 70000, 17, 21, 26
undirected-random-small, 40000, undirected-random-small, 70000, 7, 22, 35
undirected-random-small, 40000, undirected-random-small, 70000, 9, 25, 30
undirected-random-small, 40000, undirected-random-small, 80000, 14, 29, 21
undirected-random-small, 40000, undirected-random-small, 80000, 9, 22, 33
undirected-random-small, 40000, undirected-random-small, 90000, 5, 23, 36
undirected-random-small, 40000, undirected-random-small, 90000, 5, 27, 32
undirected-random-small, 40000, undirected-random-small, 90000, 7, 23, 34
undirected-random-small, 50000, undirected-random-small, 0, 64, 0, 0
undirected-random-small, 50000, undirected-random-small, 0, 64, 0, 0
undirected-random-small, 50000, undirected-random-small, 0, 64, 0, 0
undirected-random-small, 50000, undirected-random-small, 0, 64, 0, 0
undirected-random-small, 50000, undirected-random-small, 0, 64, 0, 0
undirected-random-small, 50000, undirected-random-small, 10000, 55, 5, 4
undirected-random-small, 50000, undirected-random-small, 10000, 59, 1, 4
undirected-random-small, 50000, undirected-random-small, 10000, 59, 1, 4
undirected-random-small, 50000, undirected-random-small, 10000, 60, 0, 4
undirected-random-small, 50000, undirected-random-small, 10000, 60, 3, 1
undirected-random-small, 50000, undirected-random-small, 100000, 10, 26, 28
undirected-random-small, 50000, undirected-random-small, 100000, 11, 30, 23
undirected-random-small, 50000, undirected-random-small, 100000, 12, 31, 21
undirected-random-small, 50000, undirected-random-small, 100000, 15, 23, 26
undirected-random-small, 50000, undirected-random-small, 110000, 12, 28, 24
undirected-random-small, 50000, undirected-random-small, 110000, 15, 21, 28
undirected-random-small, 50000, undirected-random-small, 110000, 7, 29, 28
undirected-random-small, 50000, undirected-random-small, 120000, 5, 22, 37
undirected-random-small, 50000, undirected-random-small, 120000, 7, 29, 28
undirected-random-small, 50000, undirected-random-small, 130000, 3, 32, 29
undirected-random-small, 50000, undirected-random-small, 140000, 0, 36, 28
undirected-random-small, 50000, undirected-random-small, 150000, 3, 30, 31
undirected-random-small, 50000, undirected-random-small, 150000, 4, 31, 29
undirected-random-small, 50000, undirected-random-small, 150000, 6, 30, 28
undirected-random-small, 50000, undirected-random-small, 160000, 2, 33, 29
undirected-random-small, 50000, undirected-random-small, 160000, 4, 33, 27
undirected-random-small, 50000, undirected-random-small, 170000, 5, 33, 26
undirected-random-small, 50000, undirected-random-small, 20000, 50, 4, 10
undirected-random-small, 50000, undirected-random-small, 220000, 1, 30, 33
undirected-random-small, 50000, undirected-random-small, 220000, 6, 31, 27
undirected-random-small, 50000, undirected-random-small, 230000, 8, 37, 19
undirected-random-small, 50000, undirected-random-small, 260000, 3, 24, 37
undirected-random-small, 50000, undirected-random-small, 270000, 8, 28, 28
undirected-random-small, 50000, undirected-random-small, 30000, 43, 7, 14
undirected-random-small, 50000, undirected-random-small, 30000, 45, 3, 16
undirected-random-small, 50000, undirected-random-small, 30000, 46, 5, 13
undirected-random-small, 50000, undirected-random-small, 30000, 46, 7, 11
undirected-random-small, 50000, undirected-random-small, 30000, 49, 5, 10
undirected-random-small, 50000, undirected-random-small, 30000, 50, 5, 9
undirected-random-small, 50000, undirected-random-small, 30000, 52, 4, 8
undirected-random-small, 50000, undirected-random-small, 40000, 36, 12, 16
undirected-random-small, 50000, undirected-random-small, 40000, 37, 13, 14
undirected-random-small, 50000, undirected-random-small, 40000, 39, 11, 14
undirected-random-small, 50000, undirected-random-small, 40000, 40, 8, 16
undirected-random-small, 50000, undirected-random-small, 40000, 43, 5, 16
undirected-random-small, 50000, undirected-random-small, 60000, 22, 10, 32
undirected-random-small, 50000, undirected-random-small, 60000, 22, 11, 31
undirected-random-small, 50000, undirected-random-small, 60000, 23, 11, 30
undirected-random-small, 50000, undirected-random-small, 60000, 23, 16, 25
undirected-random-small, 50000, undirected-random-small, 60000, 24, 16, 24
undirected-random-small, 50000, undirected-random-small, 60000, 25, 11, 28
undirected-random-small, 50000, undirected-random-small, 60000, 26, 9, 29
undirected-random-small, 50000, undirected-random-small, 60000, 33, 8, 23
undirected-random-small, 50000, undirected-random-small, 60000, 35, 9, 20
undirected-random-small, 50000, undirected-random-small, 70000, 14, 11, 39
undirected-random-small, 50000, undirected-random-small, 70000, 15, 15, 34
undirected-random-small, 50000, undirected-random-small, 70000, 15, 18, 31
undirected-random-small, 50000, undirected-random-small, 70000, 15, 21, 28
undirected-random-small, 50000, undirected-random-small, 70000, 17, 15, 32
undirected-random-small, 50000, undirected-random-small, 70000, 18, 14, 32
undirected-random-small, 50000, undirected-random-small, 70000, 18, 15, 31
undirected-random-small, 50000, undirected-random-small, 70000, 19, 16, 29
undirected-random-small, 50000, undirected-random-small, 70000, 19, 18, 27
undirected-random-small, 50000, undirected-random-small, 80000, 10, 20, 34
undirected-random-small, 50000, undirected-random-small, 80000, 12, 18, 34
undirected-random-small, 50000, undirected-random-small, 80000, 12, 19, 33
undirected-random-small, 50000, undirected-random-small, 80000, 12, 20, 32
undirected-random-small, 50000, undirected-random-small, 80000, 8, 21, 35
undirected-random-small, 50000, undirected-random-small, 80000, 8, 22, 34
undirected-random-small, 50000, undirected-random-small, 80000, 9, 16, 39
undirected-random-small, 50000, undirected-random-small, 90000, 12, 21, 31
undirected-random-small, 50000, undirected-random-small, 90000, 13, 19, 32
undirected-random-small, 50000, undirected-random-small, 90000, 14, 15, 35
undirected-random-small, 50000, undirected-random-small, 90000, 16, 21, 27
undirected-random-small, 50000, undirected-random-small, 90000, 6, 20, 38
undirected-random-small, 50000, undirected-random-small, 90000, 7, 19, 38
undirected-random-small, 60000, undirected-random-small, 0, 64, 0, 0
undirected-random-small, 60000, undirected-random-small, 0, 64, 0, 0
undirected-random-small, 60000, undirected-random-small, 0, 64, 0, 0
undirected-random-small, 60000, undirected-random-small, 0, 64, 0, 0
undirected-random-small, 60000, undirected-random-small, 10000, 60, 1, 3
undirected-random-small, 60000, undirected-random-small, 10000, 60, 2, 2
undirected-random-small, 60000, undirected-random-small, 10000, 62, 1, 1
undirected-random-small, 60000, undirected-random-small, 10000, 63, 1, 0
undirected-random-small, 60000, undirected-random-small, 100000, 10, 27, 27
undirected-random-small, 60000, undirected-random-small, 100000, 12, 21, 31
undirected-random-small, 60000, undirected-random-small, 100000, 12, 26, 26
undirected-random-small, 60000, undirected-random-small, 100000, 13, 25, 26
undirected-random-small, 60000, undirected-random-small, 100000, 13, 28, 23
undirected-random-small, 60000, undirected-random-small, 100000, 7, 21, 36
undirected-random-small, 60000, undirected-random-small, 110000, 12, 18, 34
undirected-random-small, 60000, undirected-random-small, 110000, 14, 22, 28
undirected-random-small, 60000, undirected-random-small, 110000, 6, 22, 36
undirected-random-small, 60000, undirected-random-small, 110000, 9, 20, 35
undirected-random-small, 60000, undirected-random-small, 120000, 3, 25, 36
undirected-random-small, 60000, undirected-random-small, 120000, 6, 23, 35
undirected-random-small, 60000, undirected-random-small, 120000, 7, 29, 28
undirected-random-small, 60000, undirected-random-small, 120000, 9, 23, 32
undirected-random-small, 60000, undirected-random-small, 120000, 9, 29, 26
undirected-random-small, 60000, undirected-random-small, 130000, 7, 28, 29
undirected-random-small, 60000, undirected-random-small, 130000, 7, 30, 27
undirected-random-small, 60000, undirected-random-small, 140000, 6, 25, 33
undirected-random-small, 60000, undirected-random-small, 150000, 2, 27, 35
undirected-random-small, 60000, undirected-random-small, 150000, 9, 30, 25
undirected-random-small, 60000, undirected-random-small, 160000, 1, 34, 29
undirected-random-small, 60000, undirected-random-small, 160000, 3, 33, 28
undirected-random-small, 60000, undirected-random-small, 170000, 4, 30, 30
undirected-random-small, 60000, undirected-random-small, 20000, 47, 3, 14
undirected-random-small, 60000, undirected-random-small, 20000, 50, 2, 12
undirected-random-small, 60000, undirected-random-small, 20000, 50, 2, 12
undirected-random-small, 60000, undirected-random-small, 20000, 51, 2, 11
undirected-random-small, 60000, undirected-random-small, 20000, 54, 0, 10
undirected-random-small, 60000, undirected-random-small, 20000, 55, 2, 7
undirected-random-small, 60000, undirected-random-small, 20000, 56, 2, 6
undirected-random-small, 60000, undirected-random-small, 20000, 57, 3, 4
undirected-random-small, 60000, undirected-random-small, 20000, 58, 1, 5
undirected-random-small, 60000, undirected-random-small, 270000, 1, 35, 28
undirected-random-small, 60000, undirected-random-small, 40000, 26, 11, 27
undirected-random-small, 60000, undirected-random-small, 40000, 29, 7, 28
undirected-random-small, 60000, undirected-random-small, 40000, 32, 10, 22
undirected-random-small, 60000, undirected-random-small, 40000, 33, 9, 22
undirected-random-small, 60000, undirected-random-small, 40000, 36, 9, 19
undirected-random-small, 60000, undirected-random-small, 50000, 18, 10, 36
undirected-random-small, 60000, undirected-random-small, 50000, 21, 11, 32
undirected-random-small, 60000, undirected-random-small, 50000, 23, 9, 32
undirected-random-small, 60000, undirected-random-small, 50000, 24, 12, 28
undirected-random-small, 60000, undirected-random-small, 50000, 25, 6, 33
undirected-random-small, 60000, undirected-random-small, 50000, 25, 7, 32
undirected-random-small, 60000, undirected-random-small, 50000, 26, 8, 30
undirected-random-small, 60000, undirected-random-small, 50000, 27, 9, 28
undirected-random-small, 60000, undirected-random-small, 50000, 32, 6, 26
undirected-random-small, 60000, undirected-random-small, 70000, 19, 9, 36
undirected-random-small, 60000, undirected-random-small, 80000, 14, 17, 33
undirected-random-small, 60000, undirected-random-small, 80000, 17, 12, 35
undirected-random-small, 60000, undirected-random-small, 80000, 17, 8, 39
undirected-random-small, 60000, undirected-random-small, 80000, 8, 27, 29
undirected-random-small, 60000, undirected-random-small, 90000, 10, 28, 26
undirected-random-small, 60000, undirected-random-small, 90000, 15, 23, 26
undirected-random-small, 70000, undirected-random-small, 0, 64, 0, 0
undirected-random-small, 70000, undirected-random-small, 0, 64, 0, 0
undirected-random-small, 70000, undirected-random-small, 0, 64, 0, 0
undirected-random-small, 70000, undirected-random-small, 0, 64, 0, 0
undirected-random-small, 70000, undirected-random-small, 0, 64, 0, 0
undirected-random-small, 70000, undirected-random-small, 0, 64, 0, 0
undirected-random-small, 70000, undirected-random-small, 10000, 54, 2, 8
undirected-random-small, 70000, undirected-random-small, 10000, 56, 0, 8
undirected-random-small, 70000, undirected-random-small, 10000, 56, 1, 7
undirected-random-small, 70000, undirected-random-small, 10000, 57, 0, 7
undirected-random-small, 70000, undirected-random-small, 10000, 59, 0, 5
undirected-random-small, 70000, undirected-random-small, 10000, 59, 1, 4
undirected-random-small, 70000, undirected-random-small, 10000, 60, 1, 3
undirected-random-small, 70000, undirected-random-small, 100000, 11, 29, 24
undirected-random-small, 70000, undirected-random-small, 100000, 6, 23, 35
undirected-random-small, 70000, undirected-random-small, 100000, 9, 17, 38
undirected-random-small, 70000, undirected-random-small, 110000, 14, 25, 25
undirected-random-small, 70000, undirected-random-small, 110000, 14, 25, 25
undirected-random-small, 70000, undirected-random-small, 120000, 11, 31, 22
undirected-random-small, 70000, undirected-random-small, 120000, 7, 19, 38
undirected-random-small, 70000, undirected-random-small, 130000, 12, 11, 41
undirected-random-small, 70000, undirected-random-small, 130000, 8, 16, 40
undirected-random-small, 70000, undirected-random-small, 140000, 8, 26, 30
undirected-random-small, 70000, undirected-random-small, 140000, 8, 28, 28
undirected-random-small, 70000, undirected-random-small, 160000, 10, 21, 33
undirected-random-small, 70000, undirected-random-small, 160000, 15, 25, 24
undirected-random-small, 70000, undirected-random-small, 160000, 8, 25, 31
undirected-random-small, 70000, undirected-random-small, 170000, 10, 21, 33
undirected-random-small, 70000, undirected-random-small, 170000, 6, 29, 29
undirected-random-small, 70000, undirected-random-small, 180000, 3, 29, 32
undirected-random-small, 70000, undirected-random-small, 180000, 6, 29, 29
undirected-random-small, 70000, undirected-random-small, 180000, 7, 30, 27
undirected-random-small, 70000, undirected-random-small, 190000, 6, 27, 31
undirected-random-small, 70000, undirected-random-small, 20000, 54, 3, 7
undirected-random-small, 70000, undirected-random-small, 20000, 56, 1, 7
undirected-random-small, 70000, undirected-random-small, 20000, 56, 1, 7
undirected-random-small, 70000, undirected-random-small, 20000, 57, 1, 6
undirected-random-small, 70000, undirected-random-small, 20000, 57, 1, 6
undirected-random-small, 70000, undirected-random-small, 20000, 59, 0, 5
undirected-random-small, 70000, undirected-random-small, 200000, 16, 23, 25
undirected-random-small, 70000, undirected-random-small, 200000, 5, 24, 35
undirected-random-small, 70000, undirected-random-small, 200000, 8, 29, 27
undirected-random-small, 70000, undirected-random-small, 220000, 7, 23, 34
undirected-random-small, 70000, undirected-random-small, 270000, 7, 30, 27
undirected-random-small, 70000, undirected-random-small, 280000, 14, 24, 26
undirected-random-small, 70000, undirected-random-small, 30000, 42, 6, 16
undirected-random-small, 70000, undirected-random-small, 30000, 47, 4, 13
undirected-random-small, 70000, undirected-random-small, 30000, 50, 1, 13
undirected-random-small, 70000, undirected-random-small, 40000, 26, 3, 35
undirected-random-small, 70000, undirected-random-small, 40000, 26, 4, 34
undirected-random-small, 70000, undirected-random-small, 40000, 29, 8, 27
undirected-random-small, 70000, undirected-random-small, 40000, 33, 7, 24
undirected-random-small, 70000, undirected-random-small, 40000, 34, 4, 26
undirected-random-small, 70000, undirected-random-small, 40000, 37, 3, 24
undirected-random-small, 70000, undirected-random-small, 40000, 38, 4, 22
undirected-random-small, 70000, undirected-random-small, 50000, 24, 5, 35
undirected-random-small, 70000, undirected-random-small, 50000, 30, 4, 30
undirected-random-small, 70000, undirected-random-small, 50000, 32, 3, 29
undirected-random-small, 70000, undirected-random-small, 50000, 32, 5, 27
undirected-random-small, 70000, undirected-random-small, 50000, 34, 1, 29
undirected-random-small, 70000, undirected-random-small, 50000, 34, 6, 24
undirected-random-small, 70000, undirected-random-small, 50000, 38, 8, 18
undirected-random-small, 70000, undirected-random-small, 50000, 39, 1, 24
undirected-random-small, 70000, undirected-random-small, 50000, 43, 1, 20
undirected-random-small, 70000, undirected-random-small, 60000, 34, 1, 29
undirected-random-small, 70000, undirected-random-small, 80000, 17, 9, 38
undirected-random-small, 70000, undirected-random-small, 80000, 18, 11, 35
undirected-random-small, 70000, undirected-random-small, 80000, 19, 11, 34
undirected-random-small, 70000, undirected-random-small, 80000, 20, 16, 28
undirected-random-small, 70000, undirected-random-small, 80000, 22, 15, 27
undirected-random-small, 70000, undirected-random-small, 80000, 24, 12, 28
undirected-random-small, 70000, undirected-random-small, 80000, 24, 13, 27
undirected-random-small, 70000, undirected-random-small, 90000, 14, 18, 32
undirected-random-small, 70000, undirected-random-small, 90000, 15, 17, 32
undirected-random-small, 70000, undirected-random-small, 90000, 15, 21, 28
undirected-random-small, 70000, undirected-random-small, 90000, 17, 15, 32
undirected-random-small, 70000, undirected-random-small, 90000, 21, 13, 30
undirected-random-small, 70000, undirected-random-small, 90000, 21, 15, 28
undirected-random-small, 70000, undirected-random-small, 90000, 9, 18, 37
undirected-random-small, 80000, undirected-random-small, 0, 64, 0, 0
undirected-random-small, 80000, undirected-random-small, 0, 64, 0, 0
undirected-random-small, 80000, undirected-random-small, 0, 64, 0, 0
undirected-random-small, 80000, undirected-random-small, 0, 64, 0, 0
undirected-random-small, 80000, undirected-random-small, 0, 64, 0, 0
undirected-random-small, 80000, undirected-random-small, 10000, 60, 0, 4
undirected-random-small, 80000, undirected-random-small, 10000, 61, 2, 1
undirected-random-small, 80000, undirected-random-small, 100000, 10, 27, 27
undirected-random-small, 80000, undirected-random-small, 100000, 11, 23, 30
undirected-random-small, 80000, undirected-random-small, 100000, 13, 17, 34
undirected-random-small, 80000, undirected-random-small, 100000, 13, 29, 22
undirected-random-small, 80000, undirected-random-small, 100000, 14, 24, 26
undirected-random-small, 80000, undirected-random-small, 110000, 11, 15, 38
undirected-random-small, 80000, undirected-random-small, 110000, 12, 17, 35
undirected-random-small, 80000, undirected-random-small, 110000, 14, 18, 32
undirected-random-small, 80000, undirected-random-small, 110000, 8, 25, 31
undirected-random-small, 80000, undirected-random-small, 110000, 9, 22, 33
undirected-random-small, 80000, undirected-random-small, 120000, 11, 16, 37
undirected-random-small, 80000, undirected-random-small, 120000, 11, 18, 35
undirected-random-small, 80000, undirected-random-small, 120000, 11, 23, 30
undirected-random-small, 80000, undirected-random-small, 120000, 5, 22, 37
undirected-random-small, 80000, undirected-random-small, 120000, 6, 25, 33
undirected-random-small, 80000, undirected-random-small, 130000, 4, 23, 37
undirected-random-small, 80000, undirected-random-small, 130000, 4, 25, 35
undirected-random-small, 80000, undirected-random-small, 130000, 8, 9, 47
undirected-random-small, 80000, undirected-random-small, 150000, 9, 20, 35
undirected-random-small, 80000, undirected-random-small, 150000, 9, 25, 30
undirected-random-small, 80000, undirected-random-small, 170000, 10, 20, 34
undirected-random-small, 80000, undirected-random-small, 180000, 3, 28, 33
undirected-random-small, 80000, undirected-random-small, 180000, 5, 21, 38
undirected-random-small, 80000, undirected-random-small, 180000, 6, 30, 28
undirected-random-small, 80000, undirected-random-small, 180000, 8, 16, 40
undirected-random-small, 80000, undirected-random-small, 190000, 11, 15, 38
undirected-random-small, 80000, undirected-random-small, 20000, 55, 3, 6
undirected-random-small, 80000, undirected-random-small, 20000, 56, 2, 6
undirected-random-small, 80000, undirected-random-small, 20000, 56, 2, 6
undirected-random-small, 80000, undirected-random-small, 20000, 56, 3, 5
undirected-random-small, 80000, undirected-random-small, 20000, 56, 4, 4
undirected-random-small, 80000, undirected-random-small, 20000, 59, 3, 2
undirected-random-small, 80000, undirected-random-small, 200000, 4, 21, 39
undirected-random-small, 80000, undirected-random-small, 200000, 6, 30, 28
undirected-random-small, 80000, undirected-random-small, 220000, 11, 17, 36
undirected-random-small, 80000, undirected-random-small, 290000, 11, 23, 30
undirected-random-small, 80000, undirected-random-small, 290000, 11, 31, 22
undirected-random-small, 80000, undirected-random-small, 30000, 43, 4, 17
undirected-random-small, 80000, undirected-random-small, 30000, 44, 8, 12
undirected-random-small, 80000, undirected-random-small, 30000, 47, 7, 10
undirected-random-small, 80000, undirected-random-small, 30000, 48, 4, 12
undirected-random-small, 80000, undirected-random-small, 40000, 45, 7, 12
undirected-random-small, 80000, undirected-random-small, 40000, 48, 7, 9
undirected-random-small, 80000, undirected-random-small, 50000, 30, 8, 26
undirected-random-small, 80000, undirected-random-small, 50000, 32, 6, 26
undirected-random-small, 80000, undirected-random-small, 50000, 32, 6, 26
undirected-random-small, 80000, undirected-random-small, 50000, 39, 4, 21
undirected-random-small, 80000, undirected-random-small, 50000, 39, 4, 21
undirected-random-small, 80000, undirected-random-small, 50000, 39, 6, 19
undirected-random-small, 80000, undirected-random-small, 50000, 42, 5, 17
undirected-random-small, 80000, undirected-random-small, 60000, 36, 8, 20
undirected-random-small, 80000, undirected-random-small, 60000, 38, 10, 16
undirected-random-small, 80000, undirected-random-small, 60000, 41, 3, 20
undirected-random-small, 80000, undirected-random-small, 60000, 45, 3, 16
undirected-random-small, 80000, undirected-random-small, 70000, 33, 5, 26
undirected-random-small, 80000, undirected-random-small, 70000, 33, 8, 23
undirected-random-small, 80000, undirected-random-small, 70000, 38, 6, 20
undirected-random-small, 80000, undirected-random-small, 70000, 39, 6, 19
undirected-random-small, 80000, undirected-random-small, 70000, 42, 6, 16
undirected-random-small, 80000, undirected-random-small, 70000, 43, 6, 15
undirected-random-small, 80000, undirected-random-small, 70000, 45, 6, 13
undirected-random-small, 80000, undirected-random-small, 90000, 13, 12, 39
undirected-random-small, 80000, undirected-random-small, 90000, 14, 17, 33
undirected-random-small, 80000, undirected-random-small, 90000, 14, 9, 41
undirected-random-small, 80000, undirected-random-small, 90000, 16, 6, 42
undirected-random-small, 80000, undirected-random-small, 90000, 9, 11, 44
undirected-random-small, 90000, undirected-random-small, 0, 64, 0, 0
undirected-random-small, 90000, undirected-random-small, 0, 64, 0, 0
undirected-random-small, 90000, undirected-random-small, 0, 64, 0, 0
undirected-random-small, 90000, undirected-random-small, 10000, 62, 0, 2
undirected-random-small, 90000, undirected-random-small, 10000, 63, 0, 1
undirected-random-small, 90000, undirected-random-small, 100000, 14, 17, 33
undirected-random-small, 90000, undirected-random-small, 100000, 16, 15, 33
undirected-random-small, 90000, undirected-random-small, 110000, 11, 25, 28
undirected-random-small, 90000, undirected-random-small, 120000, 15, 11, 38
undirected-random-small, 90000, undirected-random-small, 130000, 11, 18, 35
undirected-random-small, 90000, undirected-random-small, 140000, 15, 15, 34
undirected-random-small, 90000, undirected-random-small, 150000, 7, 18, 39
undirected-random-small, 90000, undirected-random-small, 160000, 1, 29, 34
undirected-random-small, 90000, undirected-random-small, 160000, 6, 18, 40
undirected-random-small, 90000, undirected-random-small, 170000, 13, 19, 32
undirected-random-small, 90000, undirected-random-small, 170000, 14, 18, 32
undirected-random-small, 90000, undirected-random-small, 170000, 7, 24, 33
undirected-random-small, 90000, undirected-random-small, 180000, 6, 25, 33
undirected-random-small, 90000, undirected-random-small, 190000, 5, 21, 38
undirected-random-small, 90000, undirected-random-small, 20000, 49, 4, 11
undirected-random-small, 90000, undirected-random-small, 20000, 53, 4, 7
undirected-random-small, 90000, undirected-random-small, 20000, 55, 2, 7
undirected-random-small, 90000, undirected-random-small, 20000, 56, 2, 6
undirected-random-small, 90000, undirected-random-small, 20000, 57, 2, 5
undirected-random-small, 90000, undirected-random-small, 200000, 4, 24, 36
undirected-random-small, 90000, undirected-random-small, 220000, 6, 20, 38
undirected-random-small, 90000, undirected-random-small, 230000, 6, 21, 37
undirected-random-small, 90000, undirected-random-small, 250000, 13, 23, 28
undirected-random-small, 90000, undirected-random-small, 290000, 4, 31, 29
undirected-random-small, 90000, undirected-random-small, 30000, 45, 2, 17
undirected-random-small, 90000, undirected-random-small, 30000, 47, 1, 16
undirected-random-small, 90000, undirected-random-small, 30000, 48, 0, 16
undirected-random-small, 90000, undirected-random-small, 30000, 50, 0, 14
undirected-random-small, 90000, undirected-random-small, 40000, 46, 2, 16
undirected-random-small, 90000, undirected-random-small, 40000, 46, 3, 15
undirected-random-small, 90000, undirected-random-small, 40000, 48, 2, 14
undirected-random-small, 90000, undirected-random-small, 50000, 38, 5, 21
undirected-random-small, 90000, undirected-random-small, 50000, 41, 4, 19
undirected-random-small, 90000, undirected-random-small, 50000, 43, 5, 16
undirected-random-small, 90000, undirected-random-small, 50000, 43, 8, 13
undirected-random-small, 90000, undirected-random-small, 50000, 46, 3, 15
undirected-random-small, 90000, undirected-random-small, 50000, 46, 6, 12
undirected-random-small, 90000, undirected-random-small, 60000, 41, 5, 18
undirected-random-small, 90000, undirected-random-small, 60000, 47, 3, 14
undirected-random-small, 90000, undirected-random-small, 70000, 32, 9, 23
undirected-random-small, 90000, undirected-random-small, 70000, 34, 11, 19
undirected-random-small, 90000, undirected-random-small, 70000, 34, 13, 17
undirected-random-small, 90000, undirected-random-small, 70000, 39, 4, 21
undirected-random-small, 90000, undirected-random-small, 70000, 39, 9, 16
undirected-random-small, 90000, undirected-random-small, 70000, 40, 8, 16
undirected-random-small, 90000, undirected-random-small, 70000, 41, 7, 16
undirected-random-small, 90000, undirected-random-small, 80000, 21, 11, 32
undirected-random-small, 90000, undirected-random-small, 80000, 29, 10, 25
undirected-random-small, 90000, undirected-random-small, 80000, 29, 4, 31
undirected-random-small, 90000, undirected-random-small, 80000, 31, 5, 28
undirected-random-small, 90000, undirected-random-small, 80000, 31, 6, 27
